[2026-08-02 00:54:50] local.ERROR: SQLSTATE[42S02]: Base table or view not found: 1146 Table 'pos_tb_nur.departments' doesn't exist (Connection: mysql, Host: 127.0.0.1, Port: 3306, Database: pos_tb_nur, SQL: select count(*) as aggregate from `departments`) {"userId":1,"exception":"[object] (Illuminate\\Database\\QueryException(code: 42S02): SQLSTATE[42S02]: Base table or view not found: 1146 Table 'pos_tb_nur.departments' doesn't exist (Connection: mysql, Host: 127.0.0.1, Port: 3306, Database: pos_tb_nur, SQL: select count(*) as aggregate from `departments`) at D:/Codingan/random/_client_projects/pos_tb_nur/webapp/vendor/laravel/framework/src/Illuminate/Database/Connection.php:838)
[stacktrace]
#0 D:/Codingan/random/_client_projects/pos_tb_nur/webapp/vendor/laravel/framework/src/Illuminate/Database/Connection.php(794): Illuminate/Database/Connection->runQueryCallback('select count(*)...', Array, Object(Closure))
#1 D:/Codingan/random/_client_projects/pos_tb_nur/webapp/vendor/laravel/framework/src/Illuminate/Database/Connection.php(411): Illuminate/Database/Connection->run('select count(*)...', Array, Object(Closure))
#2 D:/Codingan/random/_client_projects/pos_tb_nur/webapp/vendor/laravel/framework/src/Illuminate/Database/Query/Builder.php(3505): Illuminate/Database/Connection->select('select count(*)...', Array, true)
#3 D:/Codingan/random/_client_projects/pos_tb_nur/webapp/vendor/laravel/framework/src/Illuminate/Database/Query/Builder.php(3490): Illuminate/Database/Query/Builder->runSelect()
#4 D:/Codingan/random/_client_projects/pos_tb_nur/webapp/vendor/laravel/framework/src/Illuminate/Database/Query/Builder.php(4080): Illuminate/Database/Query/Builder->Illuminate/Database/Query/{closure}()
#5 D:/Codingan/random/_client_projects/pos_tb_nur/webapp/vendor/laravel/framework/src/Illuminate/Database/Query/Builder.php(3489): Illuminate/Database/Query/Builder->onceWithColumns(Array, Object(Closure))
#6 D:/Codingan/random/_client_projects/pos_tb_nur/webapp/vendor/laravel/framework/src/Illuminate/Database/Query/Builder.php(3684): Illuminate/Database/Query/Builder->get()
#7 D:/Codingan/random/_client_projects/pos_tb_nur/webapp/vendor/laravel/framework/src/Illuminate/Database/Query/Builder.php(3643): Illuminate/Database/Query/Builder->runPaginationCountQuery(Array)
#8 D:/Codingan/random/_client_projects/pos_tb_nur/webapp/vendor/laravel/framework/src/Illuminate/Database/Eloquent/Builder.php(1120): Illuminate/Database/Query/Builder->getCountForPagination()
#9 D:/Codingan/random/_client_projects/pos_tb_nur/webapp/app/Support/Backend/BackendResourceIndexQuery.php(110): Illuminate/Database/Eloquent/Builder->paginate(25)
#10 D:/Codingan/random/_client_projects/pos_tb_nur/webapp/app/Http/Controllers/Api/BackendResourceController.php(46): App/Support/Backend/BackendResourceIndexQuery->paginate(Object(App/Support/Backend/BackendResourceBlueprint), Array)
#11 D:/Codingan/random/_client_projects/pos_tb_nur/webapp/vendor/laravel/framework/src/Illuminate/Routing/ControllerDispatcher.php(46): App/Http/Controllers/Api/BackendResourceController->index(Object(App/Http/Requests/Api/Backend/BackendResourceIndexRequest), 'departments')
#12 D:/Codingan/random/_client_projects/pos_tb_nur/webapp/vendor/laravel/framework/src/Illuminate/Routing/Route.php(265): Illuminate/Routing/ControllerDispatcher->dispatch(Object(Illuminate/Routing/Route), Object(App/Http/Controllers/Api/BackendResourceController), 'index')
#13 D:/Codingan/random/_client_projects/pos_tb_nur/webapp/vendor/laravel/framework/src/Illuminate/Routing/Route.php(211): Illuminate/Routing/Route->runController()
#14 D:/Codingan/random/_client_projects/pos_tb_nur/webapp/vendor/laravel/framework/src/Illuminate/Routing/Router.php(822): Illuminate/Routing/Route->run()
#15 D:/Codingan/random/_client_projects/pos_tb_nur/webapp/vendor/laravel/framework/src/Illuminate/Pipeline/Pipeline.php(180): Illuminate/Routing/Router->Illuminate/Routing/{closure}(Object(Illuminate/Http/Request))
#16 D:/Codingan/random/_client_projects/pos_tb_nur/webapp/app/Http/Middleware/SecureHeaders.php(16): Illuminate/Pipeline/Pipeline->Illuminate/Pipeline/{closure}(Object(Illuminate/Http/Request))
#17 D:/Codingan/random/_client_projects/pos_tb_nur/webapp/vendor/laravel/framework/src/Illuminate/Pipeline/Pipeline.php(219): App/Http/Middleware/SecureHeaders->handle(Object(Illuminate/Http/Request), Object(Closure))
#18 D:/Codingan/random/_client_projects/pos_tb_nur/webapp/vendor/inertiajs/inertia-laravel/src/Middleware.php(138): Illuminate/Pipeline/Pipeline->Illuminate/Pipeline/{closure}(Object(Illuminate/Http/Request))
#19 D:/Codingan/random/_client_projects/pos_tb_nur/webapp/vendor/laravel/framework/src/Illuminate/Pipeline/Pipeline.php(219): Inertia/Middleware->handle(Object(Illuminate/Http/Request), Object(Closure))
#20 D:/Codingan/random/_client_projects/pos_tb_nur/webapp/vendor/laravel/framework/src/Illuminate/Foundation/Http/Middleware/VerifyCsrfToken.php(87): Illuminate/Pipeline/Pipeline->Illuminate/Pipeline/{closure}(Object(Illuminate/Http/Request))
#21 D:/Codingan/random/_client_projects/pos_tb_nur/webapp/vendor/laravel/framework/src/Illuminate/Pipeline/Pipeline.php(219): Illuminate/Foundation/Http/Middleware/VerifyCsrfToken->handle(Object(Illuminate/Http/Request), Object(Closure))
#22 D:/Codingan/random/_client_projects/pos_tb_nur/webapp/vendor/laravel/framework/src/Illuminate/Routing/Middleware/SubstituteBindings.php(50): Illuminate/Pipeline/Pipeline->Illuminate/Pipeline/{closure}(Object(Illuminate/Http/Request))
#23 D:/Codingan/random/_client_projects/pos_tb_nur/webapp/vendor/laravel/framework/src/Illuminate/Pipeline/Pipeline.php(219): Illuminate/Routing/Middleware/SubstituteBindings->handle(Object(Illuminate/Http/Request), Object(Closure))
#24 D:/Codingan/random/_client_projects/pos_tb_nur/webapp/vendor/laravel/framework/src/Illuminate/Routing/Middleware/ThrottleRequests.php(166): Illuminate/Pipeline/Pipeline->Illuminate/Pipeline/{closure}(Object(Illuminate/Http/Request))
#25 D:/Codingan/random/_client_projects/pos_tb_nur/webapp/vendor/laravel/framework/src/Illuminate/Routing/Middleware/ThrottleRequests.php(129): Illuminate/Routing/Middleware/ThrottleRequests->handleRequest(Object(Illuminate/Http/Request), Object(Closure), Array)
#26 D:/Codingan/random/_client_projects/pos_tb_nur/webapp/vendor/laravel/framework/src/Illuminate/Routing/Middleware/ThrottleRequests.php(90): Illuminate/Routing/Middleware/ThrottleRequests->handleRequestUsingNamedLimiter(Object(Illuminate/Http/Request), Object(Closure), 'api', Object(Closure))
#27 D:/Codingan/random/_client_projects/pos_tb_nur/webapp/vendor/laravel/framework/src/Illuminate/Pipeline/Pipeline.php(219): Illuminate/Routing/Middleware/ThrottleRequests->handle(Object(Illuminate/Http/Request), Object(Closure), 'api')
#28 D:/Codingan/random/_client_projects/pos_tb_nur/webapp/vendor/laravel/framework/src/Illuminate/Auth/Middleware/Authenticate.php(63): Illuminate/Pipeline/Pipeline->Illuminate/Pipeline/{closure}(Object(Illuminate/Http/Request))
#29 D:/Codingan/random/_client_projects/pos_tb_nur/webapp/vendor/laravel/framework/src/Illuminate/Pipeline/Pipeline.php(219): Illuminate/Auth/Middleware/Authenticate->handle(Object(Illuminate/Http/Request), Object(Closure))
#30 D:/Codingan/random/_client_projects/pos_tb_nur/webapp/vendor/laravel/framework/src/Illuminate/View/Middleware/ShareErrorsFromSession.php(48): Illuminate/Pipeline/Pipeline->Illuminate/Pipeline/{closure}(Object(Illuminate/Http/Request))
#31 D:/Codingan/random/_client_projects/pos_tb_nur/webapp/vendor/laravel/framework/src/Illuminate/Pipeline/Pipeline.php(219): Illuminate/View/Middleware/ShareErrorsFromSession->handle(Object(Illuminate/Http/Request), Object(Closure))
#32 D:/Codingan/random/_client_projects/pos_tb_nur/webapp/vendor/laravel/framework/src/Illuminate/Session/Middleware/StartSession.php(120): Illuminate/Pipeline/Pipeline->Illuminate/Pipeline/{closure}(Object(Illuminate/Http/Request))
#33 D:/Codingan/random/_client_projects/pos_tb_nur/webapp/vendor/laravel/framework/src/Illuminate/Session/Middleware/StartSession.php(63): Illuminate/Session/Middleware/StartSession->handleStatefulRequest(Object(Illuminate/Http/Request), Object(Illuminate/Session/Store), Object(Closure))
#34 D:/Codingan/random/_client_projects/pos_tb_nur/webapp/vendor/laravel/framework/src/Illuminate/Pipeline/Pipeline.php(219): Illuminate/Session/Middleware/StartSession->handle(Object(Illuminate/Http/Request), Object(Closure))
#35 D:/Codingan/random/_client_projects/pos_tb_nur/webapp/vendor/laravel/framework/src/Illuminate/Cookie/Middleware/AddQueuedCookiesToResponse.php(36): Illuminate/Pipeline/Pipeline->Illuminate/Pipeline/{closure}(Object(Illuminate/Http/Request))
#36 D:/Codingan/random/_client_projects/pos_tb_nur/webapp/vendor/laravel/framework/src/Illuminate/Pipeline/Pipeline.php(219): Illuminate/Cookie/Middleware/AddQueuedCookiesToResponse->handle(Object(Illuminate/Http/Request), Object(Closure))
#37 D:/Codingan/random/_client_projects/pos_tb_nur/webapp/vendor/laravel/framework/src/Illuminate/Cookie/Middleware/EncryptCookies.php(74): Illuminate/Pipeline/Pipeline->Illuminate/Pipeline/{closure}(Object(Illuminate/Http/Request))
#38 D:/Codingan/random/_client_projects/pos_tb_nur/webapp/vendor/laravel/framework/src/Illuminate/Pipeline/Pipeline.php(219): Illuminate/Cookie/Middleware/EncryptCookies->handle(Object(Illuminate/Http/Request), Object(Closure))
#39 D:/Codingan/random/_client_projects/pos_tb_nur/webapp/vendor/laravel/framework/src/Illuminate/Pipeline/Pipeline.php(137): Illuminate/Pipeline/Pipeline->Illuminate/Pipeline/{closure}(Object(Illuminate/Http/Request))
#40 D:/Codingan/random/_client_projects/pos_tb_nur/webapp/vendor/laravel/framework/src/Illuminate/Routing/Router.php(821): Illuminate/Pipeline/Pipeline->then(Object(Closure))
#41 D:/Codingan/random/_client_projects/pos_tb_nur/webapp/vendor/laravel/framework/src/Illuminate/Routing/Router.php(800): Illuminate/Routing/Router->runRouteWithinStack(Object(Illuminate/Routing/Route), Object(Illuminate/Http/Request))
#42 D:/Codingan/random/_client_projects/pos_tb_nur/webapp/vendor/laravel/framework/src/Illuminate/Routing/Router.php(764): Illuminate/Routing/Router->runRoute(Object(Illuminate/Http/Request), Object(Illuminate/Routing/Route))
#43 D:/Codingan/random/_client_projects/pos_tb_nur/webapp/vendor/laravel/framework/src/Illuminate/Routing/Router.php(753): Illuminate/Routing/Router->dispatchToRoute(Object(Illuminate/Http/Request))
#44 D:/Codingan/random/_client_projects/pos_tb_nur/webapp/vendor/laravel/framework/src/Illuminate/Foundation/Http/Kernel.php(200): Illuminate/Routing/Router->dispatch(Object(Illuminate/Http/Request))
#45 D:/Codingan/random/_client_projects/pos_tb_nur/webapp/vendor/laravel/framework/src/Illuminate/Pipeline/Pipeline.php(180): Illuminate/Foundation/Http/Kernel->Illuminate/Foundation/Http/{closure}(Object(Illuminate/Http/Request))
#46 D:/Codingan/random/_client_projects/pos_tb_nur/webapp/vendor/inertiajs/inertia-laravel/src/Middleware/EnsureGetOnRedirect.php(19): Illuminate/Pipeline/Pipeline->Illuminate/Pipeline/{closure}(Object(Illuminate/Http/Request))
#47 D:/Codingan/random/_client_projects/pos_tb_nur/webapp/vendor/laravel/framework/src/Illuminate/Pipeline/Pipeline.php(219): Inertia/Middleware/EnsureGetOnRedirect->handle(Object(Illuminate/Http/Request), Object(Closure))
#48 D:/Codingan/random/_client_projects/pos_tb_nur/webapp/vendor/laravel/framework/src/Illuminate/Foundation/Http/Middleware/TransformsRequest.php(21): Illuminate/Pipeline/Pipeline->Illuminate/Pipeline/{closure}(Object(Illuminate/Http/Request))
#49 D:/Codingan/random/_client_projects/pos_tb_nur/webapp/vendor/laravel/framework/src/Illuminate/Foundation/Http/Middleware/ConvertEmptyStringsToNull.php(31): Illuminate/Foundation/Http/Middleware/TransformsRequest->handle(Object(Illuminate/Http/Request), Object(Closure))
#50 D:/Codingan/random/_client_projects/pos_tb_nur/webapp/vendor/laravel/framework/src/Illuminate/Pipeline/Pipeline.php(219): Illuminate/Foundation/Http/Middleware/ConvertEmptyStringsToNull->handle(Object(Illuminate/Http/Request), Object(Closure))
#51 D:/Codingan/random/_client_projects/pos_tb_nur/webapp/vendor/laravel/framework/src/Illuminate/Foundation/Http/Middleware/TransformsRequest.php(21): Illuminate/Pipeline/Pipeline->Illuminate/Pipeline/{closure}(Object(Illuminate/Http/Request))
#52 D:/Codingan/random/_client_projects/pos_tb_nur/webapp/vendor/laravel/framework/src/Illuminate/Foundation/Http/Middleware/TrimStrings.php(51): Illuminate/Foundation/Http/Middleware/TransformsRequest->handle(Object(Illuminate/Http/Request), Object(Closure))
#53 D:/Codingan/random/_client_projects/pos_tb_nur/webapp/vendor/laravel/framework/src/Illuminate/Pipeline/Pipeline.php(219): Illuminate/Foundation/Http/Middleware/TrimStrings->handle(Object(Illuminate/Http/Request), Object(Closure))
#54 D:/Codingan/random/_client_projects/pos_tb_nur/webapp/vendor/laravel/framework/src/Illuminate/Http/Middleware/ValidatePostSize.php(27): Illuminate/Pipeline/Pipeline->Illuminate/Pipeline/{closure}(Object(Illuminate/Http/Request))
#55 D:/Codingan/random/_client_projects/pos_tb_nur/webapp/vendor/laravel/framework/src/Illuminate/Pipeline/Pipeline.php(219): Illuminate/Http/Middleware/ValidatePostSize->handle(Object(Illuminate/Http/Request), Object(Closure))
#56 D:/Codingan/random/_client_projects/pos_tb_nur/webapp/vendor/laravel/framework/src/Illuminate/Foundation/Http/Middleware/PreventRequestsDuringMaintenance.php(109): Illuminate/Pipeline/Pipeline->Illuminate/Pipeline/{closure}(Object(Illuminate/Http/Request))
#57 D:/Codingan/random/_client_projects/pos_tb_nur/webapp/vendor/laravel/framework/src/Illuminate/Pipeline/Pipeline.php(219): Illuminate/Foundation/Http/Middleware/PreventRequestsDuringMaintenance->handle(Object(Illuminate/Http/Request), Object(Closure))
#58 D:/Codingan/random/_client_projects/pos_tb_nur/webapp/vendor/laravel/framework/src/Illuminate/Http/Middleware/HandleCors.php(74): Illuminate/Pipeline/Pipeline->Illuminate/Pipeline/{closure}(Object(Illuminate/Http/Request))
#59 D:/Codingan/random/_client_projects/pos_tb_nur/webapp/vendor/laravel/framework/src/Illuminate/Pipeline/Pipeline.php(219): Illuminate/Http/Middleware/HandleCors->handle(Object(Illuminate/Http/Request), Object(Closure))
#60 D:/Codingan/random/_client_projects/pos_tb_nur/webapp/vendor/laravel/framework/src/Illuminate/Http/Middleware/TrustProxies.php(58): Illuminate/Pipeline/Pipeline->Illuminate/Pipeline/{closure}(Object(Illuminate/Http/Request))
#61 D:/Codingan/random/_client_projects/pos_tb_nur/webapp/vendor/laravel/framework/src/Illuminate/Pipeline/Pipeline.php(219): Illuminate/Http/Middleware/TrustProxies->handle(Object(Illuminate/Http/Request), Object(Closure))
#62 D:/Codingan/random/_client_projects/pos_tb_nur/webapp/vendor/laravel/framework/src/Illuminate/Foundation/Http/Middleware/InvokeDeferredCallbacks.php(22): Illuminate/Pipeline/Pipeline->Illuminate/Pipeline/{closure}(Object(Illuminate/Http/Request))
#63 D:/Codingan/random/_client_projects/pos_tb_nur/webapp/vendor/laravel/framework/src/Illuminate/Pipeline/Pipeline.php(219): Illuminate/Foundation/Http/Middleware/InvokeDeferredCallbacks->handle(Object(Illuminate/Http/Request), Object(Closure))
#64 D:/Codingan/random/_client_projects/pos_tb_nur/webapp/vendor/laravel/framework/src/Illuminate/Http/Middleware/ValidatePathEncoding.php(26): Illuminate/Pipeline/Pipeline->Illuminate/Pipeline/{closure}(Object(Illuminate/Http/Request))
#65 D:/Codingan/random/_client_projects/pos_tb_nur/webapp/vendor/laravel/framework/src/Illuminate/Pipeline/Pipeline.php(219): Illuminate/Http/Middleware/ValidatePathEncoding->handle(Object(Illuminate/Http/Request), Object(Closure))
#66 D:/Codingan/random/_client_projects/pos_tb_nur/webapp/vendor/laravel/framework/src/Illuminate/Pipeline/Pipeline.php(137): Illuminate/Pipeline/Pipeline->Illuminate/Pipeline/{closure}(Object(Illuminate/Http/Request))
#67 D:/Codingan/random/_client_projects/pos_tb_nur/webapp/vendor/laravel/framework/src/Illuminate/Foundation/Http/Kernel.php(175): Illuminate/Pipeline/Pipeline->then(Object(Closure))
#68 D:/Codingan/random/_client_projects/pos_tb_nur/webapp/vendor/laravel/framework/src/Illuminate/Foundation/Http/Kernel.php(144): Illuminate/Foundation/Http/Kernel->sendRequestThroughRouter(Object(Illuminate/Http/Request))
#69 D:/Codingan/random/_client_projects/pos_tb_nur/webapp/vendor/laravel/framework/src/Illuminate/Foundation/Application.php(1220): Illuminate/Foundation/Http/Kernel->handle(Object(Illuminate/Http/Request))
#70 D:/Codingan/random/_client_projects/pos_tb_nur/webapp/public/index.php(20): Illuminate/Foundation/Application->handleRequest(Object(Illuminate/Http/Request))
#71 D:/Codingan/random/_client_projects/pos_tb_nur/webapp/vendor/laravel/framework/src/Illuminate/Foundation/resources/server.php(23): require_once('D://Codingan//ran...')
#72 {main}

[previous exception] [object] (PDOException(code: 42S02): SQLSTATE[42S02]: Base table or view not found: 1146 Table 'pos_tb_nur.departments' doesn't exist at D:/Codingan/random/_client_projects/pos_tb_nur/webapp/vendor/laravel/framework/src/Illuminate/Database/Connection.php:420)
[stacktrace]
#0 D:/Codingan/random/_client_projects/pos_tb_nur/webapp/vendor/laravel/framework/src/Illuminate/Database/Connection.php(420): PDO->prepare('select count(*)...')
#1 D:/Codingan/random/_client_projects/pos_tb_nur/webapp/vendor/laravel/framework/src/Illuminate/Database/Connection.php(827): Illuminate/Database/Connection->Illuminate/Database/{closure}('select count(*)...', Array)
#2 D:/Codingan/random/_client_projects/pos_tb_nur/webapp/vendor/laravel/framework/src/Illuminate/Database/Connection.php(794): Illuminate/Database/Connection->runQueryCallback('select count(*)...', Array, Object(Closure))
#3 D:/Codingan/random/_client_projects/pos_tb_nur/webapp/vendor/laravel/framework/src/Illuminate/Database/Connection.php(411): Illuminate/Database/Connection->run('select count(*)...', Array, Object(Closure))
#4 D:/Codingan/random/_client_projects/pos_tb_nur/webapp/vendor/laravel/framework/src/Illuminate/Database/Query/Builder.php(3505): Illuminate/Database/Connection->select('select count(*)...', Array, true)
#5 D:/Codingan/random/_client_projects/pos_tb_nur/webapp/vendor/laravel/framework/src/Illuminate/Database/Query/Builder.php(3490): Illuminate/Database/Query/Builder->runSelect()
#6 D:/Codingan/random/_client_projects/pos_tb_nur/webapp/vendor/laravel/framework/src/Illuminate/Database/Query/Builder.php(4080): Illuminate/Database/Query/Builder->Illuminate/Database/Query/{closure}()
#7 D:/Codingan/random/_client_projects/pos_tb_nur/webapp/vendor/laravel/framework/src/Illuminate/Database/Query/Builder.php(3489): Illuminate/Database/Query/Builder->onceWithColumns(Array, Object(Closure))
#8 D:/Codingan/random/_client_projects/pos_tb_nur/webapp/vendor/laravel/framework/src/Illuminate/Database/Query/Builder.php(3684): Illuminate/Database/Query/Builder->get()
#9 D:/Codingan/random/_client_projects/pos_tb_nur/webapp/vendor/laravel/framework/src/Illuminate/Database/Query/Builder.php(3643): Illuminate/Database/Query/Builder->runPaginationCountQuery(Array)
#10 D:/Codingan/random/_client_projects/pos_tb_nur/webapp/vendor/laravel/framework/src/Illuminate/Database/Eloquent/Builder.php(1120): Illuminate/Database/Query/Builder->getCountForPagination()
#11 D:/Codingan/random/_client_projects/pos_tb_nur/webapp/app/Support/Backend/BackendResourceIndexQuery.php(110): Illuminate/Database/Eloquent/Builder->paginate(25)
#12 D:/Codingan/random/_client_projects/pos_tb_nur/webapp/app/Http/Controllers/Api/BackendResourceController.php(46): App/Support/Backend/BackendResourceIndexQuery->paginate(Object(App/Support/Backend/BackendResourceBlueprint), Array)
#13 D:/Codingan/random/_client_projects/pos_tb_nur/webapp/vendor/laravel/framework/src/Illuminate/Routing/ControllerDispatcher.php(46): App/Http/Controllers/Api/BackendResourceController->index(Object(App/Http/Requests/Api/Backend/BackendResourceIndexRequest), 'departments')
#14 D:/Codingan/random/_client_projects/pos_tb_nur/webapp/vendor/laravel/framework/src/Illuminate/Routing/Route.php(265): Illuminate/Routing/ControllerDispatcher->dispatch(Object(Illuminate/Routing/Route), Object(App/Http/Controllers/Api/BackendResourceController), 'index')
#15 D:/Codingan/random/_client_projects/pos_tb_nur/webapp/vendor/laravel/framework/src/Illuminate/Routing/Route.php(211): Illuminate/Routing/Route->runController()
#16 D:/Codingan/random/_client_projects/pos_tb_nur/webapp/vendor/laravel/framework/src/Illuminate/Routing/Router.php(822): Illuminate/Routing/Route->run()
#17 D:/Codingan/random/_client_projects/pos_tb_nur/webapp/vendor/laravel/framework/src/Illuminate/Pipeline/Pipeline.php(180): Illuminate/Routing/Router->Illuminate/Routing/{closure}(Object(Illuminate/Http/Request))
#18 D:/Codingan/random/_client_projects/pos_tb_nur/webapp/app/Http/Middleware/SecureHeaders.php(16): Illuminate/Pipeline/Pipeline->Illuminate/Pipeline/{closure}(Object(Illuminate/Http/Request))
#19 D:/Codingan/random/_client_projects/pos_tb_nur/webapp/vendor/laravel/framework/src/Illuminate/Pipeline/Pipeline.php(219): App/Http/Middleware/SecureHeaders->handle(Object(Illuminate/Http/Request), Object(Closure))
#20 D:/Codingan/random/_client_projects/pos_tb_nur/webapp/vendor/inertiajs/inertia-laravel/src/Middleware.php(138): Illuminate/Pipeline/Pipeline->Illuminate/Pipeline/{closure}(Object(Illuminate/Http/Request))
#21 D:/Codingan/random/_client_projects/pos_tb_nur/webapp/vendor/laravel/framework/src/Illuminate/Pipeline/Pipeline.php(219): Inertia/Middleware->handle(Object(Illuminate/Http/Request), Object(Closure))
#22 D:/Codingan/random/_client_projects/pos_tb_nur/webapp/vendor/laravel/framework/src/Illuminate/Foundation/Http/Middleware/VerifyCsrfToken.php(87): Illuminate/Pipeline/Pipeline->Illuminate/Pipeline/{closure}(Object(Illuminate/Http/Request))
#23 D:/Codingan/random/_client_projects/pos_tb_nur/webapp/vendor/laravel/framework/src/Illuminate/Pipeline/Pipeline.php(219): Illuminate/Foundation/Http/Middleware/VerifyCsrfToken->handle(Object(Illuminate/Http/Request), Object(Closure))
#24 D:/Codingan/random/_client_projects/pos_tb_nur/webapp/vendor/laravel/framework/src/Illuminate/Routing/Middleware/SubstituteBindings.php(50): Illuminate/Pipeline/Pipeline->Illuminate/Pipeline/{closure}(Object(Illuminate/Http/Request))
#25 D:/Codingan/random/_client_projects/pos_tb_nur/webapp/vendor/laravel/framework/src/Illuminate/Pipeline/Pipeline.php(219): Illuminate/Routing/Middleware/SubstituteBindings->handle(Object(Illuminate/Http/Request), Object(Closure))
#26 D:/Codingan/random/_client_projects/pos_tb_nur/webapp/vendor/laravel/framework/src/Illuminate/Routing/Middleware/ThrottleRequests.php(166): Illuminate/Pipeline/Pipeline->Illuminate/Pipeline/{closure}(Object(Illuminate/Http/Request))
#27 D:/Codingan/random/_client_projects/pos_tb_nur/webapp/vendor/laravel/framework/src/Illuminate/Routing/Middleware/ThrottleRequests.php(129): Illuminate/Routing/Middleware/ThrottleRequests->handleRequest(Object(Illuminate/Http/Request), Object(Closure), Array)
#28 D:/Codingan/random/_client_projects/pos_tb_nur/webapp/vendor/laravel/framework/src/Illuminate/Routing/Middleware/ThrottleRequests.php(90): Illuminate/Routing/Middleware/ThrottleRequests->handleRequestUsingNamedLimiter(Object(Illuminate/Http/Request), Object(Closure), 'api', Object(Closure))
#29 D:/Codingan/random/_client_projects/pos_tb_nur/webapp/vendor/laravel/framework/src/Illuminate/Pipeline/Pipeline.php(219): Illuminate/Routing/Middleware/ThrottleRequests->handle(Object(Illuminate/Http/Request), Object(Closure), 'api')
#30 D:/Codingan/random/_client_projects/pos_tb_nur/webapp/vendor/laravel/framework/src/Illuminate/Auth/Middleware/Authenticate.php(63): Illuminate/Pipeline/Pipeline->Illuminate/Pipeline/{closure}(Object(Illuminate/Http/Request))
#31 D:/Codingan/random/_client_projects/pos_tb_nur/webapp/vendor/laravel/framework/src/Illuminate/Pipeline/Pipeline.php(219): Illuminate/Auth/Middleware/Authenticate->handle(Object(Illuminate/Http/Request), Object(Closure))
#32 D:/Codingan/random/_client_projects/pos_tb_nur/webapp/vendor/laravel/framework/src/Illuminate/View/Middleware/ShareErrorsFromSession.php(48): Illuminate/Pipeline/Pipeline->Illuminate/Pipeline/{closure}(Object(Illuminate/Http/Request))
#33 D:/Codingan/random/_client_projects/pos_tb_nur/webapp/vendor/laravel/framework/src/Illuminate/Pipeline/Pipeline.php(219): Illuminate/View/Middleware/ShareErrorsFromSession->handle(Object(Illuminate/Http/Request), Object(Closure))
#34 D:/Codingan/random/_client_projects/pos_tb_nur/webapp/vendor/laravel/framework/src/Illuminate/Session/Middleware/StartSession.php(120): Illuminate/Pipeline/Pipeline->Illuminate/Pipeline/{closure}(Object(Illuminate/Http/Request))
#35 D:/Codingan/random/_client_projects/pos_tb_nur/webapp/vendor/laravel/framework/src/Illuminate/Session/Middleware/StartSession.php(63): Illuminate/Session/Middleware/StartSession->handleStatefulRequest(Object(Illuminate/Http/Request), Object(Illuminate/Session/Store), Object(Closure))
#36 D:/Codingan/random/_client_projects/pos_tb_nur/webapp/vendor/laravel/framework/src/Illuminate/Pipeline/Pipeline.php(219): Illuminate/Session/Middleware/StartSession->handle(Object(Illuminate/Http/Request), Object(Closure))
#37 D:/Codingan/random/_client_projects/pos_tb_nur/webapp/vendor/laravel/framework/src/Illuminate/Cookie/Middleware/AddQueuedCookiesToResponse.php(36): Illuminate/Pipeline/Pipeline->Illuminate/Pipeline/{closure}(Object(Illuminate/Http/Request))
#38 D:/Codingan/random/_client_projects/pos_tb_nur/webapp/vendor/laravel/framework/src/Illuminate/Pipeline/Pipeline.php(219): Illuminate/Cookie/Middleware/AddQueuedCookiesToResponse->handle(Object(Illuminate/Http/Request), Object(Closure))
#39 D:/Codingan/random/_client_projects/pos_tb_nur/webapp/vendor/laravel/framework/src/Illuminate/Cookie/Middleware/EncryptCookies.php(74): Illuminate/Pipeline/Pipeline->Illuminate/Pipeline/{closure}(Object(Illuminate/Http/Request))
#40 D:/Codingan/random/_client_projects/pos_tb_nur/webapp/vendor/laravel/framework/src/Illuminate/Pipeline/Pipeline.php(219): Illuminate/Cookie/Middleware/EncryptCookies->handle(Object(Illuminate/Http/Request), Object(Closure))
#41 D:/Codingan/random/_client_projects/pos_tb_nur/webapp/vendor/laravel/framework/src/Illuminate/Pipeline/Pipeline.php(137): Illuminate/Pipeline/Pipeline->Illuminate/Pipeline/{closure}(Object(Illuminate/Http/Request))
#42 D:/Codingan/random/_client_projects/pos_tb_nur/webapp/vendor/laravel/framework/src/Illuminate/Routing/Router.php(821): Illuminate/Pipeline/Pipeline->then(Object(Closure))
#43 D:/Codingan/random/_client_projects/pos_tb_nur/webapp/vendor/laravel/framework/src/Illuminate/Routing/Router.php(800): Illuminate/Routing/Router->runRouteWithinStack(Object(Illuminate/Routing/Route), Object(Illuminate/Http/Request))
#44 D:/Codingan/random/_client_projects/pos_tb_nur/webapp/vendor/laravel/framework/src/Illuminate/Routing/Router.php(764): Illuminate/Routing/Router->runRoute(Object(Illuminate/Http/Request), Object(Illuminate/Routing/Route))
#45 D:/Codingan/random/_client_projects/pos_tb_nur/webapp/vendor/laravel/framework/src/Illuminate/Routing/Router.php(753): Illuminate/Routing/Router->dispatchToRoute(Object(Illuminate/Http/Request))
#46 D:/Codingan/random/_client_projects/pos_tb_nur/webapp/vendor/laravel/framework/src/Illuminate/Foundation/Http/Kernel.php(200): Illuminate/Routing/Router->dispatch(Object(Illuminate/Http/Request))
#47 D:/Codingan/random/_client_projects/pos_tb_nur/webapp/vendor/laravel/framework/src/Illuminate/Pipeline/Pipeline.php(180): Illuminate/Foundation/Http/Kernel->Illuminate/Foundation/Http/{closure}(Object(Illuminate/Http/Request))
#48 D:/Codingan/random/_client_projects/pos_tb_nur/webapp/vendor/inertiajs/inertia-laravel/src/Middleware/EnsureGetOnRedirect.php(19): Illuminate/Pipeline/Pipeline->Illuminate/Pipeline/{closure}(Object(Illuminate/Http/Request))
#49 D:/Codingan/random/_client_projects/pos_tb_nur/webapp/vendor/laravel/framework/src/Illuminate/Pipeline/Pipeline.php(219): Inertia/Middleware/EnsureGetOnRedirect->handle(Object(Illuminate/Http/Request), Object(Closure))
#50 D:/Codingan/random/_client_projects/pos_tb_nur/webapp/vendor/laravel/framework/src/Illuminate/Foundation/Http/Middleware/TransformsRequest.php(21): Illuminate/Pipeline/Pipeline->Illuminate/Pipeline/{closure}(Object(Illuminate/Http/Request))
#51 D:/Codingan/random/_client_projects/pos_tb_nur/webapp/vendor/laravel/framework/src/Illuminate/Foundation/Http/Middleware/ConvertEmptyStringsToNull.php(31): Illuminate/Foundation/Http/Middleware/TransformsRequest->handle(Object(Illuminate/Http/Request), Object(Closure))
#52 D:/Codingan/random/_client_projects/pos_tb_nur/webapp/vendor/laravel/framework/src/Illuminate/Pipeline/Pipeline.php(219): Illuminate/Foundation/Http/Middleware/ConvertEmptyStringsToNull->handle(Object(Illuminate/Http/Request), Object(Closure))
#53 D:/Codingan/random/_client_projects/pos_tb_nur/webapp/vendor/laravel/framework/src/Illuminate/Foundation/Http/Middleware/TransformsRequest.php(21): Illuminate/Pipeline/Pipeline->Illuminate/Pipeline/{closure}(Object(Illuminate/Http/Request))
#54 D:/Codingan/random/_client_projects/pos_tb_nur/webapp/vendor/laravel/framework/src/Illuminate/Foundation/Http/Middleware/TrimStrings.php(51): Illuminate/Foundation/Http/Middleware/TransformsRequest->handle(Object(Illuminate/Http/Request), Object(Closure))
#55 D:/Codingan/random/_client_projects/pos_tb_nur/webapp/vendor/laravel/framework/src/Illuminate/Pipeline/Pipeline.php(219): Illuminate/Foundation/Http/Middleware/TrimStrings->handle(Object(Illuminate/Http/Request), Object(Closure))
#56 D:/Codingan/random/_client_projects/pos_tb_nur/webapp/vendor/laravel/framework/src/Illuminate/Http/Middleware/ValidatePostSize.php(27): Illuminate/Pipeline/Pipeline->Illuminate/Pipeline/{closure}(Object(Illuminate/Http/Request))
#57 D:/Codingan/random/_client_projects/pos_tb_nur/webapp/vendor/laravel/framework/src/Illuminate/Pipeline/Pipeline.php(219): Illuminate/Http/Middleware/ValidatePostSize->handle(Object(Illuminate/Http/Request), Object(Closure))
#58 D:/Codingan/random/_client_projects/pos_tb_nur/webapp/vendor/laravel/framework/src/Illuminate/Foundation/Http/Middleware/PreventRequestsDuringMaintenance.php(109): Illuminate/Pipeline/Pipeline->Illuminate/Pipeline/{closure}(Object(Illuminate/Http/Request))
#59 D:/Codingan/random/_client_projects/pos_tb_nur/webapp/vendor/laravel/framework/src/Illuminate/Pipeline/Pipeline.php(219): Illuminate/Foundation/Http/Middleware/PreventRequestsDuringMaintenance->handle(Object(Illuminate/Http/Request), Object(Closure))
#60 D:/Codingan/random/_client_projects/pos_tb_nur/webapp/vendor/laravel/framework/src/Illuminate/Http/Middleware/HandleCors.php(74): Illuminate/Pipeline/Pipeline->Illuminate/Pipeline/{closure}(Object(Illuminate/Http/Request))
#61 D:/Codingan/random/_client_projects/pos_tb_nur/webapp/vendor/laravel/framework/src/Illuminate/Pipeline/Pipeline.php(219): Illuminate/Http/Middleware/HandleCors->handle(Object(Illuminate/Http/Request), Object(Closure))
#62 D:/Codingan/random/_client_projects/pos_tb_nur/webapp/vendor/laravel/framework/src/Illuminate/Http/Middleware/TrustProxies.php(58): Illuminate/Pipeline/Pipeline->Illuminate/Pipeline/{closure}(Object(Illuminate/Http/Request))
#63 D:/Codingan/random/_client_projects/pos_tb_nur/webapp/vendor/laravel/framework/src/Illuminate/Pipeline/Pipeline.php(219): Illuminate/Http/Middleware/TrustProxies->handle(Object(Illuminate/Http/Request), Object(Closure))
#64 D:/Codingan/random/_client_projects/pos_tb_nur/webapp/vendor/laravel/framework/src/Illuminate/Foundation/Http/Middleware/InvokeDeferredCallbacks.php(22): Illuminate/Pipeline/Pipeline->Illuminate/Pipeline/{closure}(Object(Illuminate/Http/Request))
#65 D:/Codingan/random/_client_projects/pos_tb_nur/webapp/vendor/laravel/framework/src/Illuminate/Pipeline/Pipeline.php(219): Illuminate/Foundation/Http/Middleware/InvokeDeferredCallbacks->handle(Object(Illuminate/Http/Request), Object(Closure))
#66 D:/Codingan/random/_client_projects/pos_tb_nur/webapp/vendor/laravel/framework/src/Illuminate/Http/Middleware/ValidatePathEncoding.php(26): Illuminate/Pipeline/Pipeline->Illuminate/Pipeline/{closure}(Object(Illuminate/Http/Request))
#67 D:/Codingan/random/_client_projects/pos_tb_nur/webapp/vendor/laravel/framework/src/Illuminate/Pipeline/Pipeline.php(219): Illuminate/Http/Middleware/ValidatePathEncoding->handle(Object(Illuminate/Http/Request), Object(Closure))
#68 D:/Codingan/random/_client_projects/pos_tb_nur/webapp/vendor/laravel/framework/src/Illuminate/Pipeline/Pipeline.php(137): Illuminate/Pipeline/Pipeline->Illuminate/Pipeline/{closure}(Object(Illuminate/Http/Request))
#69 D:/Codingan/random/_client_projects/pos_tb_nur/webapp/vendor/laravel/framework/src/Illuminate/Foundation/Http/Kernel.php(175): Illuminate/Pipeline/Pipeline->then(Object(Closure))
#70 D:/Codingan/random/_client_projects/pos_tb_nur/webapp/vendor/laravel/framework/src/Illuminate/Foundation/Http/Kernel.php(144): Illuminate/Foundation/Http/Kernel->sendRequestThroughRouter(Object(Illuminate/Http/Request))
#71 D:/Codingan/random/_client_projects/pos_tb_nur/webapp/vendor/laravel/framework/src/Illuminate/Foundation/Application.php(1220): Illuminate/Foundation/Http/Kernel->handle(Object(Illuminate/Http/Request))
#72 D:/Codingan/random/_client_projects/pos_tb_nur/webapp/public/index.php(20): Illuminate/Foundation/Application->handleRequest(Object(Illuminate/Http/Request))
#73 D:/Codingan/random/_client_projects/pos_tb_nur/webapp/vendor/laravel/framework/src/Illuminate/Foundation/resources/server.php(23): require_once('D://Codingan//ran...')
#74 {main}
"} 
[2026-08-02 00:54:56] local.ERROR: SQLSTATE[42S02]: Base table or view not found: 1146 Table 'pos_tb_nur.departments' doesn't exist (Connection: mysql, Host: 127.0.0.1, Port: 3306, Database: pos_tb_nur, SQL: select count(*) as aggregate from `departments`) {"userId":1,"exception":"[object] (Illuminate\\Database\\QueryException(code: 42S02): SQLSTATE[42S02]: Base table or view not found: 1146 Table 'pos_tb_nur.departments' doesn't exist (Connection: mysql, Host: 127.0.0.1, Port: 3306, Database: pos_tb_nur, SQL: select count(*) as aggregate from `departments`) at D:/Codingan/random/_client_projects/pos_tb_nur/webapp/vendor/laravel/framework/src/Illuminate/Database/Connection.php:838)
[stacktrace]
#0 D:/Codingan/random/_client_projects/pos_tb_nur/webapp/vendor/laravel/framework/src/Illuminate/Database/Connection.php(794): Illuminate/Database/Connection->runQueryCallback('select count(*)...', Array, Object(Closure))
#1 D:/Codingan/random/_client_projects/pos_tb_nur/webapp/vendor/laravel/framework/src/Illuminate/Database/Connection.php(411): Illuminate/Database/Connection->run('select count(*)...', Array, Object(Closure))
#2 D:/Codingan/random/_client_projects/pos_tb_nur/webapp/vendor/laravel/framework/src/Illuminate/Database/Query/Builder.php(3505): Illuminate/Database/Connection->select('select count(*)...', Array, true)
#3 D:/Codingan/random/_client_projects/pos_tb_nur/webapp/vendor/laravel/framework/src/Illuminate/Database/Query/Builder.php(3490): Illuminate/Database/Query/Builder->runSelect()
#4 D:/Codingan/random/_client_projects/pos_tb_nur/webapp/vendor/laravel/framework/src/Illuminate/Database/Query/Builder.php(4080): Illuminate/Database/Query/Builder->Illuminate/Database/Query/{closure}()
#5 D:/Codingan/random/_client_projects/pos_tb_nur/webapp/vendor/laravel/framework/src/Illuminate/Database/Query/Builder.php(3489): Illuminate/Database/Query/Builder->onceWithColumns(Array, Object(Closure))
#6 D:/Codingan/random/_client_projects/pos_tb_nur/webapp/vendor/laravel/framework/src/Illuminate/Database/Query/Builder.php(3684): Illuminate/Database/Query/Builder->get()
#7 D:/Codingan/random/_client_projects/pos_tb_nur/webapp/vendor/laravel/framework/src/Illuminate/Database/Query/Builder.php(3643): Illuminate/Database/Query/Builder->runPaginationCountQuery(Array)
#8 D:/Codingan/random/_client_projects/pos_tb_nur/webapp/vendor/laravel/framework/src/Illuminate/Database/Eloquent/Builder.php(1120): Illuminate/Database/Query/Builder->getCountForPagination()
#9 D:/Codingan/random/_client_projects/pos_tb_nur/webapp/app/Support/Backend/BackendResourceIndexQuery.php(110): Illuminate/Database/Eloquent/Builder->paginate(25)
#10 D:/Codingan/random/_client_projects/pos_tb_nur/webapp/app/Http/Controllers/Api/BackendResourceController.php(46): App/Support/Backend/BackendResourceIndexQuery->paginate(Object(App/Support/Backend/BackendResourceBlueprint), Array)
#11 D:/Codingan/random/_client_projects/pos_tb_nur/webapp/vendor/laravel/framework/src/Illuminate/Routing/ControllerDispatcher.php(46): App/Http/Controllers/Api/BackendResourceController->index(Object(App/Http/Requests/Api/Backend/BackendResourceIndexRequest), 'departments')
#12 D:/Codingan/random/_client_projects/pos_tb_nur/webapp/vendor/laravel/framework/src/Illuminate/Routing/Route.php(265): Illuminate/Routing/ControllerDispatcher->dispatch(Object(Illuminate/Routing/Route), Object(App/Http/Controllers/Api/BackendResourceController), 'index')
#13 D:/Codingan/random/_client_projects/pos_tb_nur/webapp/vendor/laravel/framework/src/Illuminate/Routing/Route.php(211): Illuminate/Routing/Route->runController()
#14 D:/Codingan/random/_client_projects/pos_tb_nur/webapp/vendor/laravel/framework/src/Illuminate/Routing/Router.php(822): Illuminate/Routing/Route->run()
#15 D:/Codingan/random/_client_projects/pos_tb_nur/webapp/vendor/laravel/framework/src/Illuminate/Pipeline/Pipeline.php(180): Illuminate/Routing/Router->Illuminate/Routing/{closure}(Object(Illuminate/Http/Request))
#16 D:/Codingan/random/_client_projects/pos_tb_nur/webapp/app/Http/Middleware/SecureHeaders.php(16): Illuminate/Pipeline/Pipeline->Illuminate/Pipeline/{closure}(Object(Illuminate/Http/Request))
#17 D:/Codingan/random/_client_projects/pos_tb_nur/webapp/vendor/laravel/framework/src/Illuminate/Pipeline/Pipeline.php(219): App/Http/Middleware/SecureHeaders->handle(Object(Illuminate/Http/Request), Object(Closure))
#18 D:/Codingan/random/_client_projects/pos_tb_nur/webapp/vendor/inertiajs/inertia-laravel/src/Middleware.php(138): Illuminate/Pipeline/Pipeline->Illuminate/Pipeline/{closure}(Object(Illuminate/Http/Request))
#19 D:/Codingan/random/_client_projects/pos_tb_nur/webapp/vendor/laravel/framework/src/Illuminate/Pipeline/Pipeline.php(219): Inertia/Middleware->handle(Object(Illuminate/Http/Request), Object(Closure))
#20 D:/Codingan/random/_client_projects/pos_tb_nur/webapp/vendor/laravel/framework/src/Illuminate/Foundation/Http/Middleware/VerifyCsrfToken.php(87): Illuminate/Pipeline/Pipeline->Illuminate/Pipeline/{closure}(Object(Illuminate/Http/Request))
#21 D:/Codingan/random/_client_projects/pos_tb_nur/webapp/vendor/laravel/framework/src/Illuminate/Pipeline/Pipeline.php(219): Illuminate/Foundation/Http/Middleware/VerifyCsrfToken->handle(Object(Illuminate/Http/Request), Object(Closure))
#22 D:/Codingan/random/_client_projects/pos_tb_nur/webapp/vendor/laravel/framework/src/Illuminate/Routing/Middleware/SubstituteBindings.php(50): Illuminate/Pipeline/Pipeline->Illuminate/Pipeline/{closure}(Object(Illuminate/Http/Request))
#23 D:/Codingan/random/_client_projects/pos_tb_nur/webapp/vendor/laravel/framework/src/Illuminate/Pipeline/Pipeline.php(219): Illuminate/Routing/Middleware/SubstituteBindings->handle(Object(Illuminate/Http/Request), Object(Closure))
#24 D:/Codingan/random/_client_projects/pos_tb_nur/webapp/vendor/laravel/framework/src/Illuminate/Routing/Middleware/ThrottleRequests.php(166): Illuminate/Pipeline/Pipeline->Illuminate/Pipeline/{closure}(Object(Illuminate/Http/Request))
#25 D:/Codingan/random/_client_projects/pos_tb_nur/webapp/vendor/laravel/framework/src/Illuminate/Routing/Middleware/ThrottleRequests.php(129): Illuminate/Routing/Middleware/ThrottleRequests->handleRequest(Object(Illuminate/Http/Request), Object(Closure), Array)
#26 D:/Codingan/random/_client_projects/pos_tb_nur/webapp/vendor/laravel/framework/src/Illuminate/Routing/Middleware/ThrottleRequests.php(90): Illuminate/Routing/Middleware/ThrottleRequests->handleRequestUsingNamedLimiter(Object(Illuminate/Http/Request), Object(Closure), 'api', Object(Closure))
#27 D:/Codingan/random/_client_projects/pos_tb_nur/webapp/vendor/laravel/framework/src/Illuminate/Pipeline/Pipeline.php(219): Illuminate/Routing/Middleware/ThrottleRequests->handle(Object(Illuminate/Http/Request), Object(Closure), 'api')
#28 D:/Codingan/random/_client_projects/pos_tb_nur/webapp/vendor/laravel/framework/src/Illuminate/Auth/Middleware/Authenticate.php(63): Illuminate/Pipeline/Pipeline->Illuminate/Pipeline/{closure}(Object(Illuminate/Http/Request))
#29 D:/Codingan/random/_client_projects/pos_tb_nur/webapp/vendor/laravel/framework/src/Illuminate/Pipeline/Pipeline.php(219): Illuminate/Auth/Middleware/Authenticate->handle(Object(Illuminate/Http/Request), Object(Closure))
#30 D:/Codingan/random/_client_projects/pos_tb_nur/webapp/vendor/laravel/framework/src/Illuminate/View/Middleware/ShareErrorsFromSession.php(48): Illuminate/Pipeline/Pipeline->Illuminate/Pipeline/{closure}(Object(Illuminate/Http/Request))
#31 D:/Codingan/random/_client_projects/pos_tb_nur/webapp/vendor/laravel/framework/src/Illuminate/Pipeline/Pipeline.php(219): Illuminate/View/Middleware/ShareErrorsFromSession->handle(Object(Illuminate/Http/Request), Object(Closure))
#32 D:/Codingan/random/_client_projects/pos_tb_nur/webapp/vendor/laravel/framework/src/Illuminate/Session/Middleware/StartSession.php(120): Illuminate/Pipeline/Pipeline->Illuminate/Pipeline/{closure}(Object(Illuminate/Http/Request))
#33 D:/Codingan/random/_client_projects/pos_tb_nur/webapp/vendor/laravel/framework/src/Illuminate/Session/Middleware/StartSession.php(63): Illuminate/Session/Middleware/StartSession->handleStatefulRequest(Object(Illuminate/Http/Request), Object(Illuminate/Session/Store), Object(Closure))
#34 D:/Codingan/random/_client_projects/pos_tb_nur/webapp/vendor/laravel/framework/src/Illuminate/Pipeline/Pipeline.php(219): Illuminate/Session/Middleware/StartSession->handle(Object(Illuminate/Http/Request), Object(Closure))
#35 D:/Codingan/random/_client_projects/pos_tb_nur/webapp/vendor/laravel/framework/src/Illuminate/Cookie/Middleware/AddQueuedCookiesToResponse.php(36): Illuminate/Pipeline/Pipeline->Illuminate/Pipeline/{closure}(Object(Illuminate/Http/Request))
#36 D:/Codingan/random/_client_projects/pos_tb_nur/webapp/vendor/laravel/framework/src/Illuminate/Pipeline/Pipeline.php(219): Illuminate/Cookie/Middleware/AddQueuedCookiesToResponse->handle(Object(Illuminate/Http/Request), Object(Closure))
#37 D:/Codingan/random/_client_projects/pos_tb_nur/webapp/vendor/laravel/framework/src/Illuminate/Cookie/Middleware/EncryptCookies.php(74): Illuminate/Pipeline/Pipeline->Illuminate/Pipeline/{closure}(Object(Illuminate/Http/Request))
#38 D:/Codingan/random/_client_projects/pos_tb_nur/webapp/vendor/laravel/framework/src/Illuminate/Pipeline/Pipeline.php(219): Illuminate/Cookie/Middleware/EncryptCookies->handle(Object(Illuminate/Http/Request), Object(Closure))
#39 D:/Codingan/random/_client_projects/pos_tb_nur/webapp/vendor/laravel/framework/src/Illuminate/Pipeline/Pipeline.php(137): Illuminate/Pipeline/Pipeline->Illuminate/Pipeline/{closure}(Object(Illuminate/Http/Request))
#40 D:/Codingan/random/_client_projects/pos_tb_nur/webapp/vendor/laravel/framework/src/Illuminate/Routing/Router.php(821): Illuminate/Pipeline/Pipeline->then(Object(Closure))
#41 D:/Codingan/random/_client_projects/pos_tb_nur/webapp/vendor/laravel/framework/src/Illuminate/Routing/Router.php(800): Illuminate/Routing/Router->runRouteWithinStack(Object(Illuminate/Routing/Route), Object(Illuminate/Http/Request))
#42 D:/Codingan/random/_client_projects/pos_tb_nur/webapp/vendor/laravel/framework/src/Illuminate/Routing/Router.php(764): Illuminate/Routing/Router->runRoute(Object(Illuminate/Http/Request), Object(Illuminate/Routing/Route))
#43 D:/Codingan/random/_client_projects/pos_tb_nur/webapp/vendor/laravel/framework/src/Illuminate/Routing/Router.php(753): Illuminate/Routing/Router->dispatchToRoute(Object(Illuminate/Http/Request))
#44 D:/Codingan/random/_client_projects/pos_tb_nur/webapp/vendor/laravel/framework/src/Illuminate/Foundation/Http/Kernel.php(200): Illuminate/Routing/Router->dispatch(Object(Illuminate/Http/Request))
#45 D:/Codingan/random/_client_projects/pos_tb_nur/webapp/vendor/laravel/framework/src/Illuminate/Pipeline/Pipeline.php(180): Illuminate/Foundation/Http/Kernel->Illuminate/Foundation/Http/{closure}(Object(Illuminate/Http/Request))
#46 D:/Codingan/random/_client_projects/pos_tb_nur/webapp/vendor/inertiajs/inertia-laravel/src/Middleware/EnsureGetOnRedirect.php(19): Illuminate/Pipeline/Pipeline->Illuminate/Pipeline/{closure}(Object(Illuminate/Http/Request))
#47 D:/Codingan/random/_client_projects/pos_tb_nur/webapp/vendor/laravel/framework/src/Illuminate/Pipeline/Pipeline.php(219): Inertia/Middleware/EnsureGetOnRedirect->handle(Object(Illuminate/Http/Request), Object(Closure))
#48 D:/Codingan/random/_client_projects/pos_tb_nur/webapp/vendor/laravel/framework/src/Illuminate/Foundation/Http/Middleware/TransformsRequest.php(21): Illuminate/Pipeline/Pipeline->Illuminate/Pipeline/{closure}(Object(Illuminate/Http/Request))
#49 D:/Codingan/random/_client_projects/pos_tb_nur/webapp/vendor/laravel/framework/src/Illuminate/Foundation/Http/Middleware/ConvertEmptyStringsToNull.php(31): Illuminate/Foundation/Http/Middleware/TransformsRequest->handle(Object(Illuminate/Http/Request), Object(Closure))
#50 D:/Codingan/random/_client_projects/pos_tb_nur/webapp/vendor/laravel/framework/src/Illuminate/Pipeline/Pipeline.php(219): Illuminate/Foundation/Http/Middleware/ConvertEmptyStringsToNull->handle(Object(Illuminate/Http/Request), Object(Closure))
#51 D:/Codingan/random/_client_projects/pos_tb_nur/webapp/vendor/laravel/framework/src/Illuminate/Foundation/Http/Middleware/TransformsRequest.php(21): Illuminate/Pipeline/Pipeline->Illuminate/Pipeline/{closure}(Object(Illuminate/Http/Request))
#52 D:/Codingan/random/_client_projects/pos_tb_nur/webapp/vendor/laravel/framework/src/Illuminate/Foundation/Http/Middleware/TrimStrings.php(51): Illuminate/Foundation/Http/Middleware/TransformsRequest->handle(Object(Illuminate/Http/Request), Object(Closure))
#53 D:/Codingan/random/_client_projects/pos_tb_nur/webapp/vendor/laravel/framework/src/Illuminate/Pipeline/Pipeline.php(219): Illuminate/Foundation/Http/Middleware/TrimStrings->handle(Object(Illuminate/Http/Request), Object(Closure))
#54 D:/Codingan/random/_client_projects/pos_tb_nur/webapp/vendor/laravel/framework/src/Illuminate/Http/Middleware/ValidatePostSize.php(27): Illuminate/Pipeline/Pipeline->Illuminate/Pipeline/{closure}(Object(Illuminate/Http/Request))
#55 D:/Codingan/random/_client_projects/pos_tb_nur/webapp/vendor/laravel/framework/src/Illuminate/Pipeline/Pipeline.php(219): Illuminate/Http/Middleware/ValidatePostSize->handle(Object(Illuminate/Http/Request), Object(Closure))
#56 D:/Codingan/random/_client_projects/pos_tb_nur/webapp/vendor/laravel/framework/src/Illuminate/Foundation/Http/Middleware/PreventRequestsDuringMaintenance.php(109): Illuminate/Pipeline/Pipeline->Illuminate/Pipeline/{closure}(Object(Illuminate/Http/Request))
#57 D:/Codingan/random/_client_projects/pos_tb_nur/webapp/vendor/laravel/framework/src/Illuminate/Pipeline/Pipeline.php(219): Illuminate/Foundation/Http/Middleware/PreventRequestsDuringMaintenance->handle(Object(Illuminate/Http/Request), Object(Closure))
#58 D:/Codingan/random/_client_projects/pos_tb_nur/webapp/vendor/laravel/framework/src/Illuminate/Http/Middleware/HandleCors.php(74): Illuminate/Pipeline/Pipeline->Illuminate/Pipeline/{closure}(Object(Illuminate/Http/Request))
#59 D:/Codingan/random/_client_projects/pos_tb_nur/webapp/vendor/laravel/framework/src/Illuminate/Pipeline/Pipeline.php(219): Illuminate/Http/Middleware/HandleCors->handle(Object(Illuminate/Http/Request), Object(Closure))
#60 D:/Codingan/random/_client_projects/pos_tb_nur/webapp/vendor/laravel/framework/src/Illuminate/Http/Middleware/TrustProxies.php(58): Illuminate/Pipeline/Pipeline->Illuminate/Pipeline/{closure}(Object(Illuminate/Http/Request))
#61 D:/Codingan/random/_client_projects/pos_tb_nur/webapp/vendor/laravel/framework/src/Illuminate/Pipeline/Pipeline.php(219): Illuminate/Http/Middleware/TrustProxies->handle(Object(Illuminate/Http/Request), Object(Closure))
#62 D:/Codingan/random/_client_projects/pos_tb_nur/webapp/vendor/laravel/framework/src/Illuminate/Foundation/Http/Middleware/InvokeDeferredCallbacks.php(22): Illuminate/Pipeline/Pipeline->Illuminate/Pipeline/{closure}(Object(Illuminate/Http/Request))
#63 D:/Codingan/random/_client_projects/pos_tb_nur/webapp/vendor/laravel/framework/src/Illuminate/Pipeline/Pipeline.php(219): Illuminate/Foundation/Http/Middleware/InvokeDeferredCallbacks->handle(Object(Illuminate/Http/Request), Object(Closure))
#64 D:/Codingan/random/_client_projects/pos_tb_nur/webapp/vendor/laravel/framework/src/Illuminate/Http/Middleware/ValidatePathEncoding.php(26): Illuminate/Pipeline/Pipeline->Illuminate/Pipeline/{closure}(Object(Illuminate/Http/Request))
#65 D:/Codingan/random/_client_projects/pos_tb_nur/webapp/vendor/laravel/framework/src/Illuminate/Pipeline/Pipeline.php(219): Illuminate/Http/Middleware/ValidatePathEncoding->handle(Object(Illuminate/Http/Request), Object(Closure))
#66 D:/Codingan/random/_client_projects/pos_tb_nur/webapp/vendor/laravel/framework/src/Illuminate/Pipeline/Pipeline.php(137): Illuminate/Pipeline/Pipeline->Illuminate/Pipeline/{closure}(Object(Illuminate/Http/Request))
#67 D:/Codingan/random/_client_projects/pos_tb_nur/webapp/vendor/laravel/framework/src/Illuminate/Foundation/Http/Kernel.php(175): Illuminate/Pipeline/Pipeline->then(Object(Closure))
#68 D:/Codingan/random/_client_projects/pos_tb_nur/webapp/vendor/laravel/framework/src/Illuminate/Foundation/Http/Kernel.php(144): Illuminate/Foundation/Http/Kernel->sendRequestThroughRouter(Object(Illuminate/Http/Request))
#69 D:/Codingan/random/_client_projects/pos_tb_nur/webapp/vendor/laravel/framework/src/Illuminate/Foundation/Application.php(1220): Illuminate/Foundation/Http/Kernel->handle(Object(Illuminate/Http/Request))
#70 D:/Codingan/random/_client_projects/pos_tb_nur/webapp/public/index.php(20): Illuminate/Foundation/Application->handleRequest(Object(Illuminate/Http/Request))
#71 D:/Codingan/random/_client_projects/pos_tb_nur/webapp/vendor/laravel/framework/src/Illuminate/Foundation/resources/server.php(23): require_once('D://Codingan//ran...')
#72 {main}

[previous exception] [object] (PDOException(code: 42S02): SQLSTATE[42S02]: Base table or view not found: 1146 Table 'pos_tb_nur.departments' doesn't exist at D:/Codingan/random/_client_projects/pos_tb_nur/webapp/vendor/laravel/framework/src/Illuminate/Database/Connection.php:420)
[stacktrace]
#0 D:/Codingan/random/_client_projects/pos_tb_nur/webapp/vendor/laravel/framework/src/Illuminate/Database/Connection.php(420): PDO->prepare('select count(*)...')
#1 D:/Codingan/random/_client_projects/pos_tb_nur/webapp/vendor/laravel/framework/src/Illuminate/Database/Connection.php(827): Illuminate/Database/Connection->Illuminate/Database/{closure}('select count(*)...', Array)
#2 D:/Codingan/random/_client_projects/pos_tb_nur/webapp/vendor/laravel/framework/src/Illuminate/Database/Connection.php(794): Illuminate/Database/Connection->runQueryCallback('select count(*)...', Array, Object(Closure))
#3 D:/Codingan/random/_client_projects/pos_tb_nur/webapp/vendor/laravel/framework/src/Illuminate/Database/Connection.php(411): Illuminate/Database/Connection->run('select count(*)...', Array, Object(Closure))
#4 D:/Codingan/random/_client_projects/pos_tb_nur/webapp/vendor/laravel/framework/src/Illuminate/Database/Query/Builder.php(3505): Illuminate/Database/Connection->select('select count(*)...', Array, true)
#5 D:/Codingan/random/_client_projects/pos_tb_nur/webapp/vendor/laravel/framework/src/Illuminate/Database/Query/Builder.php(3490): Illuminate/Database/Query/Builder->runSelect()
#6 D:/Codingan/random/_client_projects/pos_tb_nur/webapp/vendor/laravel/framework/src/Illuminate/Database/Query/Builder.php(4080): Illuminate/Database/Query/Builder->Illuminate/Database/Query/{closure}()
#7 D:/Codingan/random/_client_projects/pos_tb_nur/webapp/vendor/laravel/framework/src/Illuminate/Database/Query/Builder.php(3489): Illuminate/Database/Query/Builder->onceWithColumns(Array, Object(Closure))
#8 D:/Codingan/random/_client_projects/pos_tb_nur/webapp/vendor/laravel/framework/src/Illuminate/Database/Query/Builder.php(3684): Illuminate/Database/Query/Builder->get()
#9 D:/Codingan/random/_client_projects/pos_tb_nur/webapp/vendor/laravel/framework/src/Illuminate/Database/Query/Builder.php(3643): Illuminate/Database/Query/Builder->runPaginationCountQuery(Array)
#10 D:/Codingan/random/_client_projects/pos_tb_nur/webapp/vendor/laravel/framework/src/Illuminate/Database/Eloquent/Builder.php(1120): Illuminate/Database/Query/Builder->getCountForPagination()
#11 D:/Codingan/random/_client_projects/pos_tb_nur/webapp/app/Support/Backend/BackendResourceIndexQuery.php(110): Illuminate/Database/Eloquent/Builder->paginate(25)
#12 D:/Codingan/random/_client_projects/pos_tb_nur/webapp/app/Http/Controllers/Api/BackendResourceController.php(46): App/Support/Backend/BackendResourceIndexQuery->paginate(Object(App/Support/Backend/BackendResourceBlueprint), Array)
#13 D:/Codingan/random/_client_projects/pos_tb_nur/webapp/vendor/laravel/framework/src/Illuminate/Routing/ControllerDispatcher.php(46): App/Http/Controllers/Api/BackendResourceController->index(Object(App/Http/Requests/Api/Backend/BackendResourceIndexRequest), 'departments')
#14 D:/Codingan/random/_client_projects/pos_tb_nur/webapp/vendor/laravel/framework/src/Illuminate/Routing/Route.php(265): Illuminate/Routing/ControllerDispatcher->dispatch(Object(Illuminate/Routing/Route), Object(App/Http/Controllers/Api/BackendResourceController), 'index')
#15 D:/Codingan/random/_client_projects/pos_tb_nur/webapp/vendor/laravel/framework/src/Illuminate/Routing/Route.php(211): Illuminate/Routing/Route->runController()
#16 D:/Codingan/random/_client_projects/pos_tb_nur/webapp/vendor/laravel/framework/src/Illuminate/Routing/Router.php(822): Illuminate/Routing/Route->run()
#17 D:/Codingan/random/_client_projects/pos_tb_nur/webapp/vendor/laravel/framework/src/Illuminate/Pipeline/Pipeline.php(180): Illuminate/Routing/Router->Illuminate/Routing/{closure}(Object(Illuminate/Http/Request))
#18 D:/Codingan/random/_client_projects/pos_tb_nur/webapp/app/Http/Middleware/SecureHeaders.php(16): Illuminate/Pipeline/Pipeline->Illuminate/Pipeline/{closure}(Object(Illuminate/Http/Request))
#19 D:/Codingan/random/_client_projects/pos_tb_nur/webapp/vendor/laravel/framework/src/Illuminate/Pipeline/Pipeline.php(219): App/Http/Middleware/SecureHeaders->handle(Object(Illuminate/Http/Request), Object(Closure))
#20 D:/Codingan/random/_client_projects/pos_tb_nur/webapp/vendor/inertiajs/inertia-laravel/src/Middleware.php(138): Illuminate/Pipeline/Pipeline->Illuminate/Pipeline/{closure}(Object(Illuminate/Http/Request))
#21 D:/Codingan/random/_client_projects/pos_tb_nur/webapp/vendor/laravel/framework/src/Illuminate/Pipeline/Pipeline.php(219): Inertia/Middleware->handle(Object(Illuminate/Http/Request), Object(Closure))
#22 D:/Codingan/random/_client_projects/pos_tb_nur/webapp/vendor/laravel/framework/src/Illuminate/Foundation/Http/Middleware/VerifyCsrfToken.php(87): Illuminate/Pipeline/Pipeline->Illuminate/Pipeline/{closure}(Object(Illuminate/Http/Request))
#23 D:/Codingan/random/_client_projects/pos_tb_nur/webapp/vendor/laravel/framework/src/Illuminate/Pipeline/Pipeline.php(219): Illuminate/Foundation/Http/Middleware/VerifyCsrfToken->handle(Object(Illuminate/Http/Request), Object(Closure))
#24 D:/Codingan/random/_client_projects/pos_tb_nur/webapp/vendor/laravel/framework/src/Illuminate/Routing/Middleware/SubstituteBindings.php(50): Illuminate/Pipeline/Pipeline->Illuminate/Pipeline/{closure}(Object(Illuminate/Http/Request))
#25 D:/Codingan/random/_client_projects/pos_tb_nur/webapp/vendor/laravel/framework/src/Illuminate/Pipeline/Pipeline.php(219): Illuminate/Routing/Middleware/SubstituteBindings->handle(Object(Illuminate/Http/Request), Object(Closure))
#26 D:/Codingan/random/_client_projects/pos_tb_nur/webapp/vendor/laravel/framework/src/Illuminate/Routing/Middleware/ThrottleRequests.php(166): Illuminate/Pipeline/Pipeline->Illuminate/Pipeline/{closure}(Object(Illuminate/Http/Request))
#27 D:/Codingan/random/_client_projects/pos_tb_nur/webapp/vendor/laravel/framework/src/Illuminate/Routing/Middleware/ThrottleRequests.php(129): Illuminate/Routing/Middleware/ThrottleRequests->handleRequest(Object(Illuminate/Http/Request), Object(Closure), Array)
#28 D:/Codingan/random/_client_projects/pos_tb_nur/webapp/vendor/laravel/framework/src/Illuminate/Routing/Middleware/ThrottleRequests.php(90): Illuminate/Routing/Middleware/ThrottleRequests->handleRequestUsingNamedLimiter(Object(Illuminate/Http/Request), Object(Closure), 'api', Object(Closure))
#29 D:/Codingan/random/_client_projects/pos_tb_nur/webapp/vendor/laravel/framework/src/Illuminate/Pipeline/Pipeline.php(219): Illuminate/Routing/Middleware/ThrottleRequests->handle(Object(Illuminate/Http/Request), Object(Closure), 'api')
#30 D:/Codingan/random/_client_projects/pos_tb_nur/webapp/vendor/laravel/framework/src/Illuminate/Auth/Middleware/Authenticate.php(63): Illuminate/Pipeline/Pipeline->Illuminate/Pipeline/{closure}(Object(Illuminate/Http/Request))
#31 D:/Codingan/random/_client_projects/pos_tb_nur/webapp/vendor/laravel/framework/src/Illuminate/Pipeline/Pipeline.php(219): Illuminate/Auth/Middleware/Authenticate->handle(Object(Illuminate/Http/Request), Object(Closure))
#32 D:/Codingan/random/_client_projects/pos_tb_nur/webapp/vendor/laravel/framework/src/Illuminate/View/Middleware/ShareErrorsFromSession.php(48): Illuminate/Pipeline/Pipeline->Illuminate/Pipeline/{closure}(Object(Illuminate/Http/Request))
#33 D:/Codingan/random/_client_projects/pos_tb_nur/webapp/vendor/laravel/framework/src/Illuminate/Pipeline/Pipeline.php(219): Illuminate/View/Middleware/ShareErrorsFromSession->handle(Object(Illuminate/Http/Request), Object(Closure))
#34 D:/Codingan/random/_client_projects/pos_tb_nur/webapp/vendor/laravel/framework/src/Illuminate/Session/Middleware/StartSession.php(120): Illuminate/Pipeline/Pipeline->Illuminate/Pipeline/{closure}(Object(Illuminate/Http/Request))
#35 D:/Codingan/random/_client_projects/pos_tb_nur/webapp/vendor/laravel/framework/src/Illuminate/Session/Middleware/StartSession.php(63): Illuminate/Session/Middleware/StartSession->handleStatefulRequest(Object(Illuminate/Http/Request), Object(Illuminate/Session/Store), Object(Closure))
#36 D:/Codingan/random/_client_projects/pos_tb_nur/webapp/vendor/laravel/framework/src/Illuminate/Pipeline/Pipeline.php(219): Illuminate/Session/Middleware/StartSession->handle(Object(Illuminate/Http/Request), Object(Closure))
#37 D:/Codingan/random/_client_projects/pos_tb_nur/webapp/vendor/laravel/framework/src/Illuminate/Cookie/Middleware/AddQueuedCookiesToResponse.php(36): Illuminate/Pipeline/Pipeline->Illuminate/Pipeline/{closure}(Object(Illuminate/Http/Request))
#38 D:/Codingan/random/_client_projects/pos_tb_nur/webapp/vendor/laravel/framework/src/Illuminate/Pipeline/Pipeline.php(219): Illuminate/Cookie/Middleware/AddQueuedCookiesToResponse->handle(Object(Illuminate/Http/Request), Object(Closure))
#39 D:/Codingan/random/_client_projects/pos_tb_nur/webapp/vendor/laravel/framework/src/Illuminate/Cookie/Middleware/EncryptCookies.php(74): Illuminate/Pipeline/Pipeline->Illuminate/Pipeline/{closure}(Object(Illuminate/Http/Request))
#40 D:/Codingan/random/_client_projects/pos_tb_nur/webapp/vendor/laravel/framework/src/Illuminate/Pipeline/Pipeline.php(219): Illuminate/Cookie/Middleware/EncryptCookies->handle(Object(Illuminate/Http/Request), Object(Closure))
#41 D:/Codingan/random/_client_projects/pos_tb_nur/webapp/vendor/laravel/framework/src/Illuminate/Pipeline/Pipeline.php(137): Illuminate/Pipeline/Pipeline->Illuminate/Pipeline/{closure}(Object(Illuminate/Http/Request))
#42 D:/Codingan/random/_client_projects/pos_tb_nur/webapp/vendor/laravel/framework/src/Illuminate/Routing/Router.php(821): Illuminate/Pipeline/Pipeline->then(Object(Closure))
#43 D:/Codingan/random/_client_projects/pos_tb_nur/webapp/vendor/laravel/framework/src/Illuminate/Routing/Router.php(800): Illuminate/Routing/Router->runRouteWithinStack(Object(Illuminate/Routing/Route), Object(Illuminate/Http/Request))
#44 D:/Codingan/random/_client_projects/pos_tb_nur/webapp/vendor/laravel/framework/src/Illuminate/Routing/Router.php(764): Illuminate/Routing/Router->runRoute(Object(Illuminate/Http/Request), Object(Illuminate/Routing/Route))
#45 D:/Codingan/random/_client_projects/pos_tb_nur/webapp/vendor/laravel/framework/src/Illuminate/Routing/Router.php(753): Illuminate/Routing/Router->dispatchToRoute(Object(Illuminate/Http/Request))
#46 D:/Codingan/random/_client_projects/pos_tb_nur/webapp/vendor/laravel/framework/src/Illuminate/Foundation/Http/Kernel.php(200): Illuminate/Routing/Router->dispatch(Object(Illuminate/Http/Request))
#47 D:/Codingan/random/_client_projects/pos_tb_nur/webapp/vendor/laravel/framework/src/Illuminate/Pipeline/Pipeline.php(180): Illuminate/Foundation/Http/Kernel->Illuminate/Foundation/Http/{closure}(Object(Illuminate/Http/Request))
#48 D:/Codingan/random/_client_projects/pos_tb_nur/webapp/vendor/inertiajs/inertia-laravel/src/Middleware/EnsureGetOnRedirect.php(19): Illuminate/Pipeline/Pipeline->Illuminate/Pipeline/{closure}(Object(Illuminate/Http/Request))
#49 D:/Codingan/random/_client_projects/pos_tb_nur/webapp/vendor/laravel/framework/src/Illuminate/Pipeline/Pipeline.php(219): Inertia/Middleware/EnsureGetOnRedirect->handle(Object(Illuminate/Http/Request), Object(Closure))
#50 D:/Codingan/random/_client_projects/pos_tb_nur/webapp/vendor/laravel/framework/src/Illuminate/Foundation/Http/Middleware/TransformsRequest.php(21): Illuminate/Pipeline/Pipeline->Illuminate/Pipeline/{closure}(Object(Illuminate/Http/Request))
#51 D:/Codingan/random/_client_projects/pos_tb_nur/webapp/vendor/laravel/framework/src/Illuminate/Foundation/Http/Middleware/ConvertEmptyStringsToNull.php(31): Illuminate/Foundation/Http/Middleware/TransformsRequest->handle(Object(Illuminate/Http/Request), Object(Closure))
#52 D:/Codingan/random/_client_projects/pos_tb_nur/webapp/vendor/laravel/framework/src/Illuminate/Pipeline/Pipeline.php(219): Illuminate/Foundation/Http/Middleware/ConvertEmptyStringsToNull->handle(Object(Illuminate/Http/Request), Object(Closure))
#53 D:/Codingan/random/_client_projects/pos_tb_nur/webapp/vendor/laravel/framework/src/Illuminate/Foundation/Http/Middleware/TransformsRequest.php(21): Illuminate/Pipeline/Pipeline->Illuminate/Pipeline/{closure}(Object(Illuminate/Http/Request))
#54 D:/Codingan/random/_client_projects/pos_tb_nur/webapp/vendor/laravel/framework/src/Illuminate/Foundation/Http/Middleware/TrimStrings.php(51): Illuminate/Foundation/Http/Middleware/TransformsRequest->handle(Object(Illuminate/Http/Request), Object(Closure))
#55 D:/Codingan/random/_client_projects/pos_tb_nur/webapp/vendor/laravel/framework/src/Illuminate/Pipeline/Pipeline.php(219): Illuminate/Foundation/Http/Middleware/TrimStrings->handle(Object(Illuminate/Http/Request), Object(Closure))
#56 D:/Codingan/random/_client_projects/pos_tb_nur/webapp/vendor/laravel/framework/src/Illuminate/Http/Middleware/ValidatePostSize.php(27): Illuminate/Pipeline/Pipeline->Illuminate/Pipeline/{closure}(Object(Illuminate/Http/Request))
#57 D:/Codingan/random/_client_projects/pos_tb_nur/webapp/vendor/laravel/framework/src/Illuminate/Pipeline/Pipeline.php(219): Illuminate/Http/Middleware/ValidatePostSize->handle(Object(Illuminate/Http/Request), Object(Closure))
#58 D:/Codingan/random/_client_projects/pos_tb_nur/webapp/vendor/laravel/framework/src/Illuminate/Foundation/Http/Middleware/PreventRequestsDuringMaintenance.php(109): Illuminate/Pipeline/Pipeline->Illuminate/Pipeline/{closure}(Object(Illuminate/Http/Request))
#59 D:/Codingan/random/_client_projects/pos_tb_nur/webapp/vendor/laravel/framework/src/Illuminate/Pipeline/Pipeline.php(219): Illuminate/Foundation/Http/Middleware/PreventRequestsDuringMaintenance->handle(Object(Illuminate/Http/Request), Object(Closure))
#60 D:/Codingan/random/_client_projects/pos_tb_nur/webapp/vendor/laravel/framework/src/Illuminate/Http/Middleware/HandleCors.php(74): Illuminate/Pipeline/Pipeline->Illuminate/Pipeline/{closure}(Object(Illuminate/Http/Request))
#61 D:/Codingan/random/_client_projects/pos_tb_nur/webapp/vendor/laravel/framework/src/Illuminate/Pipeline/Pipeline.php(219): Illuminate/Http/Middleware/HandleCors->handle(Object(Illuminate/Http/Request), Object(Closure))
#62 D:/Codingan/random/_client_projects/pos_tb_nur/webapp/vendor/laravel/framework/src/Illuminate/Http/Middleware/TrustProxies.php(58): Illuminate/Pipeline/Pipeline->Illuminate/Pipeline/{closure}(Object(Illuminate/Http/Request))
#63 D:/Codingan/random/_client_projects/pos_tb_nur/webapp/vendor/laravel/framework/src/Illuminate/Pipeline/Pipeline.php(219): Illuminate/Http/Middleware/TrustProxies->handle(Object(Illuminate/Http/Request), Object(Closure))
#64 D:/Codingan/random/_client_projects/pos_tb_nur/webapp/vendor/laravel/framework/src/Illuminate/Foundation/Http/Middleware/InvokeDeferredCallbacks.php(22): Illuminate/Pipeline/Pipeline->Illuminate/Pipeline/{closure}(Object(Illuminate/Http/Request))
#65 D:/Codingan/random/_client_projects/pos_tb_nur/webapp/vendor/laravel/framework/src/Illuminate/Pipeline/Pipeline.php(219): Illuminate/Foundation/Http/Middleware/InvokeDeferredCallbacks->handle(Object(Illuminate/Http/Request), Object(Closure))
#66 D:/Codingan/random/_client_projects/pos_tb_nur/webapp/vendor/laravel/framework/src/Illuminate/Http/Middleware/ValidatePathEncoding.php(26): Illuminate/Pipeline/Pipeline->Illuminate/Pipeline/{closure}(Object(Illuminate/Http/Request))
#67 D:/Codingan/random/_client_projects/pos_tb_nur/webapp/vendor/laravel/framework/src/Illuminate/Pipeline/Pipeline.php(219): Illuminate/Http/Middleware/ValidatePathEncoding->handle(Object(Illuminate/Http/Request), Object(Closure))
#68 D:/Codingan/random/_client_projects/pos_tb_nur/webapp/vendor/laravel/framework/src/Illuminate/Pipeline/Pipeline.php(137): Illuminate/Pipeline/Pipeline->Illuminate/Pipeline/{closure}(Object(Illuminate/Http/Request))
#69 D:/Codingan/random/_client_projects/pos_tb_nur/webapp/vendor/laravel/framework/src/Illuminate/Foundation/Http/Kernel.php(175): Illuminate/Pipeline/Pipeline->then(Object(Closure))
#70 D:/Codingan/random/_client_projects/pos_tb_nur/webapp/vendor/laravel/framework/src/Illuminate/Foundation/Http/Kernel.php(144): Illuminate/Foundation/Http/Kernel->sendRequestThroughRouter(Object(Illuminate/Http/Request))
#71 D:/Codingan/random/_client_projects/pos_tb_nur/webapp/vendor/laravel/framework/src/Illuminate/Foundation/Application.php(1220): Illuminate/Foundation/Http/Kernel->handle(Object(Illuminate/Http/Request))
#72 D:/Codingan/random/_client_projects/pos_tb_nur/webapp/public/index.php(20): Illuminate/Foundation/Application->handleRequest(Object(Illuminate/Http/Request))
#73 D:/Codingan/random/_client_projects/pos_tb_nur/webapp/vendor/laravel/framework/src/Illuminate/Foundation/resources/server.php(23): require_once('D://Codingan//ran...')
#74 {main}
"} 
[2026-08-02 01:04:04] local.ERROR: SQLSTATE[42S02]: Base table or view not found: 1146 Table 'pos_tb_nur.departments' doesn't exist (Connection: mysql, Host: 127.0.0.1, Port: 3306, Database: pos_tb_nur, SQL: select count(*) as aggregate from `departments`) {"userId":1,"exception":"[object] (Illuminate\\Database\\QueryException(code: 42S02): SQLSTATE[42S02]: Base table or view not found: 1146 Table 'pos_tb_nur.departments' doesn't exist (Connection: mysql, Host: 127.0.0.1, Port: 3306, Database: pos_tb_nur, SQL: select count(*) as aggregate from `departments`) at D:/Codingan/random/_client_projects/pos_tb_nur/webapp/vendor/laravel/framework/src/Illuminate/Database/Connection.php:838)
[stacktrace]
#0 D:/Codingan/random/_client_projects/pos_tb_nur/webapp/vendor/laravel/framework/src/Illuminate/Database/Connection.php(794): Illuminate/Database/Connection->runQueryCallback('select count(*)...', Array, Object(Closure))
#1 D:/Codingan/random/_client_projects/pos_tb_nur/webapp/vendor/laravel/framework/src/Illuminate/Database/Connection.php(411): Illuminate/Database/Connection->run('select count(*)...', Array, Object(Closure))
#2 D:/Codingan/random/_client_projects/pos_tb_nur/webapp/vendor/laravel/framework/src/Illuminate/Database/Query/Builder.php(3505): Illuminate/Database/Connection->select('select count(*)...', Array, true)
#3 D:/Codingan/random/_client_projects/pos_tb_nur/webapp/vendor/laravel/framework/src/Illuminate/Database/Query/Builder.php(3490): Illuminate/Database/Query/Builder->runSelect()
#4 D:/Codingan/random/_client_projects/pos_tb_nur/webapp/vendor/laravel/framework/src/Illuminate/Database/Query/Builder.php(4080): Illuminate/Database/Query/Builder->Illuminate/Database/Query/{closure}()
#5 D:/Codingan/random/_client_projects/pos_tb_nur/webapp/vendor/laravel/framework/src/Illuminate/Database/Query/Builder.php(3489): Illuminate/Database/Query/Builder->onceWithColumns(Array, Object(Closure))
#6 D:/Codingan/random/_client_projects/pos_tb_nur/webapp/vendor/laravel/framework/src/Illuminate/Database/Query/Builder.php(3684): Illuminate/Database/Query/Builder->get()
#7 D:/Codingan/random/_client_projects/pos_tb_nur/webapp/vendor/laravel/framework/src/Illuminate/Database/Query/Builder.php(3643): Illuminate/Database/Query/Builder->runPaginationCountQuery(Array)
#8 D:/Codingan/random/_client_projects/pos_tb_nur/webapp/vendor/laravel/framework/src/Illuminate/Database/Eloquent/Builder.php(1120): Illuminate/Database/Query/Builder->getCountForPagination()
#9 D:/Codingan/random/_client_projects/pos_tb_nur/webapp/app/Support/Backend/BackendResourceIndexQuery.php(110): Illuminate/Database/Eloquent/Builder->paginate(25)
#10 D:/Codingan/random/_client_projects/pos_tb_nur/webapp/app/Http/Controllers/Api/BackendResourceController.php(46): App/Support/Backend/BackendResourceIndexQuery->paginate(Object(App/Support/Backend/BackendResourceBlueprint), Array)
#11 D:/Codingan/random/_client_projects/pos_tb_nur/webapp/vendor/laravel/framework/src/Illuminate/Routing/ControllerDispatcher.php(46): App/Http/Controllers/Api/BackendResourceController->index(Object(App/Http/Requests/Api/Backend/BackendResourceIndexRequest), 'departments')
#12 D:/Codingan/random/_client_projects/pos_tb_nur/webapp/vendor/laravel/framework/src/Illuminate/Routing/Route.php(265): Illuminate/Routing/ControllerDispatcher->dispatch(Object(Illuminate/Routing/Route), Object(App/Http/Controllers/Api/BackendResourceController), 'index')
#13 D:/Codingan/random/_client_projects/pos_tb_nur/webapp/vendor/laravel/framework/src/Illuminate/Routing/Route.php(211): Illuminate/Routing/Route->runController()
#14 D:/Codingan/random/_client_projects/pos_tb_nur/webapp/vendor/laravel/framework/src/Illuminate/Routing/Router.php(822): Illuminate/Routing/Route->run()
#15 D:/Codingan/random/_client_projects/pos_tb_nur/webapp/vendor/laravel/framework/src/Illuminate/Pipeline/Pipeline.php(180): Illuminate/Routing/Router->Illuminate/Routing/{closure}(Object(Illuminate/Http/Request))
#16 D:/Codingan/random/_client_projects/pos_tb_nur/webapp/app/Http/Middleware/SecureHeaders.php(16): Illuminate/Pipeline/Pipeline->Illuminate/Pipeline/{closure}(Object(Illuminate/Http/Request))
#17 D:/Codingan/random/_client_projects/pos_tb_nur/webapp/vendor/laravel/framework/src/Illuminate/Pipeline/Pipeline.php(219): App/Http/Middleware/SecureHeaders->handle(Object(Illuminate/Http/Request), Object(Closure))
#18 D:/Codingan/random/_client_projects/pos_tb_nur/webapp/vendor/inertiajs/inertia-laravel/src/Middleware.php(138): Illuminate/Pipeline/Pipeline->Illuminate/Pipeline/{closure}(Object(Illuminate/Http/Request))
#19 D:/Codingan/random/_client_projects/pos_tb_nur/webapp/vendor/laravel/framework/src/Illuminate/Pipeline/Pipeline.php(219): Inertia/Middleware->handle(Object(Illuminate/Http/Request), Object(Closure))
#20 D:/Codingan/random/_client_projects/pos_tb_nur/webapp/vendor/laravel/framework/src/Illuminate/Foundation/Http/Middleware/VerifyCsrfToken.php(87): Illuminate/Pipeline/Pipeline->Illuminate/Pipeline/{closure}(Object(Illuminate/Http/Request))
#21 D:/Codingan/random/_client_projects/pos_tb_nur/webapp/vendor/laravel/framework/src/Illuminate/Pipeline/Pipeline.php(219): Illuminate/Foundation/Http/Middleware/VerifyCsrfToken->handle(Object(Illuminate/Http/Request), Object(Closure))
#22 D:/Codingan/random/_client_projects/pos_tb_nur/webapp/vendor/laravel/framework/src/Illuminate/Routing/Middleware/SubstituteBindings.php(50): Illuminate/Pipeline/Pipeline->Illuminate/Pipeline/{closure}(Object(Illuminate/Http/Request))
#23 D:/Codingan/random/_client_projects/pos_tb_nur/webapp/vendor/laravel/framework/src/Illuminate/Pipeline/Pipeline.php(219): Illuminate/Routing/Middleware/SubstituteBindings->handle(Object(Illuminate/Http/Request), Object(Closure))
#24 D:/Codingan/random/_client_projects/pos_tb_nur/webapp/vendor/laravel/framework/src/Illuminate/Routing/Middleware/ThrottleRequests.php(166): Illuminate/Pipeline/Pipeline->Illuminate/Pipeline/{closure}(Object(Illuminate/Http/Request))
#25 D:/Codingan/random/_client_projects/pos_tb_nur/webapp/vendor/laravel/framework/src/Illuminate/Routing/Middleware/ThrottleRequests.php(129): Illuminate/Routing/Middleware/ThrottleRequests->handleRequest(Object(Illuminate/Http/Request), Object(Closure), Array)
#26 D:/Codingan/random/_client_projects/pos_tb_nur/webapp/vendor/laravel/framework/src/Illuminate/Routing/Middleware/ThrottleRequests.php(90): Illuminate/Routing/Middleware/ThrottleRequests->handleRequestUsingNamedLimiter(Object(Illuminate/Http/Request), Object(Closure), 'api', Object(Closure))
#27 D:/Codingan/random/_client_projects/pos_tb_nur/webapp/vendor/laravel/framework/src/Illuminate/Pipeline/Pipeline.php(219): Illuminate/Routing/Middleware/ThrottleRequests->handle(Object(Illuminate/Http/Request), Object(Closure), 'api')
#28 D:/Codingan/random/_client_projects/pos_tb_nur/webapp/vendor/laravel/framework/src/Illuminate/Auth/Middleware/Authenticate.php(63): Illuminate/Pipeline/Pipeline->Illuminate/Pipeline/{closure}(Object(Illuminate/Http/Request))
#29 D:/Codingan/random/_client_projects/pos_tb_nur/webapp/vendor/laravel/framework/src/Illuminate/Pipeline/Pipeline.php(219): Illuminate/Auth/Middleware/Authenticate->handle(Object(Illuminate/Http/Request), Object(Closure))
#30 D:/Codingan/random/_client_projects/pos_tb_nur/webapp/vendor/laravel/framework/src/Illuminate/View/Middleware/ShareErrorsFromSession.php(48): Illuminate/Pipeline/Pipeline->Illuminate/Pipeline/{closure}(Object(Illuminate/Http/Request))
#31 D:/Codingan/random/_client_projects/pos_tb_nur/webapp/vendor/laravel/framework/src/Illuminate/Pipeline/Pipeline.php(219): Illuminate/View/Middleware/ShareErrorsFromSession->handle(Object(Illuminate/Http/Request), Object(Closure))
#32 D:/Codingan/random/_client_projects/pos_tb_nur/webapp/vendor/laravel/framework/src/Illuminate/Session/Middleware/StartSession.php(120): Illuminate/Pipeline/Pipeline->Illuminate/Pipeline/{closure}(Object(Illuminate/Http/Request))
#33 D:/Codingan/random/_client_projects/pos_tb_nur/webapp/vendor/laravel/framework/src/Illuminate/Session/Middleware/StartSession.php(63): Illuminate/Session/Middleware/StartSession->handleStatefulRequest(Object(Illuminate/Http/Request), Object(Illuminate/Session/Store), Object(Closure))
#34 D:/Codingan/random/_client_projects/pos_tb_nur/webapp/vendor/laravel/framework/src/Illuminate/Pipeline/Pipeline.php(219): Illuminate/Session/Middleware/StartSession->handle(Object(Illuminate/Http/Request), Object(Closure))
#35 D:/Codingan/random/_client_projects/pos_tb_nur/webapp/vendor/laravel/framework/src/Illuminate/Cookie/Middleware/AddQueuedCookiesToResponse.php(36): Illuminate/Pipeline/Pipeline->Illuminate/Pipeline/{closure}(Object(Illuminate/Http/Request))
#36 D:/Codingan/random/_client_projects/pos_tb_nur/webapp/vendor/laravel/framework/src/Illuminate/Pipeline/Pipeline.php(219): Illuminate/Cookie/Middleware/AddQueuedCookiesToResponse->handle(Object(Illuminate/Http/Request), Object(Closure))
#37 D:/Codingan/random/_client_projects/pos_tb_nur/webapp/vendor/laravel/framework/src/Illuminate/Cookie/Middleware/EncryptCookies.php(74): Illuminate/Pipeline/Pipeline->Illuminate/Pipeline/{closure}(Object(Illuminate/Http/Request))
#38 D:/Codingan/random/_client_projects/pos_tb_nur/webapp/vendor/laravel/framework/src/Illuminate/Pipeline/Pipeline.php(219): Illuminate/Cookie/Middleware/EncryptCookies->handle(Object(Illuminate/Http/Request), Object(Closure))
#39 D:/Codingan/random/_client_projects/pos_tb_nur/webapp/vendor/laravel/framework/src/Illuminate/Pipeline/Pipeline.php(137): Illuminate/Pipeline/Pipeline->Illuminate/Pipeline/{closure}(Object(Illuminate/Http/Request))
#40 D:/Codingan/random/_client_projects/pos_tb_nur/webapp/vendor/laravel/framework/src/Illuminate/Routing/Router.php(821): Illuminate/Pipeline/Pipeline->then(Object(Closure))
#41 D:/Codingan/random/_client_projects/pos_tb_nur/webapp/vendor/laravel/framework/src/Illuminate/Routing/Router.php(800): Illuminate/Routing/Router->runRouteWithinStack(Object(Illuminate/Routing/Route), Object(Illuminate/Http/Request))
#42 D:/Codingan/random/_client_projects/pos_tb_nur/webapp/vendor/laravel/framework/src/Illuminate/Routing/Router.php(764): Illuminate/Routing/Router->runRoute(Object(Illuminate/Http/Request), Object(Illuminate/Routing/Route))
#43 D:/Codingan/random/_client_projects/pos_tb_nur/webapp/vendor/laravel/framework/src/Illuminate/Routing/Router.php(753): Illuminate/Routing/Router->dispatchToRoute(Object(Illuminate/Http/Request))
#44 D:/Codingan/random/_client_projects/pos_tb_nur/webapp/vendor/laravel/framework/src/Illuminate/Foundation/Http/Kernel.php(200): Illuminate/Routing/Router->dispatch(Object(Illuminate/Http/Request))
#45 D:/Codingan/random/_client_projects/pos_tb_nur/webapp/vendor/laravel/framework/src/Illuminate/Pipeline/Pipeline.php(180): Illuminate/Foundation/Http/Kernel->Illuminate/Foundation/Http/{closure}(Object(Illuminate/Http/Request))
#46 D:/Codingan/random/_client_projects/pos_tb_nur/webapp/vendor/inertiajs/inertia-laravel/src/Middleware/EnsureGetOnRedirect.php(19): Illuminate/Pipeline/Pipeline->Illuminate/Pipeline/{closure}(Object(Illuminate/Http/Request))
#47 D:/Codingan/random/_client_projects/pos_tb_nur/webapp/vendor/laravel/framework/src/Illuminate/Pipeline/Pipeline.php(219): Inertia/Middleware/EnsureGetOnRedirect->handle(Object(Illuminate/Http/Request), Object(Closure))
#48 D:/Codingan/random/_client_projects/pos_tb_nur/webapp/vendor/laravel/framework/src/Illuminate/Foundation/Http/Middleware/TransformsRequest.php(21): Illuminate/Pipeline/Pipeline->Illuminate/Pipeline/{closure}(Object(Illuminate/Http/Request))
#49 D:/Codingan/random/_client_projects/pos_tb_nur/webapp/vendor/laravel/framework/src/Illuminate/Foundation/Http/Middleware/ConvertEmptyStringsToNull.php(31): Illuminate/Foundation/Http/Middleware/TransformsRequest->handle(Object(Illuminate/Http/Request), Object(Closure))
#50 D:/Codingan/random/_client_projects/pos_tb_nur/webapp/vendor/laravel/framework/src/Illuminate/Pipeline/Pipeline.php(219): Illuminate/Foundation/Http/Middleware/ConvertEmptyStringsToNull->handle(Object(Illuminate/Http/Request), Object(Closure))
#51 D:/Codingan/random/_client_projects/pos_tb_nur/webapp/vendor/laravel/framework/src/Illuminate/Foundation/Http/Middleware/TransformsRequest.php(21): Illuminate/Pipeline/Pipeline->Illuminate/Pipeline/{closure}(Object(Illuminate/Http/Request))
#52 D:/Codingan/random/_client_projects/pos_tb_nur/webapp/vendor/laravel/framework/src/Illuminate/Foundation/Http/Middleware/TrimStrings.php(51): Illuminate/Foundation/Http/Middleware/TransformsRequest->handle(Object(Illuminate/Http/Request), Object(Closure))
#53 D:/Codingan/random/_client_projects/pos_tb_nur/webapp/vendor/laravel/framework/src/Illuminate/Pipeline/Pipeline.php(219): Illuminate/Foundation/Http/Middleware/TrimStrings->handle(Object(Illuminate/Http/Request), Object(Closure))
#54 D:/Codingan/random/_client_projects/pos_tb_nur/webapp/vendor/laravel/framework/src/Illuminate/Http/Middleware/ValidatePostSize.php(27): Illuminate/Pipeline/Pipeline->Illuminate/Pipeline/{closure}(Object(Illuminate/Http/Request))
#55 D:/Codingan/random/_client_projects/pos_tb_nur/webapp/vendor/laravel/framework/src/Illuminate/Pipeline/Pipeline.php(219): Illuminate/Http/Middleware/ValidatePostSize->handle(Object(Illuminate/Http/Request), Object(Closure))
#56 D:/Codingan/random/_client_projects/pos_tb_nur/webapp/vendor/laravel/framework/src/Illuminate/Foundation/Http/Middleware/PreventRequestsDuringMaintenance.php(109): Illuminate/Pipeline/Pipeline->Illuminate/Pipeline/{closure}(Object(Illuminate/Http/Request))
#57 D:/Codingan/random/_client_projects/pos_tb_nur/webapp/vendor/laravel/framework/src/Illuminate/Pipeline/Pipeline.php(219): Illuminate/Foundation/Http/Middleware/PreventRequestsDuringMaintenance->handle(Object(Illuminate/Http/Request), Object(Closure))
#58 D:/Codingan/random/_client_projects/pos_tb_nur/webapp/vendor/laravel/framework/src/Illuminate/Http/Middleware/HandleCors.php(74): Illuminate/Pipeline/Pipeline->Illuminate/Pipeline/{closure}(Object(Illuminate/Http/Request))
#59 D:/Codingan/random/_client_projects/pos_tb_nur/webapp/vendor/laravel/framework/src/Illuminate/Pipeline/Pipeline.php(219): Illuminate/Http/Middleware/HandleCors->handle(Object(Illuminate/Http/Request), Object(Closure))
#60 D:/Codingan/random/_client_projects/pos_tb_nur/webapp/vendor/laravel/framework/src/Illuminate/Http/Middleware/TrustProxies.php(58): Illuminate/Pipeline/Pipeline->Illuminate/Pipeline/{closure}(Object(Illuminate/Http/Request))
#61 D:/Codingan/random/_client_projects/pos_tb_nur/webapp/vendor/laravel/framework/src/Illuminate/Pipeline/Pipeline.php(219): Illuminate/Http/Middleware/TrustProxies->handle(Object(Illuminate/Http/Request), Object(Closure))
#62 D:/Codingan/random/_client_projects/pos_tb_nur/webapp/vendor/laravel/framework/src/Illuminate/Foundation/Http/Middleware/InvokeDeferredCallbacks.php(22): Illuminate/Pipeline/Pipeline->Illuminate/Pipeline/{closure}(Object(Illuminate/Http/Request))
#63 D:/Codingan/random/_client_projects/pos_tb_nur/webapp/vendor/laravel/framework/src/Illuminate/Pipeline/Pipeline.php(219): Illuminate/Foundation/Http/Middleware/InvokeDeferredCallbacks->handle(Object(Illuminate/Http/Request), Object(Closure))
#64 D:/Codingan/random/_client_projects/pos_tb_nur/webapp/vendor/laravel/framework/src/Illuminate/Http/Middleware/ValidatePathEncoding.php(26): Illuminate/Pipeline/Pipeline->Illuminate/Pipeline/{closure}(Object(Illuminate/Http/Request))
#65 D:/Codingan/random/_client_projects/pos_tb_nur/webapp/vendor/laravel/framework/src/Illuminate/Pipeline/Pipeline.php(219): Illuminate/Http/Middleware/ValidatePathEncoding->handle(Object(Illuminate/Http/Request), Object(Closure))
#66 D:/Codingan/random/_client_projects/pos_tb_nur/webapp/vendor/laravel/framework/src/Illuminate/Pipeline/Pipeline.php(137): Illuminate/Pipeline/Pipeline->Illuminate/Pipeline/{closure}(Object(Illuminate/Http/Request))
#67 D:/Codingan/random/_client_projects/pos_tb_nur/webapp/vendor/laravel/framework/src/Illuminate/Foundation/Http/Kernel.php(175): Illuminate/Pipeline/Pipeline->then(Object(Closure))
#68 D:/Codingan/random/_client_projects/pos_tb_nur/webapp/vendor/laravel/framework/src/Illuminate/Foundation/Http/Kernel.php(144): Illuminate/Foundation/Http/Kernel->sendRequestThroughRouter(Object(Illuminate/Http/Request))
#69 D:/Codingan/random/_client_projects/pos_tb_nur/webapp/vendor/laravel/framework/src/Illuminate/Foundation/Application.php(1220): Illuminate/Foundation/Http/Kernel->handle(Object(Illuminate/Http/Request))
#70 D:/Codingan/random/_client_projects/pos_tb_nur/webapp/public/index.php(20): Illuminate/Foundation/Application->handleRequest(Object(Illuminate/Http/Request))
#71 D:/Codingan/random/_client_projects/pos_tb_nur/webapp/vendor/laravel/framework/src/Illuminate/Foundation/resources/server.php(23): require_once('D://Codingan//ran...')
#72 {main}

[previous exception] [object] (PDOException(code: 42S02): SQLSTATE[42S02]: Base table or view not found: 1146 Table 'pos_tb_nur.departments' doesn't exist at D:/Codingan/random/_client_projects/pos_tb_nur/webapp/vendor/laravel/framework/src/Illuminate/Database/Connection.php:420)
[stacktrace]
#0 D:/Codingan/random/_client_projects/pos_tb_nur/webapp/vendor/laravel/framework/src/Illuminate/Database/Connection.php(420): PDO->prepare('select count(*)...')
#1 D:/Codingan/random/_client_projects/pos_tb_nur/webapp/vendor/laravel/framework/src/Illuminate/Database/Connection.php(827): Illuminate/Database/Connection->Illuminate/Database/{closure}('select count(*)...', Array)
#2 D:/Codingan/random/_client_projects/pos_tb_nur/webapp/vendor/laravel/framework/src/Illuminate/Database/Connection.php(794): Illuminate/Database/Connection->runQueryCallback('select count(*)...', Array, Object(Closure))
#3 D:/Codingan/random/_client_projects/pos_tb_nur/webapp/vendor/laravel/framework/src/Illuminate/Database/Connection.php(411): Illuminate/Database/Connection->run('select count(*)...', Array, Object(Closure))
#4 D:/Codingan/random/_client_projects/pos_tb_nur/webapp/vendor/laravel/framework/src/Illuminate/Database/Query/Builder.php(3505): Illuminate/Database/Connection->select('select count(*)...', Array, true)
#5 D:/Codingan/random/_client_projects/pos_tb_nur/webapp/vendor/laravel/framework/src/Illuminate/Database/Query/Builder.php(3490): Illuminate/Database/Query/Builder->runSelect()
#6 D:/Codingan/random/_client_projects/pos_tb_nur/webapp/vendor/laravel/framework/src/Illuminate/Database/Query/Builder.php(4080): Illuminate/Database/Query/Builder->Illuminate/Database/Query/{closure}()
#7 D:/Codingan/random/_client_projects/pos_tb_nur/webapp/vendor/laravel/framework/src/Illuminate/Database/Query/Builder.php(3489): Illuminate/Database/Query/Builder->onceWithColumns(Array, Object(Closure))
#8 D:/Codingan/random/_client_projects/pos_tb_nur/webapp/vendor/laravel/framework/src/Illuminate/Database/Query/Builder.php(3684): Illuminate/Database/Query/Builder->get()
#9 D:/Codingan/random/_client_projects/pos_tb_nur/webapp/vendor/laravel/framework/src/Illuminate/Database/Query/Builder.php(3643): Illuminate/Database/Query/Builder->runPaginationCountQuery(Array)
#10 D:/Codingan/random/_client_projects/pos_tb_nur/webapp/vendor/laravel/framework/src/Illuminate/Database/Eloquent/Builder.php(1120): Illuminate/Database/Query/Builder->getCountForPagination()
#11 D:/Codingan/random/_client_projects/pos_tb_nur/webapp/app/Support/Backend/BackendResourceIndexQuery.php(110): Illuminate/Database/Eloquent/Builder->paginate(25)
#12 D:/Codingan/random/_client_projects/pos_tb_nur/webapp/app/Http/Controllers/Api/BackendResourceController.php(46): App/Support/Backend/BackendResourceIndexQuery->paginate(Object(App/Support/Backend/BackendResourceBlueprint), Array)
#13 D:/Codingan/random/_client_projects/pos_tb_nur/webapp/vendor/laravel/framework/src/Illuminate/Routing/ControllerDispatcher.php(46): App/Http/Controllers/Api/BackendResourceController->index(Object(App/Http/Requests/Api/Backend/BackendResourceIndexRequest), 'departments')
#14 D:/Codingan/random/_client_projects/pos_tb_nur/webapp/vendor/laravel/framework/src/Illuminate/Routing/Route.php(265): Illuminate/Routing/ControllerDispatcher->dispatch(Object(Illuminate/Routing/Route), Object(App/Http/Controllers/Api/BackendResourceController), 'index')
#15 D:/Codingan/random/_client_projects/pos_tb_nur/webapp/vendor/laravel/framework/src/Illuminate/Routing/Route.php(211): Illuminate/Routing/Route->runController()
#16 D:/Codingan/random/_client_projects/pos_tb_nur/webapp/vendor/laravel/framework/src/Illuminate/Routing/Router.php(822): Illuminate/Routing/Route->run()
#17 D:/Codingan/random/_client_projects/pos_tb_nur/webapp/vendor/laravel/framework/src/Illuminate/Pipeline/Pipeline.php(180): Illuminate/Routing/Router->Illuminate/Routing/{closure}(Object(Illuminate/Http/Request))
#18 D:/Codingan/random/_client_projects/pos_tb_nur/webapp/app/Http/Middleware/SecureHeaders.php(16): Illuminate/Pipeline/Pipeline->Illuminate/Pipeline/{closure}(Object(Illuminate/Http/Request))
#19 D:/Codingan/random/_client_projects/pos_tb_nur/webapp/vendor/laravel/framework/src/Illuminate/Pipeline/Pipeline.php(219): App/Http/Middleware/SecureHeaders->handle(Object(Illuminate/Http/Request), Object(Closure))
#20 D:/Codingan/random/_client_projects/pos_tb_nur/webapp/vendor/inertiajs/inertia-laravel/src/Middleware.php(138): Illuminate/Pipeline/Pipeline->Illuminate/Pipeline/{closure}(Object(Illuminate/Http/Request))
#21 D:/Codingan/random/_client_projects/pos_tb_nur/webapp/vendor/laravel/framework/src/Illuminate/Pipeline/Pipeline.php(219): Inertia/Middleware->handle(Object(Illuminate/Http/Request), Object(Closure))
#22 D:/Codingan/random/_client_projects/pos_tb_nur/webapp/vendor/laravel/framework/src/Illuminate/Foundation/Http/Middleware/VerifyCsrfToken.php(87): Illuminate/Pipeline/Pipeline->Illuminate/Pipeline/{closure}(Object(Illuminate/Http/Request))
#23 D:/Codingan/random/_client_projects/pos_tb_nur/webapp/vendor/laravel/framework/src/Illuminate/Pipeline/Pipeline.php(219): Illuminate/Foundation/Http/Middleware/VerifyCsrfToken->handle(Object(Illuminate/Http/Request), Object(Closure))
#24 D:/Codingan/random/_client_projects/pos_tb_nur/webapp/vendor/laravel/framework/src/Illuminate/Routing/Middleware/SubstituteBindings.php(50): Illuminate/Pipeline/Pipeline->Illuminate/Pipeline/{closure}(Object(Illuminate/Http/Request))
#25 D:/Codingan/random/_client_projects/pos_tb_nur/webapp/vendor/laravel/framework/src/Illuminate/Pipeline/Pipeline.php(219): Illuminate/Routing/Middleware/SubstituteBindings->handle(Object(Illuminate/Http/Request), Object(Closure))
#26 D:/Codingan/random/_client_projects/pos_tb_nur/webapp/vendor/laravel/framework/src/Illuminate/Routing/Middleware/ThrottleRequests.php(166): Illuminate/Pipeline/Pipeline->Illuminate/Pipeline/{closure}(Object(Illuminate/Http/Request))
#27 D:/Codingan/random/_client_projects/pos_tb_nur/webapp/vendor/laravel/framework/src/Illuminate/Routing/Middleware/ThrottleRequests.php(129): Illuminate/Routing/Middleware/ThrottleRequests->handleRequest(Object(Illuminate/Http/Request), Object(Closure), Array)
#28 D:/Codingan/random/_client_projects/pos_tb_nur/webapp/vendor/laravel/framework/src/Illuminate/Routing/Middleware/ThrottleRequests.php(90): Illuminate/Routing/Middleware/ThrottleRequests->handleRequestUsingNamedLimiter(Object(Illuminate/Http/Request), Object(Closure), 'api', Object(Closure))
#29 D:/Codingan/random/_client_projects/pos_tb_nur/webapp/vendor/laravel/framework/src/Illuminate/Pipeline/Pipeline.php(219): Illuminate/Routing/Middleware/ThrottleRequests->handle(Object(Illuminate/Http/Request), Object(Closure), 'api')
#30 D:/Codingan/random/_client_projects/pos_tb_nur/webapp/vendor/laravel/framework/src/Illuminate/Auth/Middleware/Authenticate.php(63): Illuminate/Pipeline/Pipeline->Illuminate/Pipeline/{closure}(Object(Illuminate/Http/Request))
#31 D:/Codingan/random/_client_projects/pos_tb_nur/webapp/vendor/laravel/framework/src/Illuminate/Pipeline/Pipeline.php(219): Illuminate/Auth/Middleware/Authenticate->handle(Object(Illuminate/Http/Request), Object(Closure))
#32 D:/Codingan/random/_client_projects/pos_tb_nur/webapp/vendor/laravel/framework/src/Illuminate/View/Middleware/ShareErrorsFromSession.php(48): Illuminate/Pipeline/Pipeline->Illuminate/Pipeline/{closure}(Object(Illuminate/Http/Request))
#33 D:/Codingan/random/_client_projects/pos_tb_nur/webapp/vendor/laravel/framework/src/Illuminate/Pipeline/Pipeline.php(219): Illuminate/View/Middleware/ShareErrorsFromSession->handle(Object(Illuminate/Http/Request), Object(Closure))
#34 D:/Codingan/random/_client_projects/pos_tb_nur/webapp/vendor/laravel/framework/src/Illuminate/Session/Middleware/StartSession.php(120): Illuminate/Pipeline/Pipeline->Illuminate/Pipeline/{closure}(Object(Illuminate/Http/Request))
#35 D:/Codingan/random/_client_projects/pos_tb_nur/webapp/vendor/laravel/framework/src/Illuminate/Session/Middleware/StartSession.php(63): Illuminate/Session/Middleware/StartSession->handleStatefulRequest(Object(Illuminate/Http/Request), Object(Illuminate/Session/Store), Object(Closure))
#36 D:/Codingan/random/_client_projects/pos_tb_nur/webapp/vendor/laravel/framework/src/Illuminate/Pipeline/Pipeline.php(219): Illuminate/Session/Middleware/StartSession->handle(Object(Illuminate/Http/Request), Object(Closure))
#37 D:/Codingan/random/_client_projects/pos_tb_nur/webapp/vendor/laravel/framework/src/Illuminate/Cookie/Middleware/AddQueuedCookiesToResponse.php(36): Illuminate/Pipeline/Pipeline->Illuminate/Pipeline/{closure}(Object(Illuminate/Http/Request))
#38 D:/Codingan/random/_client_projects/pos_tb_nur/webapp/vendor/laravel/framework/src/Illuminate/Pipeline/Pipeline.php(219): Illuminate/Cookie/Middleware/AddQueuedCookiesToResponse->handle(Object(Illuminate/Http/Request), Object(Closure))
#39 D:/Codingan/random/_client_projects/pos_tb_nur/webapp/vendor/laravel/framework/src/Illuminate/Cookie/Middleware/EncryptCookies.php(74): Illuminate/Pipeline/Pipeline->Illuminate/Pipeline/{closure}(Object(Illuminate/Http/Request))
#40 D:/Codingan/random/_client_projects/pos_tb_nur/webapp/vendor/laravel/framework/src/Illuminate/Pipeline/Pipeline.php(219): Illuminate/Cookie/Middleware/EncryptCookies->handle(Object(Illuminate/Http/Request), Object(Closure))
#41 D:/Codingan/random/_client_projects/pos_tb_nur/webapp/vendor/laravel/framework/src/Illuminate/Pipeline/Pipeline.php(137): Illuminate/Pipeline/Pipeline->Illuminate/Pipeline/{closure}(Object(Illuminate/Http/Request))
#42 D:/Codingan/random/_client_projects/pos_tb_nur/webapp/vendor/laravel/framework/src/Illuminate/Routing/Router.php(821): Illuminate/Pipeline/Pipeline->then(Object(Closure))
#43 D:/Codingan/random/_client_projects/pos_tb_nur/webapp/vendor/laravel/framework/src/Illuminate/Routing/Router.php(800): Illuminate/Routing/Router->runRouteWithinStack(Object(Illuminate/Routing/Route), Object(Illuminate/Http/Request))
#44 D:/Codingan/random/_client_projects/pos_tb_nur/webapp/vendor/laravel/framework/src/Illuminate/Routing/Router.php(764): Illuminate/Routing/Router->runRoute(Object(Illuminate/Http/Request), Object(Illuminate/Routing/Route))
#45 D:/Codingan/random/_client_projects/pos_tb_nur/webapp/vendor/laravel/framework/src/Illuminate/Routing/Router.php(753): Illuminate/Routing/Router->dispatchToRoute(Object(Illuminate/Http/Request))
#46 D:/Codingan/random/_client_projects/pos_tb_nur/webapp/vendor/laravel/framework/src/Illuminate/Foundation/Http/Kernel.php(200): Illuminate/Routing/Router->dispatch(Object(Illuminate/Http/Request))
#47 D:/Codingan/random/_client_projects/pos_tb_nur/webapp/vendor/laravel/framework/src/Illuminate/Pipeline/Pipeline.php(180): Illuminate/Foundation/Http/Kernel->Illuminate/Foundation/Http/{closure}(Object(Illuminate/Http/Request))
#48 D:/Codingan/random/_client_projects/pos_tb_nur/webapp/vendor/inertiajs/inertia-laravel/src/Middleware/EnsureGetOnRedirect.php(19): Illuminate/Pipeline/Pipeline->Illuminate/Pipeline/{closure}(Object(Illuminate/Http/Request))
#49 D:/Codingan/random/_client_projects/pos_tb_nur/webapp/vendor/laravel/framework/src/Illuminate/Pipeline/Pipeline.php(219): Inertia/Middleware/EnsureGetOnRedirect->handle(Object(Illuminate/Http/Request), Object(Closure))
#50 D:/Codingan/random/_client_projects/pos_tb_nur/webapp/vendor/laravel/framework/src/Illuminate/Foundation/Http/Middleware/TransformsRequest.php(21): Illuminate/Pipeline/Pipeline->Illuminate/Pipeline/{closure}(Object(Illuminate/Http/Request))
#51 D:/Codingan/random/_client_projects/pos_tb_nur/webapp/vendor/laravel/framework/src/Illuminate/Foundation/Http/Middleware/ConvertEmptyStringsToNull.php(31): Illuminate/Foundation/Http/Middleware/TransformsRequest->handle(Object(Illuminate/Http/Request), Object(Closure))
#52 D:/Codingan/random/_client_projects/pos_tb_nur/webapp/vendor/laravel/framework/src/Illuminate/Pipeline/Pipeline.php(219): Illuminate/Foundation/Http/Middleware/ConvertEmptyStringsToNull->handle(Object(Illuminate/Http/Request), Object(Closure))
#53 D:/Codingan/random/_client_projects/pos_tb_nur/webapp/vendor/laravel/framework/src/Illuminate/Foundation/Http/Middleware/TransformsRequest.php(21): Illuminate/Pipeline/Pipeline->Illuminate/Pipeline/{closure}(Object(Illuminate/Http/Request))
#54 D:/Codingan/random/_client_projects/pos_tb_nur/webapp/vendor/laravel/framework/src/Illuminate/Foundation/Http/Middleware/TrimStrings.php(51): Illuminate/Foundation/Http/Middleware/TransformsRequest->handle(Object(Illuminate/Http/Request), Object(Closure))
#55 D:/Codingan/random/_client_projects/pos_tb_nur/webapp/vendor/laravel/framework/src/Illuminate/Pipeline/Pipeline.php(219): Illuminate/Foundation/Http/Middleware/TrimStrings->handle(Object(Illuminate/Http/Request), Object(Closure))
#56 D:/Codingan/random/_client_projects/pos_tb_nur/webapp/vendor/laravel/framework/src/Illuminate/Http/Middleware/ValidatePostSize.php(27): Illuminate/Pipeline/Pipeline->Illuminate/Pipeline/{closure}(Object(Illuminate/Http/Request))
#57 D:/Codingan/random/_client_projects/pos_tb_nur/webapp/vendor/laravel/framework/src/Illuminate/Pipeline/Pipeline.php(219): Illuminate/Http/Middleware/ValidatePostSize->handle(Object(Illuminate/Http/Request), Object(Closure))
#58 D:/Codingan/random/_client_projects/pos_tb_nur/webapp/vendor/laravel/framework/src/Illuminate/Foundation/Http/Middleware/PreventRequestsDuringMaintenance.php(109): Illuminate/Pipeline/Pipeline->Illuminate/Pipeline/{closure}(Object(Illuminate/Http/Request))
#59 D:/Codingan/random/_client_projects/pos_tb_nur/webapp/vendor/laravel/framework/src/Illuminate/Pipeline/Pipeline.php(219): Illuminate/Foundation/Http/Middleware/PreventRequestsDuringMaintenance->handle(Object(Illuminate/Http/Request), Object(Closure))
#60 D:/Codingan/random/_client_projects/pos_tb_nur/webapp/vendor/laravel/framework/src/Illuminate/Http/Middleware/HandleCors.php(74): Illuminate/Pipeline/Pipeline->Illuminate/Pipeline/{closure}(Object(Illuminate/Http/Request))
#61 D:/Codingan/random/_client_projects/pos_tb_nur/webapp/vendor/laravel/framework/src/Illuminate/Pipeline/Pipeline.php(219): Illuminate/Http/Middleware/HandleCors->handle(Object(Illuminate/Http/Request), Object(Closure))
#62 D:/Codingan/random/_client_projects/pos_tb_nur/webapp/vendor/laravel/framework/src/Illuminate/Http/Middleware/TrustProxies.php(58): Illuminate/Pipeline/Pipeline->Illuminate/Pipeline/{closure}(Object(Illuminate/Http/Request))
#63 D:/Codingan/random/_client_projects/pos_tb_nur/webapp/vendor/laravel/framework/src/Illuminate/Pipeline/Pipeline.php(219): Illuminate/Http/Middleware/TrustProxies->handle(Object(Illuminate/Http/Request), Object(Closure))
#64 D:/Codingan/random/_client_projects/pos_tb_nur/webapp/vendor/laravel/framework/src/Illuminate/Foundation/Http/Middleware/InvokeDeferredCallbacks.php(22): Illuminate/Pipeline/Pipeline->Illuminate/Pipeline/{closure}(Object(Illuminate/Http/Request))
#65 D:/Codingan/random/_client_projects/pos_tb_nur/webapp/vendor/laravel/framework/src/Illuminate/Pipeline/Pipeline.php(219): Illuminate/Foundation/Http/Middleware/InvokeDeferredCallbacks->handle(Object(Illuminate/Http/Request), Object(Closure))
#66 D:/Codingan/random/_client_projects/pos_tb_nur/webapp/vendor/laravel/framework/src/Illuminate/Http/Middleware/ValidatePathEncoding.php(26): Illuminate/Pipeline/Pipeline->Illuminate/Pipeline/{closure}(Object(Illuminate/Http/Request))
#67 D:/Codingan/random/_client_projects/pos_tb_nur/webapp/vendor/laravel/framework/src/Illuminate/Pipeline/Pipeline.php(219): Illuminate/Http/Middleware/ValidatePathEncoding->handle(Object(Illuminate/Http/Request), Object(Closure))
#68 D:/Codingan/random/_client_projects/pos_tb_nur/webapp/vendor/laravel/framework/src/Illuminate/Pipeline/Pipeline.php(137): Illuminate/Pipeline/Pipeline->Illuminate/Pipeline/{closure}(Object(Illuminate/Http/Request))
#69 D:/Codingan/random/_client_projects/pos_tb_nur/webapp/vendor/laravel/framework/src/Illuminate/Foundation/Http/Kernel.php(175): Illuminate/Pipeline/Pipeline->then(Object(Closure))
#70 D:/Codingan/random/_client_projects/pos_tb_nur/webapp/vendor/laravel/framework/src/Illuminate/Foundation/Http/Kernel.php(144): Illuminate/Foundation/Http/Kernel->sendRequestThroughRouter(Object(Illuminate/Http/Request))
#71 D:/Codingan/random/_client_projects/pos_tb_nur/webapp/vendor/laravel/framework/src/Illuminate/Foundation/Application.php(1220): Illuminate/Foundation/Http/Kernel->handle(Object(Illuminate/Http/Request))
#72 D:/Codingan/random/_client_projects/pos_tb_nur/webapp/public/index.php(20): Illuminate/Foundation/Application->handleRequest(Object(Illuminate/Http/Request))
#73 D:/Codingan/random/_client_projects/pos_tb_nur/webapp/vendor/laravel/framework/src/Illuminate/Foundation/resources/server.php(23): require_once('D://Codingan//ran...')
#74 {main}
"} 
[2026-08-02 01:04:09] local.ERROR: SQLSTATE[42S02]: Base table or view not found: 1146 Table 'pos_tb_nur.departments' doesn't exist (Connection: mysql, Host: 127.0.0.1, Port: 3306, Database: pos_tb_nur, SQL: select count(*) as aggregate from `departments`) {"userId":1,"exception":"[object] (Illuminate\\Database\\QueryException(code: 42S02): SQLSTATE[42S02]: Base table or view not found: 1146 Table 'pos_tb_nur.departments' doesn't exist (Connection: mysql, Host: 127.0.0.1, Port: 3306, Database: pos_tb_nur, SQL: select count(*) as aggregate from `departments`) at D:/Codingan/random/_client_projects/pos_tb_nur/webapp/vendor/laravel/framework/src/Illuminate/Database/Connection.php:838)
[stacktrace]
#0 D:/Codingan/random/_client_projects/pos_tb_nur/webapp/vendor/laravel/framework/src/Illuminate/Database/Connection.php(794): Illuminate/Database/Connection->runQueryCallback('select count(*)...', Array, Object(Closure))
#1 D:/Codingan/random/_client_projects/pos_tb_nur/webapp/vendor/laravel/framework/src/Illuminate/Database/Connection.php(411): Illuminate/Database/Connection->run('select count(*)...', Array, Object(Closure))
#2 D:/Codingan/random/_client_projects/pos_tb_nur/webapp/vendor/laravel/framework/src/Illuminate/Database/Query/Builder.php(3505): Illuminate/Database/Connection->select('select count(*)...', Array, true)
#3 D:/Codingan/random/_client_projects/pos_tb_nur/webapp/vendor/laravel/framework/src/Illuminate/Database/Query/Builder.php(3490): Illuminate/Database/Query/Builder->runSelect()
#4 D:/Codingan/random/_client_projects/pos_tb_nur/webapp/vendor/laravel/framework/src/Illuminate/Database/Query/Builder.php(4080): Illuminate/Database/Query/Builder->Illuminate/Database/Query/{closure}()
#5 D:/Codingan/random/_client_projects/pos_tb_nur/webapp/vendor/laravel/framework/src/Illuminate/Database/Query/Builder.php(3489): Illuminate/Database/Query/Builder->onceWithColumns(Array, Object(Closure))
#6 D:/Codingan/random/_client_projects/pos_tb_nur/webapp/vendor/laravel/framework/src/Illuminate/Database/Query/Builder.php(3684): Illuminate/Database/Query/Builder->get()
#7 D:/Codingan/random/_client_projects/pos_tb_nur/webapp/vendor/laravel/framework/src/Illuminate/Database/Query/Builder.php(3643): Illuminate/Database/Query/Builder->runPaginationCountQuery(Array)
#8 D:/Codingan/random/_client_projects/pos_tb_nur/webapp/vendor/laravel/framework/src/Illuminate/Database/Eloquent/Builder.php(1120): Illuminate/Database/Query/Builder->getCountForPagination()
#9 D:/Codingan/random/_client_projects/pos_tb_nur/webapp/app/Support/Backend/BackendResourceIndexQuery.php(110): Illuminate/Database/Eloquent/Builder->paginate(25)
#10 D:/Codingan/random/_client_projects/pos_tb_nur/webapp/app/Http/Controllers/Api/BackendResourceController.php(46): App/Support/Backend/BackendResourceIndexQuery->paginate(Object(App/Support/Backend/BackendResourceBlueprint), Array)
#11 D:/Codingan/random/_client_projects/pos_tb_nur/webapp/vendor/laravel/framework/src/Illuminate/Routing/ControllerDispatcher.php(46): App/Http/Controllers/Api/BackendResourceController->index(Object(App/Http/Requests/Api/Backend/BackendResourceIndexRequest), 'departments')
#12 D:/Codingan/random/_client_projects/pos_tb_nur/webapp/vendor/laravel/framework/src/Illuminate/Routing/Route.php(265): Illuminate/Routing/ControllerDispatcher->dispatch(Object(Illuminate/Routing/Route), Object(App/Http/Controllers/Api/BackendResourceController), 'index')
#13 D:/Codingan/random/_client_projects/pos_tb_nur/webapp/vendor/laravel/framework/src/Illuminate/Routing/Route.php(211): Illuminate/Routing/Route->runController()
#14 D:/Codingan/random/_client_projects/pos_tb_nur/webapp/vendor/laravel/framework/src/Illuminate/Routing/Router.php(822): Illuminate/Routing/Route->run()
#15 D:/Codingan/random/_client_projects/pos_tb_nur/webapp/vendor/laravel/framework/src/Illuminate/Pipeline/Pipeline.php(180): Illuminate/Routing/Router->Illuminate/Routing/{closure}(Object(Illuminate/Http/Request))
#16 D:/Codingan/random/_client_projects/pos_tb_nur/webapp/app/Http/Middleware/SecureHeaders.php(16): Illuminate/Pipeline/Pipeline->Illuminate/Pipeline/{closure}(Object(Illuminate/Http/Request))
#17 D:/Codingan/random/_client_projects/pos_tb_nur/webapp/vendor/laravel/framework/src/Illuminate/Pipeline/Pipeline.php(219): App/Http/Middleware/SecureHeaders->handle(Object(Illuminate/Http/Request), Object(Closure))
#18 D:/Codingan/random/_client_projects/pos_tb_nur/webapp/vendor/inertiajs/inertia-laravel/src/Middleware.php(138): Illuminate/Pipeline/Pipeline->Illuminate/Pipeline/{closure}(Object(Illuminate/Http/Request))
#19 D:/Codingan/random/_client_projects/pos_tb_nur/webapp/vendor/laravel/framework/src/Illuminate/Pipeline/Pipeline.php(219): Inertia/Middleware->handle(Object(Illuminate/Http/Request), Object(Closure))
#20 D:/Codingan/random/_client_projects/pos_tb_nur/webapp/vendor/laravel/framework/src/Illuminate/Foundation/Http/Middleware/VerifyCsrfToken.php(87): Illuminate/Pipeline/Pipeline->Illuminate/Pipeline/{closure}(Object(Illuminate/Http/Request))
#21 D:/Codingan/random/_client_projects/pos_tb_nur/webapp/vendor/laravel/framework/src/Illuminate/Pipeline/Pipeline.php(219): Illuminate/Foundation/Http/Middleware/VerifyCsrfToken->handle(Object(Illuminate/Http/Request), Object(Closure))
#22 D:/Codingan/random/_client_projects/pos_tb_nur/webapp/vendor/laravel/framework/src/Illuminate/Routing/Middleware/SubstituteBindings.php(50): Illuminate/Pipeline/Pipeline->Illuminate/Pipeline/{closure}(Object(Illuminate/Http/Request))
#23 D:/Codingan/random/_client_projects/pos_tb_nur/webapp/vendor/laravel/framework/src/Illuminate/Pipeline/Pipeline.php(219): Illuminate/Routing/Middleware/SubstituteBindings->handle(Object(Illuminate/Http/Request), Object(Closure))
#24 D:/Codingan/random/_client_projects/pos_tb_nur/webapp/vendor/laravel/framework/src/Illuminate/Routing/Middleware/ThrottleRequests.php(166): Illuminate/Pipeline/Pipeline->Illuminate/Pipeline/{closure}(Object(Illuminate/Http/Request))
#25 D:/Codingan/random/_client_projects/pos_tb_nur/webapp/vendor/laravel/framework/src/Illuminate/Routing/Middleware/ThrottleRequests.php(129): Illuminate/Routing/Middleware/ThrottleRequests->handleRequest(Object(Illuminate/Http/Request), Object(Closure), Array)
#26 D:/Codingan/random/_client_projects/pos_tb_nur/webapp/vendor/laravel/framework/src/Illuminate/Routing/Middleware/ThrottleRequests.php(90): Illuminate/Routing/Middleware/ThrottleRequests->handleRequestUsingNamedLimiter(Object(Illuminate/Http/Request), Object(Closure), 'api', Object(Closure))
#27 D:/Codingan/random/_client_projects/pos_tb_nur/webapp/vendor/laravel/framework/src/Illuminate/Pipeline/Pipeline.php(219): Illuminate/Routing/Middleware/ThrottleRequests->handle(Object(Illuminate/Http/Request), Object(Closure), 'api')
#28 D:/Codingan/random/_client_projects/pos_tb_nur/webapp/vendor/laravel/framework/src/Illuminate/Auth/Middleware/Authenticate.php(63): Illuminate/Pipeline/Pipeline->Illuminate/Pipeline/{closure}(Object(Illuminate/Http/Request))
#29 D:/Codingan/random/_client_projects/pos_tb_nur/webapp/vendor/laravel/framework/src/Illuminate/Pipeline/Pipeline.php(219): Illuminate/Auth/Middleware/Authenticate->handle(Object(Illuminate/Http/Request), Object(Closure))
#30 D:/Codingan/random/_client_projects/pos_tb_nur/webapp/vendor/laravel/framework/src/Illuminate/View/Middleware/ShareErrorsFromSession.php(48): Illuminate/Pipeline/Pipeline->Illuminate/Pipeline/{closure}(Object(Illuminate/Http/Request))
#31 D:/Codingan/random/_client_projects/pos_tb_nur/webapp/vendor/laravel/framework/src/Illuminate/Pipeline/Pipeline.php(219): Illuminate/View/Middleware/ShareErrorsFromSession->handle(Object(Illuminate/Http/Request), Object(Closure))
#32 D:/Codingan/random/_client_projects/pos_tb_nur/webapp/vendor/laravel/framework/src/Illuminate/Session/Middleware/StartSession.php(120): Illuminate/Pipeline/Pipeline->Illuminate/Pipeline/{closure}(Object(Illuminate/Http/Request))
#33 D:/Codingan/random/_client_projects/pos_tb_nur/webapp/vendor/laravel/framework/src/Illuminate/Session/Middleware/StartSession.php(63): Illuminate/Session/Middleware/StartSession->handleStatefulRequest(Object(Illuminate/Http/Request), Object(Illuminate/Session/Store), Object(Closure))
#34 D:/Codingan/random/_client_projects/pos_tb_nur/webapp/vendor/laravel/framework/src/Illuminate/Pipeline/Pipeline.php(219): Illuminate/Session/Middleware/StartSession->handle(Object(Illuminate/Http/Request), Object(Closure))
#35 D:/Codingan/random/_client_projects/pos_tb_nur/webapp/vendor/laravel/framework/src/Illuminate/Cookie/Middleware/AddQueuedCookiesToResponse.php(36): Illuminate/Pipeline/Pipeline->Illuminate/Pipeline/{closure}(Object(Illuminate/Http/Request))
#36 D:/Codingan/random/_client_projects/pos_tb_nur/webapp/vendor/laravel/framework/src/Illuminate/Pipeline/Pipeline.php(219): Illuminate/Cookie/Middleware/AddQueuedCookiesToResponse->handle(Object(Illuminate/Http/Request), Object(Closure))
#37 D:/Codingan/random/_client_projects/pos_tb_nur/webapp/vendor/laravel/framework/src/Illuminate/Cookie/Middleware/EncryptCookies.php(74): Illuminate/Pipeline/Pipeline->Illuminate/Pipeline/{closure}(Object(Illuminate/Http/Request))
#38 D:/Codingan/random/_client_projects/pos_tb_nur/webapp/vendor/laravel/framework/src/Illuminate/Pipeline/Pipeline.php(219): Illuminate/Cookie/Middleware/EncryptCookies->handle(Object(Illuminate/Http/Request), Object(Closure))
#39 D:/Codingan/random/_client_projects/pos_tb_nur/webapp/vendor/laravel/framework/src/Illuminate/Pipeline/Pipeline.php(137): Illuminate/Pipeline/Pipeline->Illuminate/Pipeline/{closure}(Object(Illuminate/Http/Request))
#40 D:/Codingan/random/_client_projects/pos_tb_nur/webapp/vendor/laravel/framework/src/Illuminate/Routing/Router.php(821): Illuminate/Pipeline/Pipeline->then(Object(Closure))
#41 D:/Codingan/random/_client_projects/pos_tb_nur/webapp/vendor/laravel/framework/src/Illuminate/Routing/Router.php(800): Illuminate/Routing/Router->runRouteWithinStack(Object(Illuminate/Routing/Route), Object(Illuminate/Http/Request))
#42 D:/Codingan/random/_client_projects/pos_tb_nur/webapp/vendor/laravel/framework/src/Illuminate/Routing/Router.php(764): Illuminate/Routing/Router->runRoute(Object(Illuminate/Http/Request), Object(Illuminate/Routing/Route))
#43 D:/Codingan/random/_client_projects/pos_tb_nur/webapp/vendor/laravel/framework/src/Illuminate/Routing/Router.php(753): Illuminate/Routing/Router->dispatchToRoute(Object(Illuminate/Http/Request))
#44 D:/Codingan/random/_client_projects/pos_tb_nur/webapp/vendor/laravel/framework/src/Illuminate/Foundation/Http/Kernel.php(200): Illuminate/Routing/Router->dispatch(Object(Illuminate/Http/Request))
#45 D:/Codingan/random/_client_projects/pos_tb_nur/webapp/vendor/laravel/framework/src/Illuminate/Pipeline/Pipeline.php(180): Illuminate/Foundation/Http/Kernel->Illuminate/Foundation/Http/{closure}(Object(Illuminate/Http/Request))
#46 D:/Codingan/random/_client_projects/pos_tb_nur/webapp/vendor/inertiajs/inertia-laravel/src/Middleware/EnsureGetOnRedirect.php(19): Illuminate/Pipeline/Pipeline->Illuminate/Pipeline/{closure}(Object(Illuminate/Http/Request))
#47 D:/Codingan/random/_client_projects/pos_tb_nur/webapp/vendor/laravel/framework/src/Illuminate/Pipeline/Pipeline.php(219): Inertia/Middleware/EnsureGetOnRedirect->handle(Object(Illuminate/Http/Request), Object(Closure))
#48 D:/Codingan/random/_client_projects/pos_tb_nur/webapp/vendor/laravel/framework/src/Illuminate/Foundation/Http/Middleware/TransformsRequest.php(21): Illuminate/Pipeline/Pipeline->Illuminate/Pipeline/{closure}(Object(Illuminate/Http/Request))
#49 D:/Codingan/random/_client_projects/pos_tb_nur/webapp/vendor/laravel/framework/src/Illuminate/Foundation/Http/Middleware/ConvertEmptyStringsToNull.php(31): Illuminate/Foundation/Http/Middleware/TransformsRequest->handle(Object(Illuminate/Http/Request), Object(Closure))
#50 D:/Codingan/random/_client_projects/pos_tb_nur/webapp/vendor/laravel/framework/src/Illuminate/Pipeline/Pipeline.php(219): Illuminate/Foundation/Http/Middleware/ConvertEmptyStringsToNull->handle(Object(Illuminate/Http/Request), Object(Closure))
#51 D:/Codingan/random/_client_projects/pos_tb_nur/webapp/vendor/laravel/framework/src/Illuminate/Foundation/Http/Middleware/TransformsRequest.php(21): Illuminate/Pipeline/Pipeline->Illuminate/Pipeline/{closure}(Object(Illuminate/Http/Request))
#52 D:/Codingan/random/_client_projects/pos_tb_nur/webapp/vendor/laravel/framework/src/Illuminate/Foundation/Http/Middleware/TrimStrings.php(51): Illuminate/Foundation/Http/Middleware/TransformsRequest->handle(Object(Illuminate/Http/Request), Object(Closure))
#53 D:/Codingan/random/_client_projects/pos_tb_nur/webapp/vendor/laravel/framework/src/Illuminate/Pipeline/Pipeline.php(219): Illuminate/Foundation/Http/Middleware/TrimStrings->handle(Object(Illuminate/Http/Request), Object(Closure))
#54 D:/Codingan/random/_client_projects/pos_tb_nur/webapp/vendor/laravel/framework/src/Illuminate/Http/Middleware/ValidatePostSize.php(27): Illuminate/Pipeline/Pipeline->Illuminate/Pipeline/{closure}(Object(Illuminate/Http/Request))
#55 D:/Codingan/random/_client_projects/pos_tb_nur/webapp/vendor/laravel/framework/src/Illuminate/Pipeline/Pipeline.php(219): Illuminate/Http/Middleware/ValidatePostSize->handle(Object(Illuminate/Http/Request), Object(Closure))
#56 D:/Codingan/random/_client_projects/pos_tb_nur/webapp/vendor/laravel/framework/src/Illuminate/Foundation/Http/Middleware/PreventRequestsDuringMaintenance.php(109): Illuminate/Pipeline/Pipeline->Illuminate/Pipeline/{closure}(Object(Illuminate/Http/Request))
#57 D:/Codingan/random/_client_projects/pos_tb_nur/webapp/vendor/laravel/framework/src/Illuminate/Pipeline/Pipeline.php(219): Illuminate/Foundation/Http/Middleware/PreventRequestsDuringMaintenance->handle(Object(Illuminate/Http/Request), Object(Closure))
#58 D:/Codingan/random/_client_projects/pos_tb_nur/webapp/vendor/laravel/framework/src/Illuminate/Http/Middleware/HandleCors.php(74): Illuminate/Pipeline/Pipeline->Illuminate/Pipeline/{closure}(Object(Illuminate/Http/Request))
#59 D:/Codingan/random/_client_projects/pos_tb_nur/webapp/vendor/laravel/framework/src/Illuminate/Pipeline/Pipeline.php(219): Illuminate/Http/Middleware/HandleCors->handle(Object(Illuminate/Http/Request), Object(Closure))
#60 D:/Codingan/random/_client_projects/pos_tb_nur/webapp/vendor/laravel/framework/src/Illuminate/Http/Middleware/TrustProxies.php(58): Illuminate/Pipeline/Pipeline->Illuminate/Pipeline/{closure}(Object(Illuminate/Http/Request))
#61 D:/Codingan/random/_client_projects/pos_tb_nur/webapp/vendor/laravel/framework/src/Illuminate/Pipeline/Pipeline.php(219): Illuminate/Http/Middleware/TrustProxies->handle(Object(Illuminate/Http/Request), Object(Closure))
#62 D:/Codingan/random/_client_projects/pos_tb_nur/webapp/vendor/laravel/framework/src/Illuminate/Foundation/Http/Middleware/InvokeDeferredCallbacks.php(22): Illuminate/Pipeline/Pipeline->Illuminate/Pipeline/{closure}(Object(Illuminate/Http/Request))
#63 D:/Codingan/random/_client_projects/pos_tb_nur/webapp/vendor/laravel/framework/src/Illuminate/Pipeline/Pipeline.php(219): Illuminate/Foundation/Http/Middleware/InvokeDeferredCallbacks->handle(Object(Illuminate/Http/Request), Object(Closure))
#64 D:/Codingan/random/_client_projects/pos_tb_nur/webapp/vendor/laravel/framework/src/Illuminate/Http/Middleware/ValidatePathEncoding.php(26): Illuminate/Pipeline/Pipeline->Illuminate/Pipeline/{closure}(Object(Illuminate/Http/Request))
#65 D:/Codingan/random/_client_projects/pos_tb_nur/webapp/vendor/laravel/framework/src/Illuminate/Pipeline/Pipeline.php(219): Illuminate/Http/Middleware/ValidatePathEncoding->handle(Object(Illuminate/Http/Request), Object(Closure))
#66 D:/Codingan/random/_client_projects/pos_tb_nur/webapp/vendor/laravel/framework/src/Illuminate/Pipeline/Pipeline.php(137): Illuminate/Pipeline/Pipeline->Illuminate/Pipeline/{closure}(Object(Illuminate/Http/Request))
#67 D:/Codingan/random/_client_projects/pos_tb_nur/webapp/vendor/laravel/framework/src/Illuminate/Foundation/Http/Kernel.php(175): Illuminate/Pipeline/Pipeline->then(Object(Closure))
#68 D:/Codingan/random/_client_projects/pos_tb_nur/webapp/vendor/laravel/framework/src/Illuminate/Foundation/Http/Kernel.php(144): Illuminate/Foundation/Http/Kernel->sendRequestThroughRouter(Object(Illuminate/Http/Request))
#69 D:/Codingan/random/_client_projects/pos_tb_nur/webapp/vendor/laravel/framework/src/Illuminate/Foundation/Application.php(1220): Illuminate/Foundation/Http/Kernel->handle(Object(Illuminate/Http/Request))
#70 D:/Codingan/random/_client_projects/pos_tb_nur/webapp/public/index.php(20): Illuminate/Foundation/Application->handleRequest(Object(Illuminate/Http/Request))
#71 D:/Codingan/random/_client_projects/pos_tb_nur/webapp/vendor/laravel/framework/src/Illuminate/Foundation/resources/server.php(23): require_once('D://Codingan//ran...')
#72 {main}

[previous exception] [object] (PDOException(code: 42S02): SQLSTATE[42S02]: Base table or view not found: 1146 Table 'pos_tb_nur.departments' doesn't exist at D:/Codingan/random/_client_projects/pos_tb_nur/webapp/vendor/laravel/framework/src/Illuminate/Database/Connection.php:420)
[stacktrace]
#0 D:/Codingan/random/_client_projects/pos_tb_nur/webapp/vendor/laravel/framework/src/Illuminate/Database/Connection.php(420): PDO->prepare('select count(*)...')
#1 D:/Codingan/random/_client_projects/pos_tb_nur/webapp/vendor/laravel/framework/src/Illuminate/Database/Connection.php(827): Illuminate/Database/Connection->Illuminate/Database/{closure}('select count(*)...', Array)
#2 D:/Codingan/random/_client_projects/pos_tb_nur/webapp/vendor/laravel/framework/src/Illuminate/Database/Connection.php(794): Illuminate/Database/Connection->runQueryCallback('select count(*)...', Array, Object(Closure))
#3 D:/Codingan/random/_client_projects/pos_tb_nur/webapp/vendor/laravel/framework/src/Illuminate/Database/Connection.php(411): Illuminate/Database/Connection->run('select count(*)...', Array, Object(Closure))
#4 D:/Codingan/random/_client_projects/pos_tb_nur/webapp/vendor/laravel/framework/src/Illuminate/Database/Query/Builder.php(3505): Illuminate/Database/Connection->select('select count(*)...', Array, true)
#5 D:/Codingan/random/_client_projects/pos_tb_nur/webapp/vendor/laravel/framework/src/Illuminate/Database/Query/Builder.php(3490): Illuminate/Database/Query/Builder->runSelect()
#6 D:/Codingan/random/_client_projects/pos_tb_nur/webapp/vendor/laravel/framework/src/Illuminate/Database/Query/Builder.php(4080): Illuminate/Database/Query/Builder->Illuminate/Database/Query/{closure}()
#7 D:/Codingan/random/_client_projects/pos_tb_nur/webapp/vendor/laravel/framework/src/Illuminate/Database/Query/Builder.php(3489): Illuminate/Database/Query/Builder->onceWithColumns(Array, Object(Closure))
#8 D:/Codingan/random/_client_projects/pos_tb_nur/webapp/vendor/laravel/framework/src/Illuminate/Database/Query/Builder.php(3684): Illuminate/Database/Query/Builder->get()
#9 D:/Codingan/random/_client_projects/pos_tb_nur/webapp/vendor/laravel/framework/src/Illuminate/Database/Query/Builder.php(3643): Illuminate/Database/Query/Builder->runPaginationCountQuery(Array)
#10 D:/Codingan/random/_client_projects/pos_tb_nur/webapp/vendor/laravel/framework/src/Illuminate/Database/Eloquent/Builder.php(1120): Illuminate/Database/Query/Builder->getCountForPagination()
#11 D:/Codingan/random/_client_projects/pos_tb_nur/webapp/app/Support/Backend/BackendResourceIndexQuery.php(110): Illuminate/Database/Eloquent/Builder->paginate(25)
#12 D:/Codingan/random/_client_projects/pos_tb_nur/webapp/app/Http/Controllers/Api/BackendResourceController.php(46): App/Support/Backend/BackendResourceIndexQuery->paginate(Object(App/Support/Backend/BackendResourceBlueprint), Array)
#13 D:/Codingan/random/_client_projects/pos_tb_nur/webapp/vendor/laravel/framework/src/Illuminate/Routing/ControllerDispatcher.php(46): App/Http/Controllers/Api/BackendResourceController->index(Object(App/Http/Requests/Api/Backend/BackendResourceIndexRequest), 'departments')
#14 D:/Codingan/random/_client_projects/pos_tb_nur/webapp/vendor/laravel/framework/src/Illuminate/Routing/Route.php(265): Illuminate/Routing/ControllerDispatcher->dispatch(Object(Illuminate/Routing/Route), Object(App/Http/Controllers/Api/BackendResourceController), 'index')
#15 D:/Codingan/random/_client_projects/pos_tb_nur/webapp/vendor/laravel/framework/src/Illuminate/Routing/Route.php(211): Illuminate/Routing/Route->runController()
#16 D:/Codingan/random/_client_projects/pos_tb_nur/webapp/vendor/laravel/framework/src/Illuminate/Routing/Router.php(822): Illuminate/Routing/Route->run()
#17 D:/Codingan/random/_client_projects/pos_tb_nur/webapp/vendor/laravel/framework/src/Illuminate/Pipeline/Pipeline.php(180): Illuminate/Routing/Router->Illuminate/Routing/{closure}(Object(Illuminate/Http/Request))
#18 D:/Codingan/random/_client_projects/pos_tb_nur/webapp/app/Http/Middleware/SecureHeaders.php(16): Illuminate/Pipeline/Pipeline->Illuminate/Pipeline/{closure}(Object(Illuminate/Http/Request))
#19 D:/Codingan/random/_client_projects/pos_tb_nur/webapp/vendor/laravel/framework/src/Illuminate/Pipeline/Pipeline.php(219): App/Http/Middleware/SecureHeaders->handle(Object(Illuminate/Http/Request), Object(Closure))
#20 D:/Codingan/random/_client_projects/pos_tb_nur/webapp/vendor/inertiajs/inertia-laravel/src/Middleware.php(138): Illuminate/Pipeline/Pipeline->Illuminate/Pipeline/{closure}(Object(Illuminate/Http/Request))
#21 D:/Codingan/random/_client_projects/pos_tb_nur/webapp/vendor/laravel/framework/src/Illuminate/Pipeline/Pipeline.php(219): Inertia/Middleware->handle(Object(Illuminate/Http/Request), Object(Closure))
#22 D:/Codingan/random/_client_projects/pos_tb_nur/webapp/vendor/laravel/framework/src/Illuminate/Foundation/Http/Middleware/VerifyCsrfToken.php(87): Illuminate/Pipeline/Pipeline->Illuminate/Pipeline/{closure}(Object(Illuminate/Http/Request))
#23 D:/Codingan/random/_client_projects/pos_tb_nur/webapp/vendor/laravel/framework/src/Illuminate/Pipeline/Pipeline.php(219): Illuminate/Foundation/Http/Middleware/VerifyCsrfToken->handle(Object(Illuminate/Http/Request), Object(Closure))
#24 D:/Codingan/random/_client_projects/pos_tb_nur/webapp/vendor/laravel/framework/src/Illuminate/Routing/Middleware/SubstituteBindings.php(50): Illuminate/Pipeline/Pipeline->Illuminate/Pipeline/{closure}(Object(Illuminate/Http/Request))
#25 D:/Codingan/random/_client_projects/pos_tb_nur/webapp/vendor/laravel/framework/src/Illuminate/Pipeline/Pipeline.php(219): Illuminate/Routing/Middleware/SubstituteBindings->handle(Object(Illuminate/Http/Request), Object(Closure))
#26 D:/Codingan/random/_client_projects/pos_tb_nur/webapp/vendor/laravel/framework/src/Illuminate/Routing/Middleware/ThrottleRequests.php(166): Illuminate/Pipeline/Pipeline->Illuminate/Pipeline/{closure}(Object(Illuminate/Http/Request))
#27 D:/Codingan/random/_client_projects/pos_tb_nur/webapp/vendor/laravel/framework/src/Illuminate/Routing/Middleware/ThrottleRequests.php(129): Illuminate/Routing/Middleware/ThrottleRequests->handleRequest(Object(Illuminate/Http/Request), Object(Closure), Array)
#28 D:/Codingan/random/_client_projects/pos_tb_nur/webapp/vendor/laravel/framework/src/Illuminate/Routing/Middleware/ThrottleRequests.php(90): Illuminate/Routing/Middleware/ThrottleRequests->handleRequestUsingNamedLimiter(Object(Illuminate/Http/Request), Object(Closure), 'api', Object(Closure))
#29 D:/Codingan/random/_client_projects/pos_tb_nur/webapp/vendor/laravel/framework/src/Illuminate/Pipeline/Pipeline.php(219): Illuminate/Routing/Middleware/ThrottleRequests->handle(Object(Illuminate/Http/Request), Object(Closure), 'api')
#30 D:/Codingan/random/_client_projects/pos_tb_nur/webapp/vendor/laravel/framework/src/Illuminate/Auth/Middleware/Authenticate.php(63): Illuminate/Pipeline/Pipeline->Illuminate/Pipeline/{closure}(Object(Illuminate/Http/Request))
#31 D:/Codingan/random/_client_projects/pos_tb_nur/webapp/vendor/laravel/framework/src/Illuminate/Pipeline/Pipeline.php(219): Illuminate/Auth/Middleware/Authenticate->handle(Object(Illuminate/Http/Request), Object(Closure))
#32 D:/Codingan/random/_client_projects/pos_tb_nur/webapp/vendor/laravel/framework/src/Illuminate/View/Middleware/ShareErrorsFromSession.php(48): Illuminate/Pipeline/Pipeline->Illuminate/Pipeline/{closure}(Object(Illuminate/Http/Request))
#33 D:/Codingan/random/_client_projects/pos_tb_nur/webapp/vendor/laravel/framework/src/Illuminate/Pipeline/Pipeline.php(219): Illuminate/View/Middleware/ShareErrorsFromSession->handle(Object(Illuminate/Http/Request), Object(Closure))
#34 D:/Codingan/random/_client_projects/pos_tb_nur/webapp/vendor/laravel/framework/src/Illuminate/Session/Middleware/StartSession.php(120): Illuminate/Pipeline/Pipeline->Illuminate/Pipeline/{closure}(Object(Illuminate/Http/Request))
#35 D:/Codingan/random/_client_projects/pos_tb_nur/webapp/vendor/laravel/framework/src/Illuminate/Session/Middleware/StartSession.php(63): Illuminate/Session/Middleware/StartSession->handleStatefulRequest(Object(Illuminate/Http/Request), Object(Illuminate/Session/Store), Object(Closure))
#36 D:/Codingan/random/_client_projects/pos_tb_nur/webapp/vendor/laravel/framework/src/Illuminate/Pipeline/Pipeline.php(219): Illuminate/Session/Middleware/StartSession->handle(Object(Illuminate/Http/Request), Object(Closure))
#37 D:/Codingan/random/_client_projects/pos_tb_nur/webapp/vendor/laravel/framework/src/Illuminate/Cookie/Middleware/AddQueuedCookiesToResponse.php(36): Illuminate/Pipeline/Pipeline->Illuminate/Pipeline/{closure}(Object(Illuminate/Http/Request))
#38 D:/Codingan/random/_client_projects/pos_tb_nur/webapp/vendor/laravel/framework/src/Illuminate/Pipeline/Pipeline.php(219): Illuminate/Cookie/Middleware/AddQueuedCookiesToResponse->handle(Object(Illuminate/Http/Request), Object(Closure))
#39 D:/Codingan/random/_client_projects/pos_tb_nur/webapp/vendor/laravel/framework/src/Illuminate/Cookie/Middleware/EncryptCookies.php(74): Illuminate/Pipeline/Pipeline->Illuminate/Pipeline/{closure}(Object(Illuminate/Http/Request))
#40 D:/Codingan/random/_client_projects/pos_tb_nur/webapp/vendor/laravel/framework/src/Illuminate/Pipeline/Pipeline.php(219): Illuminate/Cookie/Middleware/EncryptCookies->handle(Object(Illuminate/Http/Request), Object(Closure))
#41 D:/Codingan/random/_client_projects/pos_tb_nur/webapp/vendor/laravel/framework/src/Illuminate/Pipeline/Pipeline.php(137): Illuminate/Pipeline/Pipeline->Illuminate/Pipeline/{closure}(Object(Illuminate/Http/Request))
#42 D:/Codingan/random/_client_projects/pos_tb_nur/webapp/vendor/laravel/framework/src/Illuminate/Routing/Router.php(821): Illuminate/Pipeline/Pipeline->then(Object(Closure))
#43 D:/Codingan/random/_client_projects/pos_tb_nur/webapp/vendor/laravel/framework/src/Illuminate/Routing/Router.php(800): Illuminate/Routing/Router->runRouteWithinStack(Object(Illuminate/Routing/Route), Object(Illuminate/Http/Request))
#44 D:/Codingan/random/_client_projects/pos_tb_nur/webapp/vendor/laravel/framework/src/Illuminate/Routing/Router.php(764): Illuminate/Routing/Router->runRoute(Object(Illuminate/Http/Request), Object(Illuminate/Routing/Route))
#45 D:/Codingan/random/_client_projects/pos_tb_nur/webapp/vendor/laravel/framework/src/Illuminate/Routing/Router.php(753): Illuminate/Routing/Router->dispatchToRoute(Object(Illuminate/Http/Request))
#46 D:/Codingan/random/_client_projects/pos_tb_nur/webapp/vendor/laravel/framework/src/Illuminate/Foundation/Http/Kernel.php(200): Illuminate/Routing/Router->dispatch(Object(Illuminate/Http/Request))
#47 D:/Codingan/random/_client_projects/pos_tb_nur/webapp/vendor/laravel/framework/src/Illuminate/Pipeline/Pipeline.php(180): Illuminate/Foundation/Http/Kernel->Illuminate/Foundation/Http/{closure}(Object(Illuminate/Http/Request))
#48 D:/Codingan/random/_client_projects/pos_tb_nur/webapp/vendor/inertiajs/inertia-laravel/src/Middleware/EnsureGetOnRedirect.php(19): Illuminate/Pipeline/Pipeline->Illuminate/Pipeline/{closure}(Object(Illuminate/Http/Request))
#49 D:/Codingan/random/_client_projects/pos_tb_nur/webapp/vendor/laravel/framework/src/Illuminate/Pipeline/Pipeline.php(219): Inertia/Middleware/EnsureGetOnRedirect->handle(Object(Illuminate/Http/Request), Object(Closure))
#50 D:/Codingan/random/_client_projects/pos_tb_nur/webapp/vendor/laravel/framework/src/Illuminate/Foundation/Http/Middleware/TransformsRequest.php(21): Illuminate/Pipeline/Pipeline->Illuminate/Pipeline/{closure}(Object(Illuminate/Http/Request))
#51 D:/Codingan/random/_client_projects/pos_tb_nur/webapp/vendor/laravel/framework/src/Illuminate/Foundation/Http/Middleware/ConvertEmptyStringsToNull.php(31): Illuminate/Foundation/Http/Middleware/TransformsRequest->handle(Object(Illuminate/Http/Request), Object(Closure))
#52 D:/Codingan/random/_client_projects/pos_tb_nur/webapp/vendor/laravel/framework/src/Illuminate/Pipeline/Pipeline.php(219): Illuminate/Foundation/Http/Middleware/ConvertEmptyStringsToNull->handle(Object(Illuminate/Http/Request), Object(Closure))
#53 D:/Codingan/random/_client_projects/pos_tb_nur/webapp/vendor/laravel/framework/src/Illuminate/Foundation/Http/Middleware/TransformsRequest.php(21): Illuminate/Pipeline/Pipeline->Illuminate/Pipeline/{closure}(Object(Illuminate/Http/Request))
#54 D:/Codingan/random/_client_projects/pos_tb_nur/webapp/vendor/laravel/framework/src/Illuminate/Foundation/Http/Middleware/TrimStrings.php(51): Illuminate/Foundation/Http/Middleware/TransformsRequest->handle(Object(Illuminate/Http/Request), Object(Closure))
#55 D:/Codingan/random/_client_projects/pos_tb_nur/webapp/vendor/laravel/framework/src/Illuminate/Pipeline/Pipeline.php(219): Illuminate/Foundation/Http/Middleware/TrimStrings->handle(Object(Illuminate/Http/Request), Object(Closure))
#56 D:/Codingan/random/_client_projects/pos_tb_nur/webapp/vendor/laravel/framework/src/Illuminate/Http/Middleware/ValidatePostSize.php(27): Illuminate/Pipeline/Pipeline->Illuminate/Pipeline/{closure}(Object(Illuminate/Http/Request))
#57 D:/Codingan/random/_client_projects/pos_tb_nur/webapp/vendor/laravel/framework/src/Illuminate/Pipeline/Pipeline.php(219): Illuminate/Http/Middleware/ValidatePostSize->handle(Object(Illuminate/Http/Request), Object(Closure))
#58 D:/Codingan/random/_client_projects/pos_tb_nur/webapp/vendor/laravel/framework/src/Illuminate/Foundation/Http/Middleware/PreventRequestsDuringMaintenance.php(109): Illuminate/Pipeline/Pipeline->Illuminate/Pipeline/{closure}(Object(Illuminate/Http/Request))
#59 D:/Codingan/random/_client_projects/pos_tb_nur/webapp/vendor/laravel/framework/src/Illuminate/Pipeline/Pipeline.php(219): Illuminate/Foundation/Http/Middleware/PreventRequestsDuringMaintenance->handle(Object(Illuminate/Http/Request), Object(Closure))
#60 D:/Codingan/random/_client_projects/pos_tb_nur/webapp/vendor/laravel/framework/src/Illuminate/Http/Middleware/HandleCors.php(74): Illuminate/Pipeline/Pipeline->Illuminate/Pipeline/{closure}(Object(Illuminate/Http/Request))
#61 D:/Codingan/random/_client_projects/pos_tb_nur/webapp/vendor/laravel/framework/src/Illuminate/Pipeline/Pipeline.php(219): Illuminate/Http/Middleware/HandleCors->handle(Object(Illuminate/Http/Request), Object(Closure))
#62 D:/Codingan/random/_client_projects/pos_tb_nur/webapp/vendor/laravel/framework/src/Illuminate/Http/Middleware/TrustProxies.php(58): Illuminate/Pipeline/Pipeline->Illuminate/Pipeline/{closure}(Object(Illuminate/Http/Request))
#63 D:/Codingan/random/_client_projects/pos_tb_nur/webapp/vendor/laravel/framework/src/Illuminate/Pipeline/Pipeline.php(219): Illuminate/Http/Middleware/TrustProxies->handle(Object(Illuminate/Http/Request), Object(Closure))
#64 D:/Codingan/random/_client_projects/pos_tb_nur/webapp/vendor/laravel/framework/src/Illuminate/Foundation/Http/Middleware/InvokeDeferredCallbacks.php(22): Illuminate/Pipeline/Pipeline->Illuminate/Pipeline/{closure}(Object(Illuminate/Http/Request))
#65 D:/Codingan/random/_client_projects/pos_tb_nur/webapp/vendor/laravel/framework/src/Illuminate/Pipeline/Pipeline.php(219): Illuminate/Foundation/Http/Middleware/InvokeDeferredCallbacks->handle(Object(Illuminate/Http/Request), Object(Closure))
#66 D:/Codingan/random/_client_projects/pos_tb_nur/webapp/vendor/laravel/framework/src/Illuminate/Http/Middleware/ValidatePathEncoding.php(26): Illuminate/Pipeline/Pipeline->Illuminate/Pipeline/{closure}(Object(Illuminate/Http/Request))
#67 D:/Codingan/random/_client_projects/pos_tb_nur/webapp/vendor/laravel/framework/src/Illuminate/Pipeline/Pipeline.php(219): Illuminate/Http/Middleware/ValidatePathEncoding->handle(Object(Illuminate/Http/Request), Object(Closure))
#68 D:/Codingan/random/_client_projects/pos_tb_nur/webapp/vendor/laravel/framework/src/Illuminate/Pipeline/Pipeline.php(137): Illuminate/Pipeline/Pipeline->Illuminate/Pipeline/{closure}(Object(Illuminate/Http/Request))
#69 D:/Codingan/random/_client_projects/pos_tb_nur/webapp/vendor/laravel/framework/src/Illuminate/Foundation/Http/Kernel.php(175): Illuminate/Pipeline/Pipeline->then(Object(Closure))
#70 D:/Codingan/random/_client_projects/pos_tb_nur/webapp/vendor/laravel/framework/src/Illuminate/Foundation/Http/Kernel.php(144): Illuminate/Foundation/Http/Kernel->sendRequestThroughRouter(Object(Illuminate/Http/Request))
#71 D:/Codingan/random/_client_projects/pos_tb_nur/webapp/vendor/laravel/framework/src/Illuminate/Foundation/Application.php(1220): Illuminate/Foundation/Http/Kernel->handle(Object(Illuminate/Http/Request))
#72 D:/Codingan/random/_client_projects/pos_tb_nur/webapp/public/index.php(20): Illuminate/Foundation/Application->handleRequest(Object(Illuminate/Http/Request))
#73 D:/Codingan/random/_client_projects/pos_tb_nur/webapp/vendor/laravel/framework/src/Illuminate/Foundation/resources/server.php(23): require_once('D://Codingan//ran...')
#74 {main}
"} 
[2026-08-02 01:10:18] local.ERROR: SQLSTATE[42S02]: Base table or view not found: 1146 Table 'pos_tb_nur.departments' doesn't exist (Connection: mysql, Host: 127.0.0.1, Port: 3306, Database: pos_tb_nur, SQL: select count(*) as aggregate from `departments`) {"userId":1,"exception":"[object] (Illuminate\\Database\\QueryException(code: 42S02): SQLSTATE[42S02]: Base table or view not found: 1146 Table 'pos_tb_nur.departments' doesn't exist (Connection: mysql, Host: 127.0.0.1, Port: 3306, Database: pos_tb_nur, SQL: select count(*) as aggregate from `departments`) at D:/Codingan/random/_client_projects/pos_tb_nur/webapp/vendor/laravel/framework/src/Illuminate/Database/Connection.php:838)
[stacktrace]
#0 D:/Codingan/random/_client_projects/pos_tb_nur/webapp/vendor/laravel/framework/src/Illuminate/Database/Connection.php(794): Illuminate/Database/Connection->runQueryCallback('select count(*)...', Array, Object(Closure))
#1 D:/Codingan/random/_client_projects/pos_tb_nur/webapp/vendor/laravel/framework/src/Illuminate/Database/Connection.php(411): Illuminate/Database/Connection->run('select count(*)...', Array, Object(Closure))
#2 D:/Codingan/random/_client_projects/pos_tb_nur/webapp/vendor/laravel/framework/src/Illuminate/Database/Query/Builder.php(3505): Illuminate/Database/Connection->select('select count(*)...', Array, true)
#3 D:/Codingan/random/_client_projects/pos_tb_nur/webapp/vendor/laravel/framework/src/Illuminate/Database/Query/Builder.php(3490): Illuminate/Database/Query/Builder->runSelect()
#4 D:/Codingan/random/_client_projects/pos_tb_nur/webapp/vendor/laravel/framework/src/Illuminate/Database/Query/Builder.php(4080): Illuminate/Database/Query/Builder->Illuminate/Database/Query/{closure}()
#5 D:/Codingan/random/_client_projects/pos_tb_nur/webapp/vendor/laravel/framework/src/Illuminate/Database/Query/Builder.php(3489): Illuminate/Database/Query/Builder->onceWithColumns(Array, Object(Closure))
#6 D:/Codingan/random/_client_projects/pos_tb_nur/webapp/vendor/laravel/framework/src/Illuminate/Database/Query/Builder.php(3684): Illuminate/Database/Query/Builder->get()
#7 D:/Codingan/random/_client_projects/pos_tb_nur/webapp/vendor/laravel/framework/src/Illuminate/Database/Query/Builder.php(3643): Illuminate/Database/Query/Builder->runPaginationCountQuery(Array)
#8 D:/Codingan/random/_client_projects/pos_tb_nur/webapp/vendor/laravel/framework/src/Illuminate/Database/Eloquent/Builder.php(1120): Illuminate/Database/Query/Builder->getCountForPagination()
#9 D:/Codingan/random/_client_projects/pos_tb_nur/webapp/app/Support/Backend/BackendResourceIndexQuery.php(110): Illuminate/Database/Eloquent/Builder->paginate(25)
#10 D:/Codingan/random/_client_projects/pos_tb_nur/webapp/app/Http/Controllers/Api/BackendResourceController.php(46): App/Support/Backend/BackendResourceIndexQuery->paginate(Object(App/Support/Backend/BackendResourceBlueprint), Array)
#11 D:/Codingan/random/_client_projects/pos_tb_nur/webapp/vendor/laravel/framework/src/Illuminate/Routing/ControllerDispatcher.php(46): App/Http/Controllers/Api/BackendResourceController->index(Object(App/Http/Requests/Api/Backend/BackendResourceIndexRequest), 'departments')
#12 D:/Codingan/random/_client_projects/pos_tb_nur/webapp/vendor/laravel/framework/src/Illuminate/Routing/Route.php(265): Illuminate/Routing/ControllerDispatcher->dispatch(Object(Illuminate/Routing/Route), Object(App/Http/Controllers/Api/BackendResourceController), 'index')
#13 D:/Codingan/random/_client_projects/pos_tb_nur/webapp/vendor/laravel/framework/src/Illuminate/Routing/Route.php(211): Illuminate/Routing/Route->runController()
#14 D:/Codingan/random/_client_projects/pos_tb_nur/webapp/vendor/laravel/framework/src/Illuminate/Routing/Router.php(822): Illuminate/Routing/Route->run()
#15 D:/Codingan/random/_client_projects/pos_tb_nur/webapp/vendor/laravel/framework/src/Illuminate/Pipeline/Pipeline.php(180): Illuminate/Routing/Router->Illuminate/Routing/{closure}(Object(Illuminate/Http/Request))
#16 D:/Codingan/random/_client_projects/pos_tb_nur/webapp/app/Http/Middleware/SecureHeaders.php(16): Illuminate/Pipeline/Pipeline->Illuminate/Pipeline/{closure}(Object(Illuminate/Http/Request))
#17 D:/Codingan/random/_client_projects/pos_tb_nur/webapp/vendor/laravel/framework/src/Illuminate/Pipeline/Pipeline.php(219): App/Http/Middleware/SecureHeaders->handle(Object(Illuminate/Http/Request), Object(Closure))
#18 D:/Codingan/random/_client_projects/pos_tb_nur/webapp/vendor/inertiajs/inertia-laravel/src/Middleware.php(138): Illuminate/Pipeline/Pipeline->Illuminate/Pipeline/{closure}(Object(Illuminate/Http/Request))
#19 D:/Codingan/random/_client_projects/pos_tb_nur/webapp/vendor/laravel/framework/src/Illuminate/Pipeline/Pipeline.php(219): Inertia/Middleware->handle(Object(Illuminate/Http/Request), Object(Closure))
#20 D:/Codingan/random/_client_projects/pos_tb_nur/webapp/vendor/laravel/framework/src/Illuminate/Foundation/Http/Middleware/VerifyCsrfToken.php(87): Illuminate/Pipeline/Pipeline->Illuminate/Pipeline/{closure}(Object(Illuminate/Http/Request))
#21 D:/Codingan/random/_client_projects/pos_tb_nur/webapp/vendor/laravel/framework/src/Illuminate/Pipeline/Pipeline.php(219): Illuminate/Foundation/Http/Middleware/VerifyCsrfToken->handle(Object(Illuminate/Http/Request), Object(Closure))
#22 D:/Codingan/random/_client_projects/pos_tb_nur/webapp/vendor/laravel/framework/src/Illuminate/Routing/Middleware/SubstituteBindings.php(50): Illuminate/Pipeline/Pipeline->Illuminate/Pipeline/{closure}(Object(Illuminate/Http/Request))
#23 D:/Codingan/random/_client_projects/pos_tb_nur/webapp/vendor/laravel/framework/src/Illuminate/Pipeline/Pipeline.php(219): Illuminate/Routing/Middleware/SubstituteBindings->handle(Object(Illuminate/Http/Request), Object(Closure))
#24 D:/Codingan/random/_client_projects/pos_tb_nur/webapp/vendor/laravel/framework/src/Illuminate/Routing/Middleware/ThrottleRequests.php(166): Illuminate/Pipeline/Pipeline->Illuminate/Pipeline/{closure}(Object(Illuminate/Http/Request))
#25 D:/Codingan/random/_client_projects/pos_tb_nur/webapp/vendor/laravel/framework/src/Illuminate/Routing/Middleware/ThrottleRequests.php(129): Illuminate/Routing/Middleware/ThrottleRequests->handleRequest(Object(Illuminate/Http/Request), Object(Closure), Array)
#26 D:/Codingan/random/_client_projects/pos_tb_nur/webapp/vendor/laravel/framework/src/Illuminate/Routing/Middleware/ThrottleRequests.php(90): Illuminate/Routing/Middleware/ThrottleRequests->handleRequestUsingNamedLimiter(Object(Illuminate/Http/Request), Object(Closure), 'api', Object(Closure))
#27 D:/Codingan/random/_client_projects/pos_tb_nur/webapp/vendor/laravel/framework/src/Illuminate/Pipeline/Pipeline.php(219): Illuminate/Routing/Middleware/ThrottleRequests->handle(Object(Illuminate/Http/Request), Object(Closure), 'api')
#28 D:/Codingan/random/_client_projects/pos_tb_nur/webapp/vendor/laravel/framework/src/Illuminate/Auth/Middleware/Authenticate.php(63): Illuminate/Pipeline/Pipeline->Illuminate/Pipeline/{closure}(Object(Illuminate/Http/Request))
#29 D:/Codingan/random/_client_projects/pos_tb_nur/webapp/vendor/laravel/framework/src/Illuminate/Pipeline/Pipeline.php(219): Illuminate/Auth/Middleware/Authenticate->handle(Object(Illuminate/Http/Request), Object(Closure))
#30 D:/Codingan/random/_client_projects/pos_tb_nur/webapp/vendor/laravel/framework/src/Illuminate/View/Middleware/ShareErrorsFromSession.php(48): Illuminate/Pipeline/Pipeline->Illuminate/Pipeline/{closure}(Object(Illuminate/Http/Request))
#31 D:/Codingan/random/_client_projects/pos_tb_nur/webapp/vendor/laravel/framework/src/Illuminate/Pipeline/Pipeline.php(219): Illuminate/View/Middleware/ShareErrorsFromSession->handle(Object(Illuminate/Http/Request), Object(Closure))
#32 D:/Codingan/random/_client_projects/pos_tb_nur/webapp/vendor/laravel/framework/src/Illuminate/Session/Middleware/StartSession.php(120): Illuminate/Pipeline/Pipeline->Illuminate/Pipeline/{closure}(Object(Illuminate/Http/Request))
#33 D:/Codingan/random/_client_projects/pos_tb_nur/webapp/vendor/laravel/framework/src/Illuminate/Session/Middleware/StartSession.php(63): Illuminate/Session/Middleware/StartSession->handleStatefulRequest(Object(Illuminate/Http/Request), Object(Illuminate/Session/Store), Object(Closure))
#34 D:/Codingan/random/_client_projects/pos_tb_nur/webapp/vendor/laravel/framework/src/Illuminate/Pipeline/Pipeline.php(219): Illuminate/Session/Middleware/StartSession->handle(Object(Illuminate/Http/Request), Object(Closure))
#35 D:/Codingan/random/_client_projects/pos_tb_nur/webapp/vendor/laravel/framework/src/Illuminate/Cookie/Middleware/AddQueuedCookiesToResponse.php(36): Illuminate/Pipeline/Pipeline->Illuminate/Pipeline/{closure}(Object(Illuminate/Http/Request))
#36 D:/Codingan/random/_client_projects/pos_tb_nur/webapp/vendor/laravel/framework/src/Illuminate/Pipeline/Pipeline.php(219): Illuminate/Cookie/Middleware/AddQueuedCookiesToResponse->handle(Object(Illuminate/Http/Request), Object(Closure))
#37 D:/Codingan/random/_client_projects/pos_tb_nur/webapp/vendor/laravel/framework/src/Illuminate/Cookie/Middleware/EncryptCookies.php(74): Illuminate/Pipeline/Pipeline->Illuminate/Pipeline/{closure}(Object(Illuminate/Http/Request))
#38 D:/Codingan/random/_client_projects/pos_tb_nur/webapp/vendor/laravel/framework/src/Illuminate/Pipeline/Pipeline.php(219): Illuminate/Cookie/Middleware/EncryptCookies->handle(Object(Illuminate/Http/Request), Object(Closure))
#39 D:/Codingan/random/_client_projects/pos_tb_nur/webapp/vendor/laravel/framework/src/Illuminate/Pipeline/Pipeline.php(137): Illuminate/Pipeline/Pipeline->Illuminate/Pipeline/{closure}(Object(Illuminate/Http/Request))
#40 D:/Codingan/random/_client_projects/pos_tb_nur/webapp/vendor/laravel/framework/src/Illuminate/Routing/Router.php(821): Illuminate/Pipeline/Pipeline->then(Object(Closure))
#41 D:/Codingan/random/_client_projects/pos_tb_nur/webapp/vendor/laravel/framework/src/Illuminate/Routing/Router.php(800): Illuminate/Routing/Router->runRouteWithinStack(Object(Illuminate/Routing/Route), Object(Illuminate/Http/Request))
#42 D:/Codingan/random/_client_projects/pos_tb_nur/webapp/vendor/laravel/framework/src/Illuminate/Routing/Router.php(764): Illuminate/Routing/Router->runRoute(Object(Illuminate/Http/Request), Object(Illuminate/Routing/Route))
#43 D:/Codingan/random/_client_projects/pos_tb_nur/webapp/vendor/laravel/framework/src/Illuminate/Routing/Router.php(753): Illuminate/Routing/Router->dispatchToRoute(Object(Illuminate/Http/Request))
#44 D:/Codingan/random/_client_projects/pos_tb_nur/webapp/vendor/laravel/framework/src/Illuminate/Foundation/Http/Kernel.php(200): Illuminate/Routing/Router->dispatch(Object(Illuminate/Http/Request))
#45 D:/Codingan/random/_client_projects/pos_tb_nur/webapp/vendor/laravel/framework/src/Illuminate/Pipeline/Pipeline.php(180): Illuminate/Foundation/Http/Kernel->Illuminate/Foundation/Http/{closure}(Object(Illuminate/Http/Request))
#46 D:/Codingan/random/_client_projects/pos_tb_nur/webapp/vendor/inertiajs/inertia-laravel/src/Middleware/EnsureGetOnRedirect.php(19): Illuminate/Pipeline/Pipeline->Illuminate/Pipeline/{closure}(Object(Illuminate/Http/Request))
#47 D:/Codingan/random/_client_projects/pos_tb_nur/webapp/vendor/laravel/framework/src/Illuminate/Pipeline/Pipeline.php(219): Inertia/Middleware/EnsureGetOnRedirect->handle(Object(Illuminate/Http/Request), Object(Closure))
#48 D:/Codingan/random/_client_projects/pos_tb_nur/webapp/vendor/laravel/framework/src/Illuminate/Foundation/Http/Middleware/TransformsRequest.php(21): Illuminate/Pipeline/Pipeline->Illuminate/Pipeline/{closure}(Object(Illuminate/Http/Request))
#49 D:/Codingan/random/_client_projects/pos_tb_nur/webapp/vendor/laravel/framework/src/Illuminate/Foundation/Http/Middleware/ConvertEmptyStringsToNull.php(31): Illuminate/Foundation/Http/Middleware/TransformsRequest->handle(Object(Illuminate/Http/Request), Object(Closure))
#50 D:/Codingan/random/_client_projects/pos_tb_nur/webapp/vendor/laravel/framework/src/Illuminate/Pipeline/Pipeline.php(219): Illuminate/Foundation/Http/Middleware/ConvertEmptyStringsToNull->handle(Object(Illuminate/Http/Request), Object(Closure))
#51 D:/Codingan/random/_client_projects/pos_tb_nur/webapp/vendor/laravel/framework/src/Illuminate/Foundation/Http/Middleware/TransformsRequest.php(21): Illuminate/Pipeline/Pipeline->Illuminate/Pipeline/{closure}(Object(Illuminate/Http/Request))
#52 D:/Codingan/random/_client_projects/pos_tb_nur/webapp/vendor/laravel/framework/src/Illuminate/Foundation/Http/Middleware/TrimStrings.php(51): Illuminate/Foundation/Http/Middleware/TransformsRequest->handle(Object(Illuminate/Http/Request), Object(Closure))
#53 D:/Codingan/random/_client_projects/pos_tb_nur/webapp/vendor/laravel/framework/src/Illuminate/Pipeline/Pipeline.php(219): Illuminate/Foundation/Http/Middleware/TrimStrings->handle(Object(Illuminate/Http/Request), Object(Closure))
#54 D:/Codingan/random/_client_projects/pos_tb_nur/webapp/vendor/laravel/framework/src/Illuminate/Http/Middleware/ValidatePostSize.php(27): Illuminate/Pipeline/Pipeline->Illuminate/Pipeline/{closure}(Object(Illuminate/Http/Request))
#55 D:/Codingan/random/_client_projects/pos_tb_nur/webapp/vendor/laravel/framework/src/Illuminate/Pipeline/Pipeline.php(219): Illuminate/Http/Middleware/ValidatePostSize->handle(Object(Illuminate/Http/Request), Object(Closure))
#56 D:/Codingan/random/_client_projects/pos_tb_nur/webapp/vendor/laravel/framework/src/Illuminate/Foundation/Http/Middleware/PreventRequestsDuringMaintenance.php(109): Illuminate/Pipeline/Pipeline->Illuminate/Pipeline/{closure}(Object(Illuminate/Http/Request))
#57 D:/Codingan/random/_client_projects/pos_tb_nur/webapp/vendor/laravel/framework/src/Illuminate/Pipeline/Pipeline.php(219): Illuminate/Foundation/Http/Middleware/PreventRequestsDuringMaintenance->handle(Object(Illuminate/Http/Request), Object(Closure))
#58 D:/Codingan/random/_client_projects/pos_tb_nur/webapp/vendor/laravel/framework/src/Illuminate/Http/Middleware/HandleCors.php(74): Illuminate/Pipeline/Pipeline->Illuminate/Pipeline/{closure}(Object(Illuminate/Http/Request))
#59 D:/Codingan/random/_client_projects/pos_tb_nur/webapp/vendor/laravel/framework/src/Illuminate/Pipeline/Pipeline.php(219): Illuminate/Http/Middleware/HandleCors->handle(Object(Illuminate/Http/Request), Object(Closure))
#60 D:/Codingan/random/_client_projects/pos_tb_nur/webapp/vendor/laravel/framework/src/Illuminate/Http/Middleware/TrustProxies.php(58): Illuminate/Pipeline/Pipeline->Illuminate/Pipeline/{closure}(Object(Illuminate/Http/Request))
#61 D:/Codingan/random/_client_projects/pos_tb_nur/webapp/vendor/laravel/framework/src/Illuminate/Pipeline/Pipeline.php(219): Illuminate/Http/Middleware/TrustProxies->handle(Object(Illuminate/Http/Request), Object(Closure))
#62 D:/Codingan/random/_client_projects/pos_tb_nur/webapp/vendor/laravel/framework/src/Illuminate/Foundation/Http/Middleware/InvokeDeferredCallbacks.php(22): Illuminate/Pipeline/Pipeline->Illuminate/Pipeline/{closure}(Object(Illuminate/Http/Request))
#63 D:/Codingan/random/_client_projects/pos_tb_nur/webapp/vendor/laravel/framework/src/Illuminate/Pipeline/Pipeline.php(219): Illuminate/Foundation/Http/Middleware/InvokeDeferredCallbacks->handle(Object(Illuminate/Http/Request), Object(Closure))
#64 D:/Codingan/random/_client_projects/pos_tb_nur/webapp/vendor/laravel/framework/src/Illuminate/Http/Middleware/ValidatePathEncoding.php(26): Illuminate/Pipeline/Pipeline->Illuminate/Pipeline/{closure}(Object(Illuminate/Http/Request))
#65 D:/Codingan/random/_client_projects/pos_tb_nur/webapp/vendor/laravel/framework/src/Illuminate/Pipeline/Pipeline.php(219): Illuminate/Http/Middleware/ValidatePathEncoding->handle(Object(Illuminate/Http/Request), Object(Closure))
#66 D:/Codingan/random/_client_projects/pos_tb_nur/webapp/vendor/laravel/framework/src/Illuminate/Pipeline/Pipeline.php(137): Illuminate/Pipeline/Pipeline->Illuminate/Pipeline/{closure}(Object(Illuminate/Http/Request))
#67 D:/Codingan/random/_client_projects/pos_tb_nur/webapp/vendor/laravel/framework/src/Illuminate/Foundation/Http/Kernel.php(175): Illuminate/Pipeline/Pipeline->then(Object(Closure))
#68 D:/Codingan/random/_client_projects/pos_tb_nur/webapp/vendor/laravel/framework/src/Illuminate/Foundation/Http/Kernel.php(144): Illuminate/Foundation/Http/Kernel->sendRequestThroughRouter(Object(Illuminate/Http/Request))
#69 D:/Codingan/random/_client_projects/pos_tb_nur/webapp/vendor/laravel/framework/src/Illuminate/Foundation/Application.php(1220): Illuminate/Foundation/Http/Kernel->handle(Object(Illuminate/Http/Request))
#70 D:/Codingan/random/_client_projects/pos_tb_nur/webapp/public/index.php(20): Illuminate/Foundation/Application->handleRequest(Object(Illuminate/Http/Request))
#71 D:/Codingan/random/_client_projects/pos_tb_nur/webapp/vendor/laravel/framework/src/Illuminate/Foundation/resources/server.php(23): require_once('D://Codingan//ran...')
#72 {main}

[previous exception] [object] (PDOException(code: 42S02): SQLSTATE[42S02]: Base table or view not found: 1146 Table 'pos_tb_nur.departments' doesn't exist at D:/Codingan/random/_client_projects/pos_tb_nur/webapp/vendor/laravel/framework/src/Illuminate/Database/Connection.php:420)
[stacktrace]
#0 D:/Codingan/random/_client_projects/pos_tb_nur/webapp/vendor/laravel/framework/src/Illuminate/Database/Connection.php(420): PDO->prepare('select count(*)...')
#1 D:/Codingan/random/_client_projects/pos_tb_nur/webapp/vendor/laravel/framework/src/Illuminate/Database/Connection.php(827): Illuminate/Database/Connection->Illuminate/Database/{closure}('select count(*)...', Array)
#2 D:/Codingan/random/_client_projects/pos_tb_nur/webapp/vendor/laravel/framework/src/Illuminate/Database/Connection.php(794): Illuminate/Database/Connection->runQueryCallback('select count(*)...', Array, Object(Closure))
#3 D:/Codingan/random/_client_projects/pos_tb_nur/webapp/vendor/laravel/framework/src/Illuminate/Database/Connection.php(411): Illuminate/Database/Connection->run('select count(*)...', Array, Object(Closure))
#4 D:/Codingan/random/_client_projects/pos_tb_nur/webapp/vendor/laravel/framework/src/Illuminate/Database/Query/Builder.php(3505): Illuminate/Database/Connection->select('select count(*)...', Array, true)
#5 D:/Codingan/random/_client_projects/pos_tb_nur/webapp/vendor/laravel/framework/src/Illuminate/Database/Query/Builder.php(3490): Illuminate/Database/Query/Builder->runSelect()
#6 D:/Codingan/random/_client_projects/pos_tb_nur/webapp/vendor/laravel/framework/src/Illuminate/Database/Query/Builder.php(4080): Illuminate/Database/Query/Builder->Illuminate/Database/Query/{closure}()
#7 D:/Codingan/random/_client_projects/pos_tb_nur/webapp/vendor/laravel/framework/src/Illuminate/Database/Query/Builder.php(3489): Illuminate/Database/Query/Builder->onceWithColumns(Array, Object(Closure))
#8 D:/Codingan/random/_client_projects/pos_tb_nur/webapp/vendor/laravel/framework/src/Illuminate/Database/Query/Builder.php(3684): Illuminate/Database/Query/Builder->get()
#9 D:/Codingan/random/_client_projects/pos_tb_nur/webapp/vendor/laravel/framework/src/Illuminate/Database/Query/Builder.php(3643): Illuminate/Database/Query/Builder->runPaginationCountQuery(Array)
#10 D:/Codingan/random/_client_projects/pos_tb_nur/webapp/vendor/laravel/framework/src/Illuminate/Database/Eloquent/Builder.php(1120): Illuminate/Database/Query/Builder->getCountForPagination()
#11 D:/Codingan/random/_client_projects/pos_tb_nur/webapp/app/Support/Backend/BackendResourceIndexQuery.php(110): Illuminate/Database/Eloquent/Builder->paginate(25)
#12 D:/Codingan/random/_client_projects/pos_tb_nur/webapp/app/Http/Controllers/Api/BackendResourceController.php(46): App/Support/Backend/BackendResourceIndexQuery->paginate(Object(App/Support/Backend/BackendResourceBlueprint), Array)
#13 D:/Codingan/random/_client_projects/pos_tb_nur/webapp/vendor/laravel/framework/src/Illuminate/Routing/ControllerDispatcher.php(46): App/Http/Controllers/Api/BackendResourceController->index(Object(App/Http/Requests/Api/Backend/BackendResourceIndexRequest), 'departments')
#14 D:/Codingan/random/_client_projects/pos_tb_nur/webapp/vendor/laravel/framework/src/Illuminate/Routing/Route.php(265): Illuminate/Routing/ControllerDispatcher->dispatch(Object(Illuminate/Routing/Route), Object(App/Http/Controllers/Api/BackendResourceController), 'index')
#15 D:/Codingan/random/_client_projects/pos_tb_nur/webapp/vendor/laravel/framework/src/Illuminate/Routing/Route.php(211): Illuminate/Routing/Route->runController()
#16 D:/Codingan/random/_client_projects/pos_tb_nur/webapp/vendor/laravel/framework/src/Illuminate/Routing/Router.php(822): Illuminate/Routing/Route->run()
#17 D:/Codingan/random/_client_projects/pos_tb_nur/webapp/vendor/laravel/framework/src/Illuminate/Pipeline/Pipeline.php(180): Illuminate/Routing/Router->Illuminate/Routing/{closure}(Object(Illuminate/Http/Request))
#18 D:/Codingan/random/_client_projects/pos_tb_nur/webapp/app/Http/Middleware/SecureHeaders.php(16): Illuminate/Pipeline/Pipeline->Illuminate/Pipeline/{closure}(Object(Illuminate/Http/Request))
#19 D:/Codingan/random/_client_projects/pos_tb_nur/webapp/vendor/laravel/framework/src/Illuminate/Pipeline/Pipeline.php(219): App/Http/Middleware/SecureHeaders->handle(Object(Illuminate/Http/Request), Object(Closure))
#20 D:/Codingan/random/_client_projects/pos_tb_nur/webapp/vendor/inertiajs/inertia-laravel/src/Middleware.php(138): Illuminate/Pipeline/Pipeline->Illuminate/Pipeline/{closure}(Object(Illuminate/Http/Request))
#21 D:/Codingan/random/_client_projects/pos_tb_nur/webapp/vendor/laravel/framework/src/Illuminate/Pipeline/Pipeline.php(219): Inertia/Middleware->handle(Object(Illuminate/Http/Request), Object(Closure))
#22 D:/Codingan/random/_client_projects/pos_tb_nur/webapp/vendor/laravel/framework/src/Illuminate/Foundation/Http/Middleware/VerifyCsrfToken.php(87): Illuminate/Pipeline/Pipeline->Illuminate/Pipeline/{closure}(Object(Illuminate/Http/Request))
#23 D:/Codingan/random/_client_projects/pos_tb_nur/webapp/vendor/laravel/framework/src/Illuminate/Pipeline/Pipeline.php(219): Illuminate/Foundation/Http/Middleware/VerifyCsrfToken->handle(Object(Illuminate/Http/Request), Object(Closure))
#24 D:/Codingan/random/_client_projects/pos_tb_nur/webapp/vendor/laravel/framework/src/Illuminate/Routing/Middleware/SubstituteBindings.php(50): Illuminate/Pipeline/Pipeline->Illuminate/Pipeline/{closure}(Object(Illuminate/Http/Request))
#25 D:/Codingan/random/_client_projects/pos_tb_nur/webapp/vendor/laravel/framework/src/Illuminate/Pipeline/Pipeline.php(219): Illuminate/Routing/Middleware/SubstituteBindings->handle(Object(Illuminate/Http/Request), Object(Closure))
#26 D:/Codingan/random/_client_projects/pos_tb_nur/webapp/vendor/laravel/framework/src/Illuminate/Routing/Middleware/ThrottleRequests.php(166): Illuminate/Pipeline/Pipeline->Illuminate/Pipeline/{closure}(Object(Illuminate/Http/Request))
#27 D:/Codingan/random/_client_projects/pos_tb_nur/webapp/vendor/laravel/framework/src/Illuminate/Routing/Middleware/ThrottleRequests.php(129): Illuminate/Routing/Middleware/ThrottleRequests->handleRequest(Object(Illuminate/Http/Request), Object(Closure), Array)
#28 D:/Codingan/random/_client_projects/pos_tb_nur/webapp/vendor/laravel/framework/src/Illuminate/Routing/Middleware/ThrottleRequests.php(90): Illuminate/Routing/Middleware/ThrottleRequests->handleRequestUsingNamedLimiter(Object(Illuminate/Http/Request), Object(Closure), 'api', Object(Closure))
#29 D:/Codingan/random/_client_projects/pos_tb_nur/webapp/vendor/laravel/framework/src/Illuminate/Pipeline/Pipeline.php(219): Illuminate/Routing/Middleware/ThrottleRequests->handle(Object(Illuminate/Http/Request), Object(Closure), 'api')
#30 D:/Codingan/random/_client_projects/pos_tb_nur/webapp/vendor/laravel/framework/src/Illuminate/Auth/Middleware/Authenticate.php(63): Illuminate/Pipeline/Pipeline->Illuminate/Pipeline/{closure}(Object(Illuminate/Http/Request))
#31 D:/Codingan/random/_client_projects/pos_tb_nur/webapp/vendor/laravel/framework/src/Illuminate/Pipeline/Pipeline.php(219): Illuminate/Auth/Middleware/Authenticate->handle(Object(Illuminate/Http/Request), Object(Closure))
#32 D:/Codingan/random/_client_projects/pos_tb_nur/webapp/vendor/laravel/framework/src/Illuminate/View/Middleware/ShareErrorsFromSession.php(48): Illuminate/Pipeline/Pipeline->Illuminate/Pipeline/{closure}(Object(Illuminate/Http/Request))
#33 D:/Codingan/random/_client_projects/pos_tb_nur/webapp/vendor/laravel/framework/src/Illuminate/Pipeline/Pipeline.php(219): Illuminate/View/Middleware/ShareErrorsFromSession->handle(Object(Illuminate/Http/Request), Object(Closure))
#34 D:/Codingan/random/_client_projects/pos_tb_nur/webapp/vendor/laravel/framework/src/Illuminate/Session/Middleware/StartSession.php(120): Illuminate/Pipeline/Pipeline->Illuminate/Pipeline/{closure}(Object(Illuminate/Http/Request))
#35 D:/Codingan/random/_client_projects/pos_tb_nur/webapp/vendor/laravel/framework/src/Illuminate/Session/Middleware/StartSession.php(63): Illuminate/Session/Middleware/StartSession->handleStatefulRequest(Object(Illuminate/Http/Request), Object(Illuminate/Session/Store), Object(Closure))
#36 D:/Codingan/random/_client_projects/pos_tb_nur/webapp/vendor/laravel/framework/src/Illuminate/Pipeline/Pipeline.php(219): Illuminate/Session/Middleware/StartSession->handle(Object(Illuminate/Http/Request), Object(Closure))
#37 D:/Codingan/random/_client_projects/pos_tb_nur/webapp/vendor/laravel/framework/src/Illuminate/Cookie/Middleware/AddQueuedCookiesToResponse.php(36): Illuminate/Pipeline/Pipeline->Illuminate/Pipeline/{closure}(Object(Illuminate/Http/Request))
#38 D:/Codingan/random/_client_projects/pos_tb_nur/webapp/vendor/laravel/framework/src/Illuminate/Pipeline/Pipeline.php(219): Illuminate/Cookie/Middleware/AddQueuedCookiesToResponse->handle(Object(Illuminate/Http/Request), Object(Closure))
#39 D:/Codingan/random/_client_projects/pos_tb_nur/webapp/vendor/laravel/framework/src/Illuminate/Cookie/Middleware/EncryptCookies.php(74): Illuminate/Pipeline/Pipeline->Illuminate/Pipeline/{closure}(Object(Illuminate/Http/Request))
#40 D:/Codingan/random/_client_projects/pos_tb_nur/webapp/vendor/laravel/framework/src/Illuminate/Pipeline/Pipeline.php(219): Illuminate/Cookie/Middleware/EncryptCookies->handle(Object(Illuminate/Http/Request), Object(Closure))
#41 D:/Codingan/random/_client_projects/pos_tb_nur/webapp/vendor/laravel/framework/src/Illuminate/Pipeline/Pipeline.php(137): Illuminate/Pipeline/Pipeline->Illuminate/Pipeline/{closure}(Object(Illuminate/Http/Request))
#42 D:/Codingan/random/_client_projects/pos_tb_nur/webapp/vendor/laravel/framework/src/Illuminate/Routing/Router.php(821): Illuminate/Pipeline/Pipeline->then(Object(Closure))
#43 D:/Codingan/random/_client_projects/pos_tb_nur/webapp/vendor/laravel/framework/src/Illuminate/Routing/Router.php(800): Illuminate/Routing/Router->runRouteWithinStack(Object(Illuminate/Routing/Route), Object(Illuminate/Http/Request))
#44 D:/Codingan/random/_client_projects/pos_tb_nur/webapp/vendor/laravel/framework/src/Illuminate/Routing/Router.php(764): Illuminate/Routing/Router->runRoute(Object(Illuminate/Http/Request), Object(Illuminate/Routing/Route))
#45 D:/Codingan/random/_client_projects/pos_tb_nur/webapp/vendor/laravel/framework/src/Illuminate/Routing/Router.php(753): Illuminate/Routing/Router->dispatchToRoute(Object(Illuminate/Http/Request))
#46 D:/Codingan/random/_client_projects/pos_tb_nur/webapp/vendor/laravel/framework/src/Illuminate/Foundation/Http/Kernel.php(200): Illuminate/Routing/Router->dispatch(Object(Illuminate/Http/Request))
#47 D:/Codingan/random/_client_projects/pos_tb_nur/webapp/vendor/laravel/framework/src/Illuminate/Pipeline/Pipeline.php(180): Illuminate/Foundation/Http/Kernel->Illuminate/Foundation/Http/{closure}(Object(Illuminate/Http/Request))
#48 D:/Codingan/random/_client_projects/pos_tb_nur/webapp/vendor/inertiajs/inertia-laravel/src/Middleware/EnsureGetOnRedirect.php(19): Illuminate/Pipeline/Pipeline->Illuminate/Pipeline/{closure}(Object(Illuminate/Http/Request))
#49 D:/Codingan/random/_client_projects/pos_tb_nur/webapp/vendor/laravel/framework/src/Illuminate/Pipeline/Pipeline.php(219): Inertia/Middleware/EnsureGetOnRedirect->handle(Object(Illuminate/Http/Request), Object(Closure))
#50 D:/Codingan/random/_client_projects/pos_tb_nur/webapp/vendor/laravel/framework/src/Illuminate/Foundation/Http/Middleware/TransformsRequest.php(21): Illuminate/Pipeline/Pipeline->Illuminate/Pipeline/{closure}(Object(Illuminate/Http/Request))
#51 D:/Codingan/random/_client_projects/pos_tb_nur/webapp/vendor/laravel/framework/src/Illuminate/Foundation/Http/Middleware/ConvertEmptyStringsToNull.php(31): Illuminate/Foundation/Http/Middleware/TransformsRequest->handle(Object(Illuminate/Http/Request), Object(Closure))
#52 D:/Codingan/random/_client_projects/pos_tb_nur/webapp/vendor/laravel/framework/src/Illuminate/Pipeline/Pipeline.php(219): Illuminate/Foundation/Http/Middleware/ConvertEmptyStringsToNull->handle(Object(Illuminate/Http/Request), Object(Closure))
#53 D:/Codingan/random/_client_projects/pos_tb_nur/webapp/vendor/laravel/framework/src/Illuminate/Foundation/Http/Middleware/TransformsRequest.php(21): Illuminate/Pipeline/Pipeline->Illuminate/Pipeline/{closure}(Object(Illuminate/Http/Request))
#54 D:/Codingan/random/_client_projects/pos_tb_nur/webapp/vendor/laravel/framework/src/Illuminate/Foundation/Http/Middleware/TrimStrings.php(51): Illuminate/Foundation/Http/Middleware/TransformsRequest->handle(Object(Illuminate/Http/Request), Object(Closure))
#55 D:/Codingan/random/_client_projects/pos_tb_nur/webapp/vendor/laravel/framework/src/Illuminate/Pipeline/Pipeline.php(219): Illuminate/Foundation/Http/Middleware/TrimStrings->handle(Object(Illuminate/Http/Request), Object(Closure))
#56 D:/Codingan/random/_client_projects/pos_tb_nur/webapp/vendor/laravel/framework/src/Illuminate/Http/Middleware/ValidatePostSize.php(27): Illuminate/Pipeline/Pipeline->Illuminate/Pipeline/{closure}(Object(Illuminate/Http/Request))
#57 D:/Codingan/random/_client_projects/pos_tb_nur/webapp/vendor/laravel/framework/src/Illuminate/Pipeline/Pipeline.php(219): Illuminate/Http/Middleware/ValidatePostSize->handle(Object(Illuminate/Http/Request), Object(Closure))
#58 D:/Codingan/random/_client_projects/pos_tb_nur/webapp/vendor/laravel/framework/src/Illuminate/Foundation/Http/Middleware/PreventRequestsDuringMaintenance.php(109): Illuminate/Pipeline/Pipeline->Illuminate/Pipeline/{closure}(Object(Illuminate/Http/Request))
#59 D:/Codingan/random/_client_projects/pos_tb_nur/webapp/vendor/laravel/framework/src/Illuminate/Pipeline/Pipeline.php(219): Illuminate/Foundation/Http/Middleware/PreventRequestsDuringMaintenance->handle(Object(Illuminate/Http/Request), Object(Closure))
#60 D:/Codingan/random/_client_projects/pos_tb_nur/webapp/vendor/laravel/framework/src/Illuminate/Http/Middleware/HandleCors.php(74): Illuminate/Pipeline/Pipeline->Illuminate/Pipeline/{closure}(Object(Illuminate/Http/Request))
#61 D:/Codingan/random/_client_projects/pos_tb_nur/webapp/vendor/laravel/framework/src/Illuminate/Pipeline/Pipeline.php(219): Illuminate/Http/Middleware/HandleCors->handle(Object(Illuminate/Http/Request), Object(Closure))
#62 D:/Codingan/random/_client_projects/pos_tb_nur/webapp/vendor/laravel/framework/src/Illuminate/Http/Middleware/TrustProxies.php(58): Illuminate/Pipeline/Pipeline->Illuminate/Pipeline/{closure}(Object(Illuminate/Http/Request))
#63 D:/Codingan/random/_client_projects/pos_tb_nur/webapp/vendor/laravel/framework/src/Illuminate/Pipeline/Pipeline.php(219): Illuminate/Http/Middleware/TrustProxies->handle(Object(Illuminate/Http/Request), Object(Closure))
#64 D:/Codingan/random/_client_projects/pos_tb_nur/webapp/vendor/laravel/framework/src/Illuminate/Foundation/Http/Middleware/InvokeDeferredCallbacks.php(22): Illuminate/Pipeline/Pipeline->Illuminate/Pipeline/{closure}(Object(Illuminate/Http/Request))
#65 D:/Codingan/random/_client_projects/pos_tb_nur/webapp/vendor/laravel/framework/src/Illuminate/Pipeline/Pipeline.php(219): Illuminate/Foundation/Http/Middleware/InvokeDeferredCallbacks->handle(Object(Illuminate/Http/Request), Object(Closure))
#66 D:/Codingan/random/_client_projects/pos_tb_nur/webapp/vendor/laravel/framework/src/Illuminate/Http/Middleware/ValidatePathEncoding.php(26): Illuminate/Pipeline/Pipeline->Illuminate/Pipeline/{closure}(Object(Illuminate/Http/Request))
#67 D:/Codingan/random/_client_projects/pos_tb_nur/webapp/vendor/laravel/framework/src/Illuminate/Pipeline/Pipeline.php(219): Illuminate/Http/Middleware/ValidatePathEncoding->handle(Object(Illuminate/Http/Request), Object(Closure))
#68 D:/Codingan/random/_client_projects/pos_tb_nur/webapp/vendor/laravel/framework/src/Illuminate/Pipeline/Pipeline.php(137): Illuminate/Pipeline/Pipeline->Illuminate/Pipeline/{closure}(Object(Illuminate/Http/Request))
#69 D:/Codingan/random/_client_projects/pos_tb_nur/webapp/vendor/laravel/framework/src/Illuminate/Foundation/Http/Kernel.php(175): Illuminate/Pipeline/Pipeline->then(Object(Closure))
#70 D:/Codingan/random/_client_projects/pos_tb_nur/webapp/vendor/laravel/framework/src/Illuminate/Foundation/Http/Kernel.php(144): Illuminate/Foundation/Http/Kernel->sendRequestThroughRouter(Object(Illuminate/Http/Request))
#71 D:/Codingan/random/_client_projects/pos_tb_nur/webapp/vendor/laravel/framework/src/Illuminate/Foundation/Application.php(1220): Illuminate/Foundation/Http/Kernel->handle(Object(Illuminate/Http/Request))
#72 D:/Codingan/random/_client_projects/pos_tb_nur/webapp/public/index.php(20): Illuminate/Foundation/Application->handleRequest(Object(Illuminate/Http/Request))
#73 D:/Codingan/random/_client_projects/pos_tb_nur/webapp/vendor/laravel/framework/src/Illuminate/Foundation/resources/server.php(23): require_once('D://Codingan//ran...')
#74 {main}
"} 
