[2026-07-31 17:42:34] testing.ERROR: forced failure {"exception":"[object] (RuntimeException(code: 0): forced failure at D:/Codingan/random/_client_projects/pos_tb_nur/webapp/tests/Feature/ErrorPageTest.php:35)
[stacktrace]
#0 D:/Codingan/random/_client_projects/pos_tb_nur/webapp/vendor/laravel/framework/src/Illuminate/Routing/CallableDispatcher.php(39): Tests/Feature/ErrorPageTest->Tests/Feature/{closure}()
#1 D:/Codingan/random/_client_projects/pos_tb_nur/webapp/vendor/laravel/framework/src/Illuminate/Routing/Route.php(243): Illuminate/Routing/CallableDispatcher->dispatch(Object(Illuminate/Routing/Route), Object(Closure))
#2 D:/Codingan/random/_client_projects/pos_tb_nur/webapp/vendor/laravel/framework/src/Illuminate/Routing/Route.php(214): Illuminate/Routing/Route->runCallable()
#3 D:/Codingan/random/_client_projects/pos_tb_nur/webapp/vendor/laravel/framework/src/Illuminate/Routing/Router.php(822): Illuminate/Routing/Route->run()
#4 D:/Codingan/random/_client_projects/pos_tb_nur/webapp/vendor/laravel/framework/src/Illuminate/Pipeline/Pipeline.php(180): Illuminate/Routing/Router->Illuminate/Routing/{closure}(Object(Illuminate/Http/Request))
#5 D:/Codingan/random/_client_projects/pos_tb_nur/webapp/app/Http/Middleware/SecureHeaders.php(16): Illuminate/Pipeline/Pipeline->Illuminate/Pipeline/{closure}(Object(Illuminate/Http/Request))
#6 D:/Codingan/random/_client_projects/pos_tb_nur/webapp/vendor/laravel/framework/src/Illuminate/Pipeline/Pipeline.php(219): App/Http/Middleware/SecureHeaders->handle(Object(Illuminate/Http/Request), Object(Closure))
#7 D:/Codingan/random/_client_projects/pos_tb_nur/webapp/vendor/inertiajs/inertia-laravel/src/Middleware.php(138): Illuminate/Pipeline/Pipeline->Illuminate/Pipeline/{closure}(Object(Illuminate/Http/Request))
#8 D:/Codingan/random/_client_projects/pos_tb_nur/webapp/vendor/laravel/framework/src/Illuminate/Pipeline/Pipeline.php(219): Inertia/Middleware->handle(Object(Illuminate/Http/Request), Object(Closure))
#9 D:/Codingan/random/_client_projects/pos_tb_nur/webapp/vendor/laravel/framework/src/Illuminate/Routing/Middleware/SubstituteBindings.php(50): Illuminate/Pipeline/Pipeline->Illuminate/Pipeline/{closure}(Object(Illuminate/Http/Request))
#10 D:/Codingan/random/_client_projects/pos_tb_nur/webapp/vendor/laravel/framework/src/Illuminate/Pipeline/Pipeline.php(219): Illuminate/Routing/Middleware/SubstituteBindings->handle(Object(Illuminate/Http/Request), Object(Closure))
#11 D:/Codingan/random/_client_projects/pos_tb_nur/webapp/vendor/laravel/framework/src/Illuminate/Foundation/Http/Middleware/VerifyCsrfToken.php(87): Illuminate/Pipeline/Pipeline->Illuminate/Pipeline/{closure}(Object(Illuminate/Http/Request))
#12 D:/Codingan/random/_client_projects/pos_tb_nur/webapp/vendor/laravel/framework/src/Illuminate/Pipeline/Pipeline.php(219): Illuminate/Foundation/Http/Middleware/VerifyCsrfToken->handle(Object(Illuminate/Http/Request), Object(Closure))
#13 D:/Codingan/random/_client_projects/pos_tb_nur/webapp/vendor/laravel/framework/src/Illuminate/View/Middleware/ShareErrorsFromSession.php(48): Illuminate/Pipeline/Pipeline->Illuminate/Pipeline/{closure}(Object(Illuminate/Http/Request))
#14 D:/Codingan/random/_client_projects/pos_tb_nur/webapp/vendor/laravel/framework/src/Illuminate/Pipeline/Pipeline.php(219): Illuminate/View/Middleware/ShareErrorsFromSession->handle(Object(Illuminate/Http/Request), Object(Closure))
#15 D:/Codingan/random/_client_projects/pos_tb_nur/webapp/vendor/laravel/framework/src/Illuminate/Session/Middleware/StartSession.php(120): Illuminate/Pipeline/Pipeline->Illuminate/Pipeline/{closure}(Object(Illuminate/Http/Request))
#16 D:/Codingan/random/_client_projects/pos_tb_nur/webapp/vendor/laravel/framework/src/Illuminate/Session/Middleware/StartSession.php(63): Illuminate/Session/Middleware/StartSession->handleStatefulRequest(Object(Illuminate/Http/Request), Object(Illuminate/Session/Store), Object(Closure))
#17 D:/Codingan/random/_client_projects/pos_tb_nur/webapp/vendor/laravel/framework/src/Illuminate/Pipeline/Pipeline.php(219): Illuminate/Session/Middleware/StartSession->handle(Object(Illuminate/Http/Request), Object(Closure))
#18 D:/Codingan/random/_client_projects/pos_tb_nur/webapp/vendor/laravel/framework/src/Illuminate/Cookie/Middleware/AddQueuedCookiesToResponse.php(36): Illuminate/Pipeline/Pipeline->Illuminate/Pipeline/{closure}(Object(Illuminate/Http/Request))
#19 D:/Codingan/random/_client_projects/pos_tb_nur/webapp/vendor/laravel/framework/src/Illuminate/Pipeline/Pipeline.php(219): Illuminate/Cookie/Middleware/AddQueuedCookiesToResponse->handle(Object(Illuminate/Http/Request), Object(Closure))
#20 D:/Codingan/random/_client_projects/pos_tb_nur/webapp/vendor/laravel/framework/src/Illuminate/Cookie/Middleware/EncryptCookies.php(74): Illuminate/Pipeline/Pipeline->Illuminate/Pipeline/{closure}(Object(Illuminate/Http/Request))
#21 D:/Codingan/random/_client_projects/pos_tb_nur/webapp/vendor/laravel/framework/src/Illuminate/Pipeline/Pipeline.php(219): Illuminate/Cookie/Middleware/EncryptCookies->handle(Object(Illuminate/Http/Request), Object(Closure))
#22 D:/Codingan/random/_client_projects/pos_tb_nur/webapp/vendor/laravel/framework/src/Illuminate/Pipeline/Pipeline.php(137): Illuminate/Pipeline/Pipeline->Illuminate/Pipeline/{closure}(Object(Illuminate/Http/Request))
#23 D:/Codingan/random/_client_projects/pos_tb_nur/webapp/vendor/laravel/framework/src/Illuminate/Routing/Router.php(821): Illuminate/Pipeline/Pipeline->then(Object(Closure))
#24 D:/Codingan/random/_client_projects/pos_tb_nur/webapp/vendor/laravel/framework/src/Illuminate/Routing/Router.php(800): Illuminate/Routing/Router->runRouteWithinStack(Object(Illuminate/Routing/Route), Object(Illuminate/Http/Request))
#25 D:/Codingan/random/_client_projects/pos_tb_nur/webapp/vendor/laravel/framework/src/Illuminate/Routing/Router.php(764): Illuminate/Routing/Router->runRoute(Object(Illuminate/Http/Request), Object(Illuminate/Routing/Route))
#26 D:/Codingan/random/_client_projects/pos_tb_nur/webapp/vendor/laravel/framework/src/Illuminate/Routing/Router.php(753): Illuminate/Routing/Router->dispatchToRoute(Object(Illuminate/Http/Request))
#27 D:/Codingan/random/_client_projects/pos_tb_nur/webapp/vendor/laravel/framework/src/Illuminate/Foundation/Http/Kernel.php(200): Illuminate/Routing/Router->dispatch(Object(Illuminate/Http/Request))
#28 D:/Codingan/random/_client_projects/pos_tb_nur/webapp/vendor/laravel/framework/src/Illuminate/Pipeline/Pipeline.php(180): Illuminate/Foundation/Http/Kernel->Illuminate/Foundation/Http/{closure}(Object(Illuminate/Http/Request))
#29 D:/Codingan/random/_client_projects/pos_tb_nur/webapp/vendor/inertiajs/inertia-laravel/src/Middleware/EnsureGetOnRedirect.php(19): Illuminate/Pipeline/Pipeline->Illuminate/Pipeline/{closure}(Object(Illuminate/Http/Request))
#30 D:/Codingan/random/_client_projects/pos_tb_nur/webapp/vendor/laravel/framework/src/Illuminate/Pipeline/Pipeline.php(219): Inertia/Middleware/EnsureGetOnRedirect->handle(Object(Illuminate/Http/Request), Object(Closure))
#31 D:/Codingan/random/_client_projects/pos_tb_nur/webapp/vendor/laravel/framework/src/Illuminate/Foundation/Http/Middleware/TransformsRequest.php(21): Illuminate/Pipeline/Pipeline->Illuminate/Pipeline/{closure}(Object(Illuminate/Http/Request))
#32 D:/Codingan/random/_client_projects/pos_tb_nur/webapp/vendor/laravel/framework/src/Illuminate/Foundation/Http/Middleware/ConvertEmptyStringsToNull.php(31): Illuminate/Foundation/Http/Middleware/TransformsRequest->handle(Object(Illuminate/Http/Request), Object(Closure))
#33 D:/Codingan/random/_client_projects/pos_tb_nur/webapp/vendor/laravel/framework/src/Illuminate/Pipeline/Pipeline.php(219): Illuminate/Foundation/Http/Middleware/ConvertEmptyStringsToNull->handle(Object(Illuminate/Http/Request), Object(Closure))
#34 D:/Codingan/random/_client_projects/pos_tb_nur/webapp/vendor/laravel/framework/src/Illuminate/Foundation/Http/Middleware/TransformsRequest.php(21): Illuminate/Pipeline/Pipeline->Illuminate/Pipeline/{closure}(Object(Illuminate/Http/Request))
#35 D:/Codingan/random/_client_projects/pos_tb_nur/webapp/vendor/laravel/framework/src/Illuminate/Foundation/Http/Middleware/TrimStrings.php(51): Illuminate/Foundation/Http/Middleware/TransformsRequest->handle(Object(Illuminate/Http/Request), Object(Closure))
#36 D:/Codingan/random/_client_projects/pos_tb_nur/webapp/vendor/laravel/framework/src/Illuminate/Pipeline/Pipeline.php(219): Illuminate/Foundation/Http/Middleware/TrimStrings->handle(Object(Illuminate/Http/Request), Object(Closure))
#37 D:/Codingan/random/_client_projects/pos_tb_nur/webapp/vendor/laravel/framework/src/Illuminate/Http/Middleware/ValidatePostSize.php(27): Illuminate/Pipeline/Pipeline->Illuminate/Pipeline/{closure}(Object(Illuminate/Http/Request))
#38 D:/Codingan/random/_client_projects/pos_tb_nur/webapp/vendor/laravel/framework/src/Illuminate/Pipeline/Pipeline.php(219): Illuminate/Http/Middleware/ValidatePostSize->handle(Object(Illuminate/Http/Request), Object(Closure))
#39 D:/Codingan/random/_client_projects/pos_tb_nur/webapp/vendor/laravel/framework/src/Illuminate/Foundation/Http/Middleware/PreventRequestsDuringMaintenance.php(109): Illuminate/Pipeline/Pipeline->Illuminate/Pipeline/{closure}(Object(Illuminate/Http/Request))
#40 D:/Codingan/random/_client_projects/pos_tb_nur/webapp/vendor/laravel/framework/src/Illuminate/Pipeline/Pipeline.php(219): Illuminate/Foundation/Http/Middleware/PreventRequestsDuringMaintenance->handle(Object(Illuminate/Http/Request), Object(Closure))
#41 D:/Codingan/random/_client_projects/pos_tb_nur/webapp/vendor/laravel/framework/src/Illuminate/Http/Middleware/HandleCors.php(61): Illuminate/Pipeline/Pipeline->Illuminate/Pipeline/{closure}(Object(Illuminate/Http/Request))
#42 D:/Codingan/random/_client_projects/pos_tb_nur/webapp/vendor/laravel/framework/src/Illuminate/Pipeline/Pipeline.php(219): Illuminate/Http/Middleware/HandleCors->handle(Object(Illuminate/Http/Request), Object(Closure))
#43 D:/Codingan/random/_client_projects/pos_tb_nur/webapp/vendor/laravel/framework/src/Illuminate/Http/Middleware/TrustProxies.php(58): Illuminate/Pipeline/Pipeline->Illuminate/Pipeline/{closure}(Object(Illuminate/Http/Request))
#44 D:/Codingan/random/_client_projects/pos_tb_nur/webapp/vendor/laravel/framework/src/Illuminate/Pipeline/Pipeline.php(219): Illuminate/Http/Middleware/TrustProxies->handle(Object(Illuminate/Http/Request), Object(Closure))
#45 D:/Codingan/random/_client_projects/pos_tb_nur/webapp/vendor/laravel/framework/src/Illuminate/Foundation/Http/Middleware/InvokeDeferredCallbacks.php(22): Illuminate/Pipeline/Pipeline->Illuminate/Pipeline/{closure}(Object(Illuminate/Http/Request))
#46 D:/Codingan/random/_client_projects/pos_tb_nur/webapp/vendor/laravel/framework/src/Illuminate/Pipeline/Pipeline.php(219): Illuminate/Foundation/Http/Middleware/InvokeDeferredCallbacks->handle(Object(Illuminate/Http/Request), Object(Closure))
#47 D:/Codingan/random/_client_projects/pos_tb_nur/webapp/vendor/laravel/framework/src/Illuminate/Http/Middleware/ValidatePathEncoding.php(26): Illuminate/Pipeline/Pipeline->Illuminate/Pipeline/{closure}(Object(Illuminate/Http/Request))
#48 D:/Codingan/random/_client_projects/pos_tb_nur/webapp/vendor/laravel/framework/src/Illuminate/Pipeline/Pipeline.php(219): Illuminate/Http/Middleware/ValidatePathEncoding->handle(Object(Illuminate/Http/Request), Object(Closure))
#49 D:/Codingan/random/_client_projects/pos_tb_nur/webapp/vendor/laravel/framework/src/Illuminate/Pipeline/Pipeline.php(137): Illuminate/Pipeline/Pipeline->Illuminate/Pipeline/{closure}(Object(Illuminate/Http/Request))
#50 D:/Codingan/random/_client_projects/pos_tb_nur/webapp/vendor/laravel/framework/src/Illuminate/Foundation/Http/Kernel.php(175): Illuminate/Pipeline/Pipeline->then(Object(Closure))
#51 D:/Codingan/random/_client_projects/pos_tb_nur/webapp/vendor/laravel/framework/src/Illuminate/Foundation/Http/Kernel.php(144): Illuminate/Foundation/Http/Kernel->sendRequestThroughRouter(Object(Illuminate/Http/Request))
#52 D:/Codingan/random/_client_projects/pos_tb_nur/webapp/vendor/laravel/framework/src/Illuminate/Foundation/Testing/Concerns/MakesHttpRequests.php(607): Illuminate/Foundation/Http/Kernel->handle(Object(Illuminate/Http/Request))
#53 D:/Codingan/random/_client_projects/pos_tb_nur/webapp/vendor/laravel/framework/src/Illuminate/Foundation/Testing/Concerns/MakesHttpRequests.php(368): Illuminate/Foundation/Testing/TestCase->call('GET', '/_test/error-50...', Array, Array, Array, Array)
#54 D:/Codingan/random/_client_projects/pos_tb_nur/webapp/tests/Feature/ErrorPageTest.php(38): Illuminate/Foundation/Testing/TestCase->get('/_test/error-50...')
#55 D:/Codingan/random/_client_projects/pos_tb_nur/webapp/vendor/phpunit/phpunit/src/Framework/TestCase.php(1667): Tests/Feature/ErrorPageTest->test_server_exception_renders_the_friendly_error_page()
#56 D:/Codingan/random/_client_projects/pos_tb_nur/webapp/vendor/phpunit/phpunit/src/Framework/TestCase.php(519): PHPUnit/Framework/TestCase->runTest()
#57 D:/Codingan/random/_client_projects/pos_tb_nur/webapp/vendor/phpunit/phpunit/src/Framework/TestRunner/TestRunner.php(87): PHPUnit/Framework/TestCase->runBare()
#58 D:/Codingan/random/_client_projects/pos_tb_nur/webapp/vendor/phpunit/phpunit/src/Framework/TestCase.php(365): PHPUnit/Framework/TestRunner->run(Object(Tests/Feature/ErrorPageTest))
#59 D:/Codingan/random/_client_projects/pos_tb_nur/webapp/vendor/phpunit/phpunit/src/Framework/TestSuite.php(369): PHPUnit/Framework/TestCase->run()
#60 D:/Codingan/random/_client_projects/pos_tb_nur/webapp/vendor/phpunit/phpunit/src/Framework/TestSuite.php(369): PHPUnit/Framework/TestSuite->run()
#61 D:/Codingan/random/_client_projects/pos_tb_nur/webapp/vendor/phpunit/phpunit/src/Framework/TestSuite.php(369): PHPUnit/Framework/TestSuite->run()
#62 D:/Codingan/random/_client_projects/pos_tb_nur/webapp/vendor/phpunit/phpunit/src/TextUI/TestRunner.php(64): PHPUnit/Framework/TestSuite->run()
#63 D:/Codingan/random/_client_projects/pos_tb_nur/webapp/vendor/phpunit/phpunit/src/TextUI/Application.php(211): PHPUnit/TextUI/TestRunner->run(Object(PHPUnit/TextUI/Configuration/Configuration), Object(PHPUnit/Runner/ResultCache/DefaultResultCache), Object(PHPUnit/Framework/TestSuite))
#64 D:/Codingan/random/_client_projects/pos_tb_nur/webapp/vendor/phpunit/phpunit/phpunit(104): PHPUnit/TextUI/Application->run(Array)
#65 {main}
"} 
[2026-07-31 17:42:52] testing.ERROR: include(D:\Codingan\random\_client_projects\pos_tb_nur\webapp\vendor\composer/../../app/Domain/Catalog/Models/Brand.php): Failed to open stream: No such file or directory {"userId":1,"exception":"[object] (ErrorException(code: 0): include(D:\\Codingan\\random\\_client_projects\\pos_tb_nur\\webapp\\vendor\\composer/../../app/Domain/Catalog/Models/Brand.php): Failed to open stream: No such file or directory at D:/Codingan/random/_client_projects/pos_tb_nur/webapp/vendor/composer/ClassLoader.php:576)
[stacktrace]
#0 D:/Codingan/random/_client_projects/pos_tb_nur/webapp/vendor/laravel/framework/src/Illuminate/Foundation/Bootstrap/HandleExceptions.php(258): Illuminate/Foundation/Bootstrap/HandleExceptions->handleError(2, 'include(D://Codi...', 'D://Codingan//ran...', 576)
#1 D:/Codingan/random/_client_projects/pos_tb_nur/webapp/vendor/composer/ClassLoader.php(576): Illuminate/Foundation/Bootstrap/HandleExceptions->Illuminate/Foundation/Bootstrap/{closure}(2, 'include(D://Codi...', 'D://Codingan//ran...', 576)
#2 D:/Codingan/random/_client_projects/pos_tb_nur/webapp/vendor/composer/ClassLoader.php(576): include('D://Codingan//ran...')
#3 D:/Codingan/random/_client_projects/pos_tb_nur/webapp/vendor/composer/ClassLoader.php(427): Composer/Autoload/{closure}('D://Codingan//ran...')
#4 D:/Codingan/random/_client_projects/pos_tb_nur/webapp/vendor/laravel/framework/src/Illuminate/Database/Eloquent/Concerns/HasRelationships.php(1035): Composer/Autoload/ClassLoader->loadClass('App//Domain//Cata...')
#5 D:/Codingan/random/_client_projects/pos_tb_nur/webapp/vendor/laravel/framework/src/Illuminate/Database/Eloquent/Concerns/HasRelationships.php(355): Illuminate/Database/Eloquent/Model->newRelatedInstance('App//Domain//Cata...')
#6 D:/Codingan/random/_client_projects/pos_tb_nur/webapp/app/Domain/Inventory/Models/InventoryDocument.php(96): Illuminate/Database/Eloquent/Model->belongsTo('App//Domain//Cata...')
#7 D:/Codingan/random/_client_projects/pos_tb_nur/webapp/vendor/laravel/framework/src/Illuminate/Database/Eloquent/Builder.php(967): App/Domain/Inventory/Models/InventoryDocument->brand()
#8 D:/Codingan/random/_client_projects/pos_tb_nur/webapp/vendor/laravel/framework/src/Illuminate/Database/Eloquent/Relations/Relation.php(119): Illuminate/Database/Eloquent/Builder->Illuminate/Database/Eloquent/{closure}()
#9 D:/Codingan/random/_client_projects/pos_tb_nur/webapp/vendor/laravel/framework/src/Illuminate/Database/Eloquent/Builder.php(965): Illuminate/Database/Eloquent/Relations/Relation::noConstraints(Object(Closure))
#10 D:/Codingan/random/_client_projects/pos_tb_nur/webapp/vendor/laravel/framework/src/Illuminate/Database/Eloquent/Builder.php(939): Illuminate/Database/Eloquent/Builder->getRelation('brand')
#11 D:/Codingan/random/_client_projects/pos_tb_nur/webapp/vendor/laravel/framework/src/Illuminate/Database/Eloquent/Builder.php(919): Illuminate/Database/Eloquent/Builder->eagerLoadRelation(Array, 'brand', Object(Closure))
#12 D:/Codingan/random/_client_projects/pos_tb_nur/webapp/vendor/laravel/framework/src/Illuminate/Database/Eloquent/Builder.php(885): Illuminate/Database/Eloquent/Builder->eagerLoadRelations(Array)
#13 D:/Codingan/random/_client_projects/pos_tb_nur/webapp/vendor/laravel/framework/src/Illuminate/Database/Concerns/BuildsQueries.php(366): Illuminate/Database/Eloquent/Builder->get(Array)
#14 D:/Codingan/random/_client_projects/pos_tb_nur/webapp/vendor/laravel/framework/src/Illuminate/Database/Eloquent/Model.php(1843): Illuminate/Database/Eloquent/Builder->first()
#15 D:/Codingan/random/_client_projects/pos_tb_nur/webapp/app/Support/Backend/BackendResourceWriter.php(544): Illuminate/Database/Eloquent/Model->fresh(Array)
#16 D:/Codingan/random/_client_projects/pos_tb_nur/webapp/vendor/laravel/framework/src/Illuminate/Database/Concerns/ManagesTransactions.php(35): App/Support/Backend/BackendResourceWriter->App/Support/Backend/{closure}(Object(Illuminate/Database/SQLiteConnection))
#17 D:/Codingan/random/_client_projects/pos_tb_nur/webapp/vendor/laravel/framework/src/Illuminate/Database/DatabaseManager.php(491): Illuminate/Database/Connection->transaction(Object(Closure))
#18 D:/Codingan/random/_client_projects/pos_tb_nur/webapp/vendor/laravel/framework/src/Illuminate/Support/Facades/Facade.php(363): Illuminate/Database/DatabaseManager->__call('transaction', Array)
#19 D:/Codingan/random/_client_projects/pos_tb_nur/webapp/app/Support/Backend/BackendResourceWriter.php(132): Illuminate/Support/Facades/Facade::__callStatic('transaction', Array)
#20 D:/Codingan/random/_client_projects/pos_tb_nur/webapp/app/Support/Backend/BackendResourceWriter.php(28): App/Support/Backend/BackendResourceWriter->persist(Object(App/Support/Backend/BackendResourceBlueprint), Object(App/Domain/Inventory/Models/StockOpnameOrder), Array)
#21 D:/Codingan/random/_client_projects/pos_tb_nur/webapp/app/Http/Controllers/Api/BackendResourceController.php(84): App/Support/Backend/BackendResourceWriter->create(Object(App/Support/Backend/BackendResourceBlueprint), Array)
#22 D:/Codingan/random/_client_projects/pos_tb_nur/webapp/vendor/laravel/framework/src/Illuminate/Routing/ControllerDispatcher.php(46): App/Http/Controllers/Api/BackendResourceController->store(Object(App/Http/Requests/Api/Backend/BackendResourceStoreRequest), 'stock-opname-or...')
#23 D:/Codingan/random/_client_projects/pos_tb_nur/webapp/vendor/laravel/framework/src/Illuminate/Routing/Route.php(265): Illuminate/Routing/ControllerDispatcher->dispatch(Object(Illuminate/Routing/Route), Object(App/Http/Controllers/Api/BackendResourceController), 'store')
#24 D:/Codingan/random/_client_projects/pos_tb_nur/webapp/vendor/laravel/framework/src/Illuminate/Routing/Route.php(211): Illuminate/Routing/Route->runController()
#25 D:/Codingan/random/_client_projects/pos_tb_nur/webapp/vendor/laravel/framework/src/Illuminate/Routing/Router.php(822): Illuminate/Routing/Route->run()
#26 D:/Codingan/random/_client_projects/pos_tb_nur/webapp/vendor/laravel/framework/src/Illuminate/Pipeline/Pipeline.php(180): Illuminate/Routing/Router->Illuminate/Routing/{closure}(Object(Illuminate/Http/Request))
#27 D:/Codingan/random/_client_projects/pos_tb_nur/webapp/app/Http/Middleware/SecureHeaders.php(16): Illuminate/Pipeline/Pipeline->Illuminate/Pipeline/{closure}(Object(Illuminate/Http/Request))
#28 D:/Codingan/random/_client_projects/pos_tb_nur/webapp/vendor/laravel/framework/src/Illuminate/Pipeline/Pipeline.php(219): App/Http/Middleware/SecureHeaders->handle(Object(Illuminate/Http/Request), Object(Closure))
#29 D:/Codingan/random/_client_projects/pos_tb_nur/webapp/vendor/inertiajs/inertia-laravel/src/Middleware.php(138): Illuminate/Pipeline/Pipeline->Illuminate/Pipeline/{closure}(Object(Illuminate/Http/Request))
#30 D:/Codingan/random/_client_projects/pos_tb_nur/webapp/vendor/laravel/framework/src/Illuminate/Pipeline/Pipeline.php(219): Inertia/Middleware->handle(Object(Illuminate/Http/Request), Object(Closure))
#31 D:/Codingan/random/_client_projects/pos_tb_nur/webapp/vendor/laravel/framework/src/Illuminate/Foundation/Http/Middleware/VerifyCsrfToken.php(87): Illuminate/Pipeline/Pipeline->Illuminate/Pipeline/{closure}(Object(Illuminate/Http/Request))
#32 D:/Codingan/random/_client_projects/pos_tb_nur/webapp/vendor/laravel/framework/src/Illuminate/Pipeline/Pipeline.php(219): Illuminate/Foundation/Http/Middleware/VerifyCsrfToken->handle(Object(Illuminate/Http/Request), Object(Closure))
#33 D:/Codingan/random/_client_projects/pos_tb_nur/webapp/vendor/laravel/framework/src/Illuminate/Routing/Middleware/SubstituteBindings.php(50): Illuminate/Pipeline/Pipeline->Illuminate/Pipeline/{closure}(Object(Illuminate/Http/Request))
#34 D:/Codingan/random/_client_projects/pos_tb_nur/webapp/vendor/laravel/framework/src/Illuminate/Pipeline/Pipeline.php(219): Illuminate/Routing/Middleware/SubstituteBindings->handle(Object(Illuminate/Http/Request), Object(Closure))
#35 D:/Codingan/random/_client_projects/pos_tb_nur/webapp/vendor/laravel/framework/src/Illuminate/Routing/Middleware/ThrottleRequests.php(166): Illuminate/Pipeline/Pipeline->Illuminate/Pipeline/{closure}(Object(Illuminate/Http/Request))
#36 D:/Codingan/random/_client_projects/pos_tb_nur/webapp/vendor/laravel/framework/src/Illuminate/Routing/Middleware/ThrottleRequests.php(129): Illuminate/Routing/Middleware/ThrottleRequests->handleRequest(Object(Illuminate/Http/Request), Object(Closure), Array)
#37 D:/Codingan/random/_client_projects/pos_tb_nur/webapp/vendor/laravel/framework/src/Illuminate/Routing/Middleware/ThrottleRequests.php(90): Illuminate/Routing/Middleware/ThrottleRequests->handleRequestUsingNamedLimiter(Object(Illuminate/Http/Request), Object(Closure), 'api', Object(Closure))
#38 D:/Codingan/random/_client_projects/pos_tb_nur/webapp/vendor/laravel/framework/src/Illuminate/Pipeline/Pipeline.php(219): Illuminate/Routing/Middleware/ThrottleRequests->handle(Object(Illuminate/Http/Request), Object(Closure), 'api')
#39 D:/Codingan/random/_client_projects/pos_tb_nur/webapp/vendor/laravel/framework/src/Illuminate/Auth/Middleware/Authenticate.php(63): Illuminate/Pipeline/Pipeline->Illuminate/Pipeline/{closure}(Object(Illuminate/Http/Request))
#40 D:/Codingan/random/_client_projects/pos_tb_nur/webapp/vendor/laravel/framework/src/Illuminate/Pipeline/Pipeline.php(219): Illuminate/Auth/Middleware/Authenticate->handle(Object(Illuminate/Http/Request), Object(Closure))
#41 D:/Codingan/random/_client_projects/pos_tb_nur/webapp/vendor/laravel/framework/src/Illuminate/View/Middleware/ShareErrorsFromSession.php(48): Illuminate/Pipeline/Pipeline->Illuminate/Pipeline/{closure}(Object(Illuminate/Http/Request))
#42 D:/Codingan/random/_client_projects/pos_tb_nur/webapp/vendor/laravel/framework/src/Illuminate/Pipeline/Pipeline.php(219): Illuminate/View/Middleware/ShareErrorsFromSession->handle(Object(Illuminate/Http/Request), Object(Closure))
#43 D:/Codingan/random/_client_projects/pos_tb_nur/webapp/vendor/laravel/framework/src/Illuminate/Session/Middleware/StartSession.php(120): Illuminate/Pipeline/Pipeline->Illuminate/Pipeline/{closure}(Object(Illuminate/Http/Request))
#44 D:/Codingan/random/_client_projects/pos_tb_nur/webapp/vendor/laravel/framework/src/Illuminate/Session/Middleware/StartSession.php(63): Illuminate/Session/Middleware/StartSession->handleStatefulRequest(Object(Illuminate/Http/Request), Object(Illuminate/Session/Store), Object(Closure))
#45 D:/Codingan/random/_client_projects/pos_tb_nur/webapp/vendor/laravel/framework/src/Illuminate/Pipeline/Pipeline.php(219): Illuminate/Session/Middleware/StartSession->handle(Object(Illuminate/Http/Request), Object(Closure))
#46 D:/Codingan/random/_client_projects/pos_tb_nur/webapp/vendor/laravel/framework/src/Illuminate/Cookie/Middleware/AddQueuedCookiesToResponse.php(36): Illuminate/Pipeline/Pipeline->Illuminate/Pipeline/{closure}(Object(Illuminate/Http/Request))
#47 D:/Codingan/random/_client_projects/pos_tb_nur/webapp/vendor/laravel/framework/src/Illuminate/Pipeline/Pipeline.php(219): Illuminate/Cookie/Middleware/AddQueuedCookiesToResponse->handle(Object(Illuminate/Http/Request), Object(Closure))
#48 D:/Codingan/random/_client_projects/pos_tb_nur/webapp/vendor/laravel/framework/src/Illuminate/Cookie/Middleware/EncryptCookies.php(74): Illuminate/Pipeline/Pipeline->Illuminate/Pipeline/{closure}(Object(Illuminate/Http/Request))
#49 D:/Codingan/random/_client_projects/pos_tb_nur/webapp/vendor/laravel/framework/src/Illuminate/Pipeline/Pipeline.php(219): Illuminate/Cookie/Middleware/EncryptCookies->handle(Object(Illuminate/Http/Request), Object(Closure))
#50 D:/Codingan/random/_client_projects/pos_tb_nur/webapp/vendor/laravel/framework/src/Illuminate/Pipeline/Pipeline.php(137): Illuminate/Pipeline/Pipeline->Illuminate/Pipeline/{closure}(Object(Illuminate/Http/Request))
#51 D:/Codingan/random/_client_projects/pos_tb_nur/webapp/vendor/laravel/framework/src/Illuminate/Routing/Router.php(821): Illuminate/Pipeline/Pipeline->then(Object(Closure))
#52 D:/Codingan/random/_client_projects/pos_tb_nur/webapp/vendor/laravel/framework/src/Illuminate/Routing/Router.php(800): Illuminate/Routing/Router->runRouteWithinStack(Object(Illuminate/Routing/Route), Object(Illuminate/Http/Request))
#53 D:/Codingan/random/_client_projects/pos_tb_nur/webapp/vendor/laravel/framework/src/Illuminate/Routing/Router.php(764): Illuminate/Routing/Router->runRoute(Object(Illuminate/Http/Request), Object(Illuminate/Routing/Route))
#54 D:/Codingan/random/_client_projects/pos_tb_nur/webapp/vendor/laravel/framework/src/Illuminate/Routing/Router.php(753): Illuminate/Routing/Router->dispatchToRoute(Object(Illuminate/Http/Request))
#55 D:/Codingan/random/_client_projects/pos_tb_nur/webapp/vendor/laravel/framework/src/Illuminate/Foundation/Http/Kernel.php(200): Illuminate/Routing/Router->dispatch(Object(Illuminate/Http/Request))
#56 D:/Codingan/random/_client_projects/pos_tb_nur/webapp/vendor/laravel/framework/src/Illuminate/Pipeline/Pipeline.php(180): Illuminate/Foundation/Http/Kernel->Illuminate/Foundation/Http/{closure}(Object(Illuminate/Http/Request))
#57 D:/Codingan/random/_client_projects/pos_tb_nur/webapp/vendor/inertiajs/inertia-laravel/src/Middleware/EnsureGetOnRedirect.php(19): Illuminate/Pipeline/Pipeline->Illuminate/Pipeline/{closure}(Object(Illuminate/Http/Request))
#58 D:/Codingan/random/_client_projects/pos_tb_nur/webapp/vendor/laravel/framework/src/Illuminate/Pipeline/Pipeline.php(219): Inertia/Middleware/EnsureGetOnRedirect->handle(Object(Illuminate/Http/Request), Object(Closure))
#59 D:/Codingan/random/_client_projects/pos_tb_nur/webapp/vendor/laravel/framework/src/Illuminate/Foundation/Http/Middleware/TransformsRequest.php(21): Illuminate/Pipeline/Pipeline->Illuminate/Pipeline/{closure}(Object(Illuminate/Http/Request))
#60 D:/Codingan/random/_client_projects/pos_tb_nur/webapp/vendor/laravel/framework/src/Illuminate/Foundation/Http/Middleware/ConvertEmptyStringsToNull.php(31): Illuminate/Foundation/Http/Middleware/TransformsRequest->handle(Object(Illuminate/Http/Request), Object(Closure))
#61 D:/Codingan/random/_client_projects/pos_tb_nur/webapp/vendor/laravel/framework/src/Illuminate/Pipeline/Pipeline.php(219): Illuminate/Foundation/Http/Middleware/ConvertEmptyStringsToNull->handle(Object(Illuminate/Http/Request), Object(Closure))
#62 D:/Codingan/random/_client_projects/pos_tb_nur/webapp/vendor/laravel/framework/src/Illuminate/Foundation/Http/Middleware/TransformsRequest.php(21): Illuminate/Pipeline/Pipeline->Illuminate/Pipeline/{closure}(Object(Illuminate/Http/Request))
#63 D:/Codingan/random/_client_projects/pos_tb_nur/webapp/vendor/laravel/framework/src/Illuminate/Foundation/Http/Middleware/TrimStrings.php(51): Illuminate/Foundation/Http/Middleware/TransformsRequest->handle(Object(Illuminate/Http/Request), Object(Closure))
#64 D:/Codingan/random/_client_projects/pos_tb_nur/webapp/vendor/laravel/framework/src/Illuminate/Pipeline/Pipeline.php(219): Illuminate/Foundation/Http/Middleware/TrimStrings->handle(Object(Illuminate/Http/Request), Object(Closure))
#65 D:/Codingan/random/_client_projects/pos_tb_nur/webapp/vendor/laravel/framework/src/Illuminate/Http/Middleware/ValidatePostSize.php(27): Illuminate/Pipeline/Pipeline->Illuminate/Pipeline/{closure}(Object(Illuminate/Http/Request))
#66 D:/Codingan/random/_client_projects/pos_tb_nur/webapp/vendor/laravel/framework/src/Illuminate/Pipeline/Pipeline.php(219): Illuminate/Http/Middleware/ValidatePostSize->handle(Object(Illuminate/Http/Request), Object(Closure))
#67 D:/Codingan/random/_client_projects/pos_tb_nur/webapp/vendor/laravel/framework/src/Illuminate/Foundation/Http/Middleware/PreventRequestsDuringMaintenance.php(109): Illuminate/Pipeline/Pipeline->Illuminate/Pipeline/{closure}(Object(Illuminate/Http/Request))
#68 D:/Codingan/random/_client_projects/pos_tb_nur/webapp/vendor/laravel/framework/src/Illuminate/Pipeline/Pipeline.php(219): Illuminate/Foundation/Http/Middleware/PreventRequestsDuringMaintenance->handle(Object(Illuminate/Http/Request), Object(Closure))
#69 D:/Codingan/random/_client_projects/pos_tb_nur/webapp/vendor/laravel/framework/src/Illuminate/Http/Middleware/HandleCors.php(74): Illuminate/Pipeline/Pipeline->Illuminate/Pipeline/{closure}(Object(Illuminate/Http/Request))
#70 D:/Codingan/random/_client_projects/pos_tb_nur/webapp/vendor/laravel/framework/src/Illuminate/Pipeline/Pipeline.php(219): Illuminate/Http/Middleware/HandleCors->handle(Object(Illuminate/Http/Request), Object(Closure))
#71 D:/Codingan/random/_client_projects/pos_tb_nur/webapp/vendor/laravel/framework/src/Illuminate/Http/Middleware/TrustProxies.php(58): Illuminate/Pipeline/Pipeline->Illuminate/Pipeline/{closure}(Object(Illuminate/Http/Request))
#72 D:/Codingan/random/_client_projects/pos_tb_nur/webapp/vendor/laravel/framework/src/Illuminate/Pipeline/Pipeline.php(219): Illuminate/Http/Middleware/TrustProxies->handle(Object(Illuminate/Http/Request), Object(Closure))
#73 D:/Codingan/random/_client_projects/pos_tb_nur/webapp/vendor/laravel/framework/src/Illuminate/Foundation/Http/Middleware/InvokeDeferredCallbacks.php(22): Illuminate/Pipeline/Pipeline->Illuminate/Pipeline/{closure}(Object(Illuminate/Http/Request))
#74 D:/Codingan/random/_client_projects/pos_tb_nur/webapp/vendor/laravel/framework/src/Illuminate/Pipeline/Pipeline.php(219): Illuminate/Foundation/Http/Middleware/InvokeDeferredCallbacks->handle(Object(Illuminate/Http/Request), Object(Closure))
#75 D:/Codingan/random/_client_projects/pos_tb_nur/webapp/vendor/laravel/framework/src/Illuminate/Http/Middleware/ValidatePathEncoding.php(26): Illuminate/Pipeline/Pipeline->Illuminate/Pipeline/{closure}(Object(Illuminate/Http/Request))
#76 D:/Codingan/random/_client_projects/pos_tb_nur/webapp/vendor/laravel/framework/src/Illuminate/Pipeline/Pipeline.php(219): Illuminate/Http/Middleware/ValidatePathEncoding->handle(Object(Illuminate/Http/Request), Object(Closure))
#77 D:/Codingan/random/_client_projects/pos_tb_nur/webapp/vendor/laravel/framework/src/Illuminate/Pipeline/Pipeline.php(137): Illuminate/Pipeline/Pipeline->Illuminate/Pipeline/{closure}(Object(Illuminate/Http/Request))
#78 D:/Codingan/random/_client_projects/pos_tb_nur/webapp/vendor/laravel/framework/src/Illuminate/Foundation/Http/Kernel.php(175): Illuminate/Pipeline/Pipeline->then(Object(Closure))
#79 D:/Codingan/random/_client_projects/pos_tb_nur/webapp/vendor/laravel/framework/src/Illuminate/Foundation/Http/Kernel.php(144): Illuminate/Foundation/Http/Kernel->sendRequestThroughRouter(Object(Illuminate/Http/Request))
#80 D:/Codingan/random/_client_projects/pos_tb_nur/webapp/vendor/laravel/framework/src/Illuminate/Foundation/Testing/Concerns/MakesHttpRequests.php(607): Illuminate/Foundation/Http/Kernel->handle(Object(Illuminate/Http/Request))
#81 D:/Codingan/random/_client_projects/pos_tb_nur/webapp/vendor/laravel/framework/src/Illuminate/Foundation/Testing/Concerns/MakesHttpRequests.php(573): Illuminate/Foundation/Testing/TestCase->call('POST', '/api/backend/st...', Array, Array, Array, Array, '{\"branch_id\":1,...')
#82 D:/Codingan/random/_client_projects/pos_tb_nur/webapp/vendor/laravel/framework/src/Illuminate/Foundation/Testing/Concerns/MakesHttpRequests.php(411): Illuminate/Foundation/Testing/TestCase->json('POST', '/api/backend/st...', Array, Array, 0)
#83 D:/Codingan/random/_client_projects/pos_tb_nur/webapp/tests/Feature/InventoryBackendResourceApiTest.php(88): Illuminate/Foundation/Testing/TestCase->postJson('/api/backend/st...', Array)
#84 D:/Codingan/random/_client_projects/pos_tb_nur/webapp/vendor/phpunit/phpunit/src/Framework/TestCase.php(1667): Tests/Feature/InventoryBackendResourceApiTest->test_stock_opname_resources_can_link_order_result_and_workers()
#85 D:/Codingan/random/_client_projects/pos_tb_nur/webapp/vendor/phpunit/phpunit/src/Framework/TestCase.php(519): PHPUnit/Framework/TestCase->runTest()
#86 D:/Codingan/random/_client_projects/pos_tb_nur/webapp/vendor/phpunit/phpunit/src/Framework/TestRunner/TestRunner.php(87): PHPUnit/Framework/TestCase->runBare()
#87 D:/Codingan/random/_client_projects/pos_tb_nur/webapp/vendor/phpunit/phpunit/src/Framework/TestCase.php(365): PHPUnit/Framework/TestRunner->run(Object(Tests/Feature/InventoryBackendResourceApiTest))
#88 D:/Codingan/random/_client_projects/pos_tb_nur/webapp/vendor/phpunit/phpunit/src/Framework/TestSuite.php(369): PHPUnit/Framework/TestCase->run()
#89 D:/Codingan/random/_client_projects/pos_tb_nur/webapp/vendor/phpunit/phpunit/src/Framework/TestSuite.php(369): PHPUnit/Framework/TestSuite->run()
#90 D:/Codingan/random/_client_projects/pos_tb_nur/webapp/vendor/phpunit/phpunit/src/Framework/TestSuite.php(369): PHPUnit/Framework/TestSuite->run()
#91 D:/Codingan/random/_client_projects/pos_tb_nur/webapp/vendor/phpunit/phpunit/src/TextUI/TestRunner.php(64): PHPUnit/Framework/TestSuite->run()
#92 D:/Codingan/random/_client_projects/pos_tb_nur/webapp/vendor/phpunit/phpunit/src/TextUI/Application.php(211): PHPUnit/TextUI/TestRunner->run(Object(PHPUnit/TextUI/Configuration/Configuration), Object(PHPUnit/Runner/ResultCache/DefaultResultCache), Object(PHPUnit/Framework/TestSuite))
#93 D:/Codingan/random/_client_projects/pos_tb_nur/webapp/vendor/phpunit/phpunit/phpunit(104): PHPUnit/TextUI/Application->run(Array)
#94 {main}
"} 
[2026-07-31 17:42:52] testing.ERROR: include(D:\Codingan\random\_client_projects\pos_tb_nur\webapp\vendor\composer/../../app/Domain/Catalog/Models/SupplierPrice.php): Failed to open stream: No such file or directory {"userId":1,"exception":"[object] (ErrorException(code: 0): include(D:\\Codingan\\random\\_client_projects\\pos_tb_nur\\webapp\\vendor\\composer/../../app/Domain/Catalog/Models/SupplierPrice.php): Failed to open stream: No such file or directory at D:/Codingan/random/_client_projects/pos_tb_nur/webapp/vendor/composer/ClassLoader.php:576)
[stacktrace]
#0 D:/Codingan/random/_client_projects/pos_tb_nur/webapp/vendor/laravel/framework/src/Illuminate/Foundation/Bootstrap/HandleExceptions.php(258): Illuminate/Foundation/Bootstrap/HandleExceptions->handleError(2, 'include(D://Codi...', 'D://Codingan//ran...', 576)
#1 D:/Codingan/random/_client_projects/pos_tb_nur/webapp/vendor/composer/ClassLoader.php(576): Illuminate/Foundation/Bootstrap/HandleExceptions->Illuminate/Foundation/Bootstrap/{closure}(2, 'include(D://Codi...', 'D://Codingan//ran...', 576)
#2 D:/Codingan/random/_client_projects/pos_tb_nur/webapp/vendor/composer/ClassLoader.php(576): include('D://Codingan//ran...')
#3 D:/Codingan/random/_client_projects/pos_tb_nur/webapp/vendor/composer/ClassLoader.php(427): Composer/Autoload/{closure}('D://Codingan//ran...')
#4 D:/Codingan/random/_client_projects/pos_tb_nur/webapp/vendor/laravel/framework/src/Illuminate/Database/Eloquent/Concerns/HasRelationships.php(1035): Composer/Autoload/ClassLoader->loadClass('App//Domain//Cata...')
#5 D:/Codingan/random/_client_projects/pos_tb_nur/webapp/vendor/laravel/framework/src/Illuminate/Database/Eloquent/Concerns/HasRelationships.php(536): Illuminate/Database/Eloquent/Model->newRelatedInstance('App//Domain//Cata...')
#6 D:/Codingan/random/_client_projects/pos_tb_nur/webapp/app/Domain/Catalog/Models/Product.php(139): Illuminate/Database/Eloquent/Model->hasMany('App//Domain//Cata...')
#7 D:/Codingan/random/_client_projects/pos_tb_nur/webapp/app/Domain/Catalog/Models/Product.php(48): App/Domain/Catalog/Models/Product->supplierPrices()
#8 D:/Codingan/random/_client_projects/pos_tb_nur/webapp/vendor/laravel/framework/src/Illuminate/Database/Eloquent/Concerns/HasAttributes.php(717): App/Domain/Catalog/Models/Product->getMainSupplierAttribute(NULL)
#9 D:/Codingan/random/_client_projects/pos_tb_nur/webapp/vendor/laravel/framework/src/Illuminate/Database/Eloquent/Concerns/HasAttributes.php(769): Illuminate/Database/Eloquent/Model->mutateAttribute('main_supplier', NULL)
#10 D:/Codingan/random/_client_projects/pos_tb_nur/webapp/vendor/laravel/framework/src/Illuminate/Database/Eloquent/Concerns/HasAttributes.php(239): Illuminate/Database/Eloquent/Model->mutateAttributeForArray('main_supplier', NULL)
#11 D:/Codingan/random/_client_projects/pos_tb_nur/webapp/vendor/laravel/framework/src/Illuminate/Database/Eloquent/Model.php(1781): Illuminate/Database/Eloquent/Model->attributesToArray()
#12 [internal function]: Illuminate/Database/Eloquent/Model->Illuminate/Database/Eloquent/{closure}()
#13 D:/Codingan/random/_client_projects/pos_tb_nur/webapp/vendor/laravel/framework/src/Illuminate/Database/Eloquent/Concerns/PreventsCircularRecursion.php(46): call_user_func(Object(Closure))
#14 D:/Codingan/random/_client_projects/pos_tb_nur/webapp/vendor/laravel/framework/src/Illuminate/Database/Eloquent/Model.php(1780): Illuminate/Database/Eloquent/Model->withoutRecursion(Object(Closure), Object(Closure))
#15 D:/Codingan/random/_client_projects/pos_tb_nur/webapp/vendor/laravel/framework/src/Illuminate/Database/Eloquent/Concerns/HasAttributes.php(389): Illuminate/Database/Eloquent/Model->toArray()
#16 D:/Codingan/random/_client_projects/pos_tb_nur/webapp/vendor/laravel/framework/src/Illuminate/Database/Eloquent/Model.php(1781): Illuminate/Database/Eloquent/Model->relationsToArray()
#17 [internal function]: Illuminate/Database/Eloquent/Model->Illuminate/Database/Eloquent/{closure}()
#18 D:/Codingan/random/_client_projects/pos_tb_nur/webapp/vendor/laravel/framework/src/Illuminate/Database/Eloquent/Concerns/PreventsCircularRecursion.php(46): call_user_func(Object(Closure))
#19 D:/Codingan/random/_client_projects/pos_tb_nur/webapp/vendor/laravel/framework/src/Illuminate/Database/Eloquent/Model.php(1780): Illuminate/Database/Eloquent/Model->withoutRecursion(Object(Closure), Object(Closure))
#20 D:/Codingan/random/_client_projects/pos_tb_nur/webapp/vendor/laravel/framework/src/Illuminate/Collections/Traits/EnumeratesValues.php(978): Illuminate/Database/Eloquent/Model->toArray()
#21 [internal function]: Illuminate/Support/Collection->Illuminate/Support/Traits/{closure}(Object(App/Domain/Support/Models/OperationDocumentLine), 0)
#22 D:/Codingan/random/_client_projects/pos_tb_nur/webapp/vendor/laravel/framework/src/Illuminate/Collections/Arr.php(841): array_map(Object(Closure), Array, Array)
#23 D:/Codingan/random/_client_projects/pos_tb_nur/webapp/vendor/laravel/framework/src/Illuminate/Collections/Collection.php(829): Illuminate/Support/Arr::map(Array, Object(Closure))
#24 D:/Codingan/random/_client_projects/pos_tb_nur/webapp/vendor/laravel/framework/src/Illuminate/Database/Eloquent/Collection.php(421): Illuminate/Support/Collection->map(Object(Closure))
#25 D:/Codingan/random/_client_projects/pos_tb_nur/webapp/vendor/laravel/framework/src/Illuminate/Collections/Traits/EnumeratesValues.php(978): Illuminate/Database/Eloquent/Collection->map(Object(Closure))
#26 D:/Codingan/random/_client_projects/pos_tb_nur/webapp/vendor/laravel/framework/src/Illuminate/Database/Eloquent/Concerns/HasAttributes.php(389): Illuminate/Support/Collection->toArray()
#27 D:/Codingan/random/_client_projects/pos_tb_nur/webapp/vendor/laravel/framework/src/Illuminate/Database/Eloquent/Model.php(1781): Illuminate/Database/Eloquent/Model->relationsToArray()
#28 [internal function]: Illuminate/Database/Eloquent/Model->Illuminate/Database/Eloquent/{closure}()
#29 D:/Codingan/random/_client_projects/pos_tb_nur/webapp/vendor/laravel/framework/src/Illuminate/Database/Eloquent/Concerns/PreventsCircularRecursion.php(46): call_user_func(Object(Closure))
#30 D:/Codingan/random/_client_projects/pos_tb_nur/webapp/vendor/laravel/framework/src/Illuminate/Database/Eloquent/Model.php(1780): Illuminate/Database/Eloquent/Model->withoutRecursion(Object(Closure), Object(Closure))
#31 D:/Codingan/random/_client_projects/pos_tb_nur/webapp/vendor/laravel/framework/src/Illuminate/Database/Eloquent/Model.php(1825): Illuminate/Database/Eloquent/Model->toArray()
#32 [internal function]: Illuminate/Database/Eloquent/Model->jsonSerialize()
#33 D:/Codingan/random/_client_projects/pos_tb_nur/webapp/vendor/laravel/framework/src/Illuminate/Http/JsonResponse.php(87): json_encode(Array, 0)
#34 D:/Codingan/random/_client_projects/pos_tb_nur/webapp/vendor/symfony/http-foundation/JsonResponse.php(49): Illuminate/Http/JsonResponse->setData(Array)
#35 D:/Codingan/random/_client_projects/pos_tb_nur/webapp/vendor/laravel/framework/src/Illuminate/Http/JsonResponse.php(31): Symfony/Component/HttpFoundation/JsonResponse->__construct(Array, 201, Array, false)
#36 D:/Codingan/random/_client_projects/pos_tb_nur/webapp/vendor/laravel/framework/src/Illuminate/Routing/ResponseFactory.php(105): Illuminate/Http/JsonResponse->__construct(Array, 201, Array, 0)
#37 D:/Codingan/random/_client_projects/pos_tb_nur/webapp/app/Http/Controllers/Api/BackendResourceController.php(89): Illuminate/Routing/ResponseFactory->json(Array, 201)
#38 D:/Codingan/random/_client_projects/pos_tb_nur/webapp/vendor/laravel/framework/src/Illuminate/Routing/ControllerDispatcher.php(46): App/Http/Controllers/Api/BackendResourceController->store(Object(App/Http/Requests/Api/Backend/BackendResourceStoreRequest), 'goods-receipts')
#39 D:/Codingan/random/_client_projects/pos_tb_nur/webapp/vendor/laravel/framework/src/Illuminate/Routing/Route.php(265): Illuminate/Routing/ControllerDispatcher->dispatch(Object(Illuminate/Routing/Route), Object(App/Http/Controllers/Api/BackendResourceController), 'store')
#40 D:/Codingan/random/_client_projects/pos_tb_nur/webapp/vendor/laravel/framework/src/Illuminate/Routing/Route.php(211): Illuminate/Routing/Route->runController()
#41 D:/Codingan/random/_client_projects/pos_tb_nur/webapp/vendor/laravel/framework/src/Illuminate/Routing/Router.php(822): Illuminate/Routing/Route->run()
#42 D:/Codingan/random/_client_projects/pos_tb_nur/webapp/vendor/laravel/framework/src/Illuminate/Pipeline/Pipeline.php(180): Illuminate/Routing/Router->Illuminate/Routing/{closure}(Object(Illuminate/Http/Request))
#43 D:/Codingan/random/_client_projects/pos_tb_nur/webapp/app/Http/Middleware/SecureHeaders.php(16): Illuminate/Pipeline/Pipeline->Illuminate/Pipeline/{closure}(Object(Illuminate/Http/Request))
#44 D:/Codingan/random/_client_projects/pos_tb_nur/webapp/vendor/laravel/framework/src/Illuminate/Pipeline/Pipeline.php(219): App/Http/Middleware/SecureHeaders->handle(Object(Illuminate/Http/Request), Object(Closure))
#45 D:/Codingan/random/_client_projects/pos_tb_nur/webapp/vendor/inertiajs/inertia-laravel/src/Middleware.php(138): Illuminate/Pipeline/Pipeline->Illuminate/Pipeline/{closure}(Object(Illuminate/Http/Request))
#46 D:/Codingan/random/_client_projects/pos_tb_nur/webapp/vendor/laravel/framework/src/Illuminate/Pipeline/Pipeline.php(219): Inertia/Middleware->handle(Object(Illuminate/Http/Request), Object(Closure))
#47 D:/Codingan/random/_client_projects/pos_tb_nur/webapp/vendor/laravel/framework/src/Illuminate/Foundation/Http/Middleware/VerifyCsrfToken.php(87): Illuminate/Pipeline/Pipeline->Illuminate/Pipeline/{closure}(Object(Illuminate/Http/Request))
#48 D:/Codingan/random/_client_projects/pos_tb_nur/webapp/vendor/laravel/framework/src/Illuminate/Pipeline/Pipeline.php(219): Illuminate/Foundation/Http/Middleware/VerifyCsrfToken->handle(Object(Illuminate/Http/Request), Object(Closure))
#49 D:/Codingan/random/_client_projects/pos_tb_nur/webapp/vendor/laravel/framework/src/Illuminate/Routing/Middleware/SubstituteBindings.php(50): Illuminate/Pipeline/Pipeline->Illuminate/Pipeline/{closure}(Object(Illuminate/Http/Request))
#50 D:/Codingan/random/_client_projects/pos_tb_nur/webapp/vendor/laravel/framework/src/Illuminate/Pipeline/Pipeline.php(219): Illuminate/Routing/Middleware/SubstituteBindings->handle(Object(Illuminate/Http/Request), Object(Closure))
#51 D:/Codingan/random/_client_projects/pos_tb_nur/webapp/vendor/laravel/framework/src/Illuminate/Routing/Middleware/ThrottleRequests.php(166): Illuminate/Pipeline/Pipeline->Illuminate/Pipeline/{closure}(Object(Illuminate/Http/Request))
#52 D:/Codingan/random/_client_projects/pos_tb_nur/webapp/vendor/laravel/framework/src/Illuminate/Routing/Middleware/ThrottleRequests.php(129): Illuminate/Routing/Middleware/ThrottleRequests->handleRequest(Object(Illuminate/Http/Request), Object(Closure), Array)
#53 D:/Codingan/random/_client_projects/pos_tb_nur/webapp/vendor/laravel/framework/src/Illuminate/Routing/Middleware/ThrottleRequests.php(90): Illuminate/Routing/Middleware/ThrottleRequests->handleRequestUsingNamedLimiter(Object(Illuminate/Http/Request), Object(Closure), 'api', Object(Closure))
#54 D:/Codingan/random/_client_projects/pos_tb_nur/webapp/vendor/laravel/framework/src/Illuminate/Pipeline/Pipeline.php(219): Illuminate/Routing/Middleware/ThrottleRequests->handle(Object(Illuminate/Http/Request), Object(Closure), 'api')
#55 D:/Codingan/random/_client_projects/pos_tb_nur/webapp/vendor/laravel/framework/src/Illuminate/Auth/Middleware/Authenticate.php(63): Illuminate/Pipeline/Pipeline->Illuminate/Pipeline/{closure}(Object(Illuminate/Http/Request))
#56 D:/Codingan/random/_client_projects/pos_tb_nur/webapp/vendor/laravel/framework/src/Illuminate/Pipeline/Pipeline.php(219): Illuminate/Auth/Middleware/Authenticate->handle(Object(Illuminate/Http/Request), Object(Closure))
#57 D:/Codingan/random/_client_projects/pos_tb_nur/webapp/vendor/laravel/framework/src/Illuminate/View/Middleware/ShareErrorsFromSession.php(48): Illuminate/Pipeline/Pipeline->Illuminate/Pipeline/{closure}(Object(Illuminate/Http/Request))
#58 D:/Codingan/random/_client_projects/pos_tb_nur/webapp/vendor/laravel/framework/src/Illuminate/Pipeline/Pipeline.php(219): Illuminate/View/Middleware/ShareErrorsFromSession->handle(Object(Illuminate/Http/Request), Object(Closure))
#59 D:/Codingan/random/_client_projects/pos_tb_nur/webapp/vendor/laravel/framework/src/Illuminate/Session/Middleware/StartSession.php(120): Illuminate/Pipeline/Pipeline->Illuminate/Pipeline/{closure}(Object(Illuminate/Http/Request))
#60 D:/Codingan/random/_client_projects/pos_tb_nur/webapp/vendor/laravel/framework/src/Illuminate/Session/Middleware/StartSession.php(63): Illuminate/Session/Middleware/StartSession->handleStatefulRequest(Object(Illuminate/Http/Request), Object(Illuminate/Session/Store), Object(Closure))
#61 D:/Codingan/random/_client_projects/pos_tb_nur/webapp/vendor/laravel/framework/src/Illuminate/Pipeline/Pipeline.php(219): Illuminate/Session/Middleware/StartSession->handle(Object(Illuminate/Http/Request), Object(Closure))
#62 D:/Codingan/random/_client_projects/pos_tb_nur/webapp/vendor/laravel/framework/src/Illuminate/Cookie/Middleware/AddQueuedCookiesToResponse.php(36): Illuminate/Pipeline/Pipeline->Illuminate/Pipeline/{closure}(Object(Illuminate/Http/Request))
#63 D:/Codingan/random/_client_projects/pos_tb_nur/webapp/vendor/laravel/framework/src/Illuminate/Pipeline/Pipeline.php(219): Illuminate/Cookie/Middleware/AddQueuedCookiesToResponse->handle(Object(Illuminate/Http/Request), Object(Closure))
#64 D:/Codingan/random/_client_projects/pos_tb_nur/webapp/vendor/laravel/framework/src/Illuminate/Cookie/Middleware/EncryptCookies.php(74): Illuminate/Pipeline/Pipeline->Illuminate/Pipeline/{closure}(Object(Illuminate/Http/Request))
#65 D:/Codingan/random/_client_projects/pos_tb_nur/webapp/vendor/laravel/framework/src/Illuminate/Pipeline/Pipeline.php(219): Illuminate/Cookie/Middleware/EncryptCookies->handle(Object(Illuminate/Http/Request), Object(Closure))
#66 D:/Codingan/random/_client_projects/pos_tb_nur/webapp/vendor/laravel/framework/src/Illuminate/Pipeline/Pipeline.php(137): Illuminate/Pipeline/Pipeline->Illuminate/Pipeline/{closure}(Object(Illuminate/Http/Request))
#67 D:/Codingan/random/_client_projects/pos_tb_nur/webapp/vendor/laravel/framework/src/Illuminate/Routing/Router.php(821): Illuminate/Pipeline/Pipeline->then(Object(Closure))
#68 D:/Codingan/random/_client_projects/pos_tb_nur/webapp/vendor/laravel/framework/src/Illuminate/Routing/Router.php(800): Illuminate/Routing/Router->runRouteWithinStack(Object(Illuminate/Routing/Route), Object(Illuminate/Http/Request))
#69 D:/Codingan/random/_client_projects/pos_tb_nur/webapp/vendor/laravel/framework/src/Illuminate/Routing/Router.php(764): Illuminate/Routing/Router->runRoute(Object(Illuminate/Http/Request), Object(Illuminate/Routing/Route))
#70 D:/Codingan/random/_client_projects/pos_tb_nur/webapp/vendor/laravel/framework/src/Illuminate/Routing/Router.php(753): Illuminate/Routing/Router->dispatchToRoute(Object(Illuminate/Http/Request))
#71 D:/Codingan/random/_client_projects/pos_tb_nur/webapp/vendor/laravel/framework/src/Illuminate/Foundation/Http/Kernel.php(200): Illuminate/Routing/Router->dispatch(Object(Illuminate/Http/Request))
#72 D:/Codingan/random/_client_projects/pos_tb_nur/webapp/vendor/laravel/framework/src/Illuminate/Pipeline/Pipeline.php(180): Illuminate/Foundation/Http/Kernel->Illuminate/Foundation/Http/{closure}(Object(Illuminate/Http/Request))
#73 D:/Codingan/random/_client_projects/pos_tb_nur/webapp/vendor/inertiajs/inertia-laravel/src/Middleware/EnsureGetOnRedirect.php(19): Illuminate/Pipeline/Pipeline->Illuminate/Pipeline/{closure}(Object(Illuminate/Http/Request))
#74 D:/Codingan/random/_client_projects/pos_tb_nur/webapp/vendor/laravel/framework/src/Illuminate/Pipeline/Pipeline.php(219): Inertia/Middleware/EnsureGetOnRedirect->handle(Object(Illuminate/Http/Request), Object(Closure))
#75 D:/Codingan/random/_client_projects/pos_tb_nur/webapp/vendor/laravel/framework/src/Illuminate/Foundation/Http/Middleware/TransformsRequest.php(21): Illuminate/Pipeline/Pipeline->Illuminate/Pipeline/{closure}(Object(Illuminate/Http/Request))
#76 D:/Codingan/random/_client_projects/pos_tb_nur/webapp/vendor/laravel/framework/src/Illuminate/Foundation/Http/Middleware/ConvertEmptyStringsToNull.php(31): Illuminate/Foundation/Http/Middleware/TransformsRequest->handle(Object(Illuminate/Http/Request), Object(Closure))
#77 D:/Codingan/random/_client_projects/pos_tb_nur/webapp/vendor/laravel/framework/src/Illuminate/Pipeline/Pipeline.php(219): Illuminate/Foundation/Http/Middleware/ConvertEmptyStringsToNull->handle(Object(Illuminate/Http/Request), Object(Closure))
#78 D:/Codingan/random/_client_projects/pos_tb_nur/webapp/vendor/laravel/framework/src/Illuminate/Foundation/Http/Middleware/TransformsRequest.php(21): Illuminate/Pipeline/Pipeline->Illuminate/Pipeline/{closure}(Object(Illuminate/Http/Request))
#79 D:/Codingan/random/_client_projects/pos_tb_nur/webapp/vendor/laravel/framework/src/Illuminate/Foundation/Http/Middleware/TrimStrings.php(51): Illuminate/Foundation/Http/Middleware/TransformsRequest->handle(Object(Illuminate/Http/Request), Object(Closure))
#80 D:/Codingan/random/_client_projects/pos_tb_nur/webapp/vendor/laravel/framework/src/Illuminate/Pipeline/Pipeline.php(219): Illuminate/Foundation/Http/Middleware/TrimStrings->handle(Object(Illuminate/Http/Request), Object(Closure))
#81 D:/Codingan/random/_client_projects/pos_tb_nur/webapp/vendor/laravel/framework/src/Illuminate/Http/Middleware/ValidatePostSize.php(27): Illuminate/Pipeline/Pipeline->Illuminate/Pipeline/{closure}(Object(Illuminate/Http/Request))
#82 D:/Codingan/random/_client_projects/pos_tb_nur/webapp/vendor/laravel/framework/src/Illuminate/Pipeline/Pipeline.php(219): Illuminate/Http/Middleware/ValidatePostSize->handle(Object(Illuminate/Http/Request), Object(Closure))
#83 D:/Codingan/random/_client_projects/pos_tb_nur/webapp/vendor/laravel/framework/src/Illuminate/Foundation/Http/Middleware/PreventRequestsDuringMaintenance.php(109): Illuminate/Pipeline/Pipeline->Illuminate/Pipeline/{closure}(Object(Illuminate/Http/Request))
#84 D:/Codingan/random/_client_projects/pos_tb_nur/webapp/vendor/laravel/framework/src/Illuminate/Pipeline/Pipeline.php(219): Illuminate/Foundation/Http/Middleware/PreventRequestsDuringMaintenance->handle(Object(Illuminate/Http/Request), Object(Closure))
#85 D:/Codingan/random/_client_projects/pos_tb_nur/webapp/vendor/laravel/framework/src/Illuminate/Http/Middleware/HandleCors.php(74): Illuminate/Pipeline/Pipeline->Illuminate/Pipeline/{closure}(Object(Illuminate/Http/Request))
#86 D:/Codingan/random/_client_projects/pos_tb_nur/webapp/vendor/laravel/framework/src/Illuminate/Pipeline/Pipeline.php(219): Illuminate/Http/Middleware/HandleCors->handle(Object(Illuminate/Http/Request), Object(Closure))
#87 D:/Codingan/random/_client_projects/pos_tb_nur/webapp/vendor/laravel/framework/src/Illuminate/Http/Middleware/TrustProxies.php(58): Illuminate/Pipeline/Pipeline->Illuminate/Pipeline/{closure}(Object(Illuminate/Http/Request))
#88 D:/Codingan/random/_client_projects/pos_tb_nur/webapp/vendor/laravel/framework/src/Illuminate/Pipeline/Pipeline.php(219): Illuminate/Http/Middleware/TrustProxies->handle(Object(Illuminate/Http/Request), Object(Closure))
#89 D:/Codingan/random/_client_projects/pos_tb_nur/webapp/vendor/laravel/framework/src/Illuminate/Foundation/Http/Middleware/InvokeDeferredCallbacks.php(22): Illuminate/Pipeline/Pipeline->Illuminate/Pipeline/{closure}(Object(Illuminate/Http/Request))
#90 D:/Codingan/random/_client_projects/pos_tb_nur/webapp/vendor/laravel/framework/src/Illuminate/Pipeline/Pipeline.php(219): Illuminate/Foundation/Http/Middleware/InvokeDeferredCallbacks->handle(Object(Illuminate/Http/Request), Object(Closure))
#91 D:/Codingan/random/_client_projects/pos_tb_nur/webapp/vendor/laravel/framework/src/Illuminate/Http/Middleware/ValidatePathEncoding.php(26): Illuminate/Pipeline/Pipeline->Illuminate/Pipeline/{closure}(Object(Illuminate/Http/Request))
#92 D:/Codingan/random/_client_projects/pos_tb_nur/webapp/vendor/laravel/framework/src/Illuminate/Pipeline/Pipeline.php(219): Illuminate/Http/Middleware/ValidatePathEncoding->handle(Object(Illuminate/Http/Request), Object(Closure))
#93 D:/Codingan/random/_client_projects/pos_tb_nur/webapp/vendor/laravel/framework/src/Illuminate/Pipeline/Pipeline.php(137): Illuminate/Pipeline/Pipeline->Illuminate/Pipeline/{closure}(Object(Illuminate/Http/Request))
#94 D:/Codingan/random/_client_projects/pos_tb_nur/webapp/vendor/laravel/framework/src/Illuminate/Foundation/Http/Kernel.php(175): Illuminate/Pipeline/Pipeline->then(Object(Closure))
#95 D:/Codingan/random/_client_projects/pos_tb_nur/webapp/vendor/laravel/framework/src/Illuminate/Foundation/Http/Kernel.php(144): Illuminate/Foundation/Http/Kernel->sendRequestThroughRouter(Object(Illuminate/Http/Request))
#96 D:/Codingan/random/_client_projects/pos_tb_nur/webapp/vendor/laravel/framework/src/Illuminate/Foundation/Testing/Concerns/MakesHttpRequests.php(607): Illuminate/Foundation/Http/Kernel->handle(Object(Illuminate/Http/Request))
#97 D:/Codingan/random/_client_projects/pos_tb_nur/webapp/vendor/laravel/framework/src/Illuminate/Foundation/Testing/Concerns/MakesHttpRequests.php(573): Illuminate/Foundation/Testing/TestCase->call('POST', '/api/backend/go...', Array, Array, Array, Array, '{\"warehouse_id\"...')
#98 D:/Codingan/random/_client_projects/pos_tb_nur/webapp/vendor/laravel/framework/src/Illuminate/Foundation/Testing/Concerns/MakesHttpRequests.php(411): Illuminate/Foundation/Testing/TestCase->json('POST', '/api/backend/go...', Array, Array, 0)
#99 D:/Codingan/random/_client_projects/pos_tb_nur/webapp/tests/Feature/InventoryCostingTest.php(92): Illuminate/Foundation/Testing/TestCase->postJson('/api/backend/go...', Array)
#100 D:/Codingan/random/_client_projects/pos_tb_nur/webapp/vendor/phpunit/phpunit/src/Framework/TestCase.php(1667): Tests/Feature/InventoryCostingTest->test_goods_receipt_creates_inventory_batches()
#101 D:/Codingan/random/_client_projects/pos_tb_nur/webapp/vendor/phpunit/phpunit/src/Framework/TestCase.php(519): PHPUnit/Framework/TestCase->runTest()
#102 D:/Codingan/random/_client_projects/pos_tb_nur/webapp/vendor/phpunit/phpunit/src/Framework/TestRunner/TestRunner.php(87): PHPUnit/Framework/TestCase->runBare()
#103 D:/Codingan/random/_client_projects/pos_tb_nur/webapp/vendor/phpunit/phpunit/src/Framework/TestCase.php(365): PHPUnit/Framework/TestRunner->run(Object(Tests/Feature/InventoryCostingTest))
#104 D:/Codingan/random/_client_projects/pos_tb_nur/webapp/vendor/phpunit/phpunit/src/Framework/TestSuite.php(369): PHPUnit/Framework/TestCase->run()
#105 D:/Codingan/random/_client_projects/pos_tb_nur/webapp/vendor/phpunit/phpunit/src/Framework/TestSuite.php(369): PHPUnit/Framework/TestSuite->run()
#106 D:/Codingan/random/_client_projects/pos_tb_nur/webapp/vendor/phpunit/phpunit/src/Framework/TestSuite.php(369): PHPUnit/Framework/TestSuite->run()
#107 D:/Codingan/random/_client_projects/pos_tb_nur/webapp/vendor/phpunit/phpunit/src/TextUI/TestRunner.php(64): PHPUnit/Framework/TestSuite->run()
#108 D:/Codingan/random/_client_projects/pos_tb_nur/webapp/vendor/phpunit/phpunit/src/TextUI/Application.php(211): PHPUnit/TextUI/TestRunner->run(Object(PHPUnit/TextUI/Configuration/Configuration), Object(PHPUnit/Runner/ResultCache/DefaultResultCache), Object(PHPUnit/Framework/TestSuite))
#109 D:/Codingan/random/_client_projects/pos_tb_nur/webapp/vendor/phpunit/phpunit/phpunit(104): PHPUnit/TextUI/Application->run(Array)
#110 {main}
"} 
[2026-07-31 17:42:52] testing.ERROR: include(D:\Codingan\random\_client_projects\pos_tb_nur\webapp\vendor\composer/../../app/Domain/Catalog/Models/SupplierPrice.php): Failed to open stream: No such file or directory {"userId":1,"exception":"[object] (ErrorException(code: 0): include(D:\\Codingan\\random\\_client_projects\\pos_tb_nur\\webapp\\vendor\\composer/../../app/Domain/Catalog/Models/SupplierPrice.php): Failed to open stream: No such file or directory at D:/Codingan/random/_client_projects/pos_tb_nur/webapp/vendor/composer/ClassLoader.php:576)
[stacktrace]
#0 D:/Codingan/random/_client_projects/pos_tb_nur/webapp/vendor/laravel/framework/src/Illuminate/Foundation/Bootstrap/HandleExceptions.php(258): Illuminate/Foundation/Bootstrap/HandleExceptions->handleError(2, 'include(D://Codi...', 'D://Codingan//ran...', 576)
#1 D:/Codingan/random/_client_projects/pos_tb_nur/webapp/vendor/composer/ClassLoader.php(576): Illuminate/Foundation/Bootstrap/HandleExceptions->Illuminate/Foundation/Bootstrap/{closure}(2, 'include(D://Codi...', 'D://Codingan//ran...', 576)
#2 D:/Codingan/random/_client_projects/pos_tb_nur/webapp/vendor/composer/ClassLoader.php(576): include('D://Codingan//ran...')
#3 D:/Codingan/random/_client_projects/pos_tb_nur/webapp/vendor/composer/ClassLoader.php(427): Composer/Autoload/{closure}('D://Codingan//ran...')
#4 D:/Codingan/random/_client_projects/pos_tb_nur/webapp/vendor/laravel/framework/src/Illuminate/Database/Eloquent/Concerns/HasRelationships.php(1035): Composer/Autoload/ClassLoader->loadClass('App//Domain//Cata...')
#5 D:/Codingan/random/_client_projects/pos_tb_nur/webapp/vendor/laravel/framework/src/Illuminate/Database/Eloquent/Concerns/HasRelationships.php(536): Illuminate/Database/Eloquent/Model->newRelatedInstance('App//Domain//Cata...')
#6 D:/Codingan/random/_client_projects/pos_tb_nur/webapp/app/Domain/Catalog/Models/Product.php(139): Illuminate/Database/Eloquent/Model->hasMany('App//Domain//Cata...')
#7 D:/Codingan/random/_client_projects/pos_tb_nur/webapp/app/Domain/Catalog/Models/Product.php(48): App/Domain/Catalog/Models/Product->supplierPrices()
#8 D:/Codingan/random/_client_projects/pos_tb_nur/webapp/vendor/laravel/framework/src/Illuminate/Database/Eloquent/Concerns/HasAttributes.php(717): App/Domain/Catalog/Models/Product->getMainSupplierAttribute(NULL)
#9 D:/Codingan/random/_client_projects/pos_tb_nur/webapp/vendor/laravel/framework/src/Illuminate/Database/Eloquent/Concerns/HasAttributes.php(769): Illuminate/Database/Eloquent/Model->mutateAttribute('main_supplier', NULL)
#10 D:/Codingan/random/_client_projects/pos_tb_nur/webapp/vendor/laravel/framework/src/Illuminate/Database/Eloquent/Concerns/HasAttributes.php(239): Illuminate/Database/Eloquent/Model->mutateAttributeForArray('main_supplier', NULL)
#11 D:/Codingan/random/_client_projects/pos_tb_nur/webapp/vendor/laravel/framework/src/Illuminate/Database/Eloquent/Model.php(1781): Illuminate/Database/Eloquent/Model->attributesToArray()
#12 [internal function]: Illuminate/Database/Eloquent/Model->Illuminate/Database/Eloquent/{closure}()
#13 D:/Codingan/random/_client_projects/pos_tb_nur/webapp/vendor/laravel/framework/src/Illuminate/Database/Eloquent/Concerns/PreventsCircularRecursion.php(46): call_user_func(Object(Closure))
#14 D:/Codingan/random/_client_projects/pos_tb_nur/webapp/vendor/laravel/framework/src/Illuminate/Database/Eloquent/Model.php(1780): Illuminate/Database/Eloquent/Model->withoutRecursion(Object(Closure), Object(Closure))
#15 D:/Codingan/random/_client_projects/pos_tb_nur/webapp/vendor/laravel/framework/src/Illuminate/Database/Eloquent/Concerns/HasAttributes.php(389): Illuminate/Database/Eloquent/Model->toArray()
#16 D:/Codingan/random/_client_projects/pos_tb_nur/webapp/vendor/laravel/framework/src/Illuminate/Database/Eloquent/Model.php(1781): Illuminate/Database/Eloquent/Model->relationsToArray()
#17 [internal function]: Illuminate/Database/Eloquent/Model->Illuminate/Database/Eloquent/{closure}()
#18 D:/Codingan/random/_client_projects/pos_tb_nur/webapp/vendor/laravel/framework/src/Illuminate/Database/Eloquent/Concerns/PreventsCircularRecursion.php(46): call_user_func(Object(Closure))
#19 D:/Codingan/random/_client_projects/pos_tb_nur/webapp/vendor/laravel/framework/src/Illuminate/Database/Eloquent/Model.php(1780): Illuminate/Database/Eloquent/Model->withoutRecursion(Object(Closure), Object(Closure))
#20 D:/Codingan/random/_client_projects/pos_tb_nur/webapp/vendor/laravel/framework/src/Illuminate/Collections/Traits/EnumeratesValues.php(978): Illuminate/Database/Eloquent/Model->toArray()
#21 [internal function]: Illuminate/Support/Collection->Illuminate/Support/Traits/{closure}(Object(App/Domain/Support/Models/OperationDocumentLine), 0)
#22 D:/Codingan/random/_client_projects/pos_tb_nur/webapp/vendor/laravel/framework/src/Illuminate/Collections/Arr.php(841): array_map(Object(Closure), Array, Array)
#23 D:/Codingan/random/_client_projects/pos_tb_nur/webapp/vendor/laravel/framework/src/Illuminate/Collections/Collection.php(829): Illuminate/Support/Arr::map(Array, Object(Closure))
#24 D:/Codingan/random/_client_projects/pos_tb_nur/webapp/vendor/laravel/framework/src/Illuminate/Database/Eloquent/Collection.php(421): Illuminate/Support/Collection->map(Object(Closure))
#25 D:/Codingan/random/_client_projects/pos_tb_nur/webapp/vendor/laravel/framework/src/Illuminate/Collections/Traits/EnumeratesValues.php(978): Illuminate/Database/Eloquent/Collection->map(Object(Closure))
#26 D:/Codingan/random/_client_projects/pos_tb_nur/webapp/vendor/laravel/framework/src/Illuminate/Database/Eloquent/Concerns/HasAttributes.php(389): Illuminate/Support/Collection->toArray()
#27 D:/Codingan/random/_client_projects/pos_tb_nur/webapp/vendor/laravel/framework/src/Illuminate/Database/Eloquent/Model.php(1781): Illuminate/Database/Eloquent/Model->relationsToArray()
#28 [internal function]: Illuminate/Database/Eloquent/Model->Illuminate/Database/Eloquent/{closure}()
#29 D:/Codingan/random/_client_projects/pos_tb_nur/webapp/vendor/laravel/framework/src/Illuminate/Database/Eloquent/Concerns/PreventsCircularRecursion.php(46): call_user_func(Object(Closure))
#30 D:/Codingan/random/_client_projects/pos_tb_nur/webapp/vendor/laravel/framework/src/Illuminate/Database/Eloquent/Model.php(1780): Illuminate/Database/Eloquent/Model->withoutRecursion(Object(Closure), Object(Closure))
#31 D:/Codingan/random/_client_projects/pos_tb_nur/webapp/vendor/laravel/framework/src/Illuminate/Database/Eloquent/Model.php(1825): Illuminate/Database/Eloquent/Model->toArray()
#32 [internal function]: Illuminate/Database/Eloquent/Model->jsonSerialize()
#33 D:/Codingan/random/_client_projects/pos_tb_nur/webapp/vendor/laravel/framework/src/Illuminate/Http/JsonResponse.php(87): json_encode(Array, 0)
#34 D:/Codingan/random/_client_projects/pos_tb_nur/webapp/vendor/symfony/http-foundation/JsonResponse.php(49): Illuminate/Http/JsonResponse->setData(Array)
#35 D:/Codingan/random/_client_projects/pos_tb_nur/webapp/vendor/laravel/framework/src/Illuminate/Http/JsonResponse.php(31): Symfony/Component/HttpFoundation/JsonResponse->__construct(Array, 201, Array, false)
#36 D:/Codingan/random/_client_projects/pos_tb_nur/webapp/vendor/laravel/framework/src/Illuminate/Routing/ResponseFactory.php(105): Illuminate/Http/JsonResponse->__construct(Array, 201, Array, 0)
#37 D:/Codingan/random/_client_projects/pos_tb_nur/webapp/app/Http/Controllers/Api/BackendResourceController.php(89): Illuminate/Routing/ResponseFactory->json(Array, 201)
#38 D:/Codingan/random/_client_projects/pos_tb_nur/webapp/vendor/laravel/framework/src/Illuminate/Routing/ControllerDispatcher.php(46): App/Http/Controllers/Api/BackendResourceController->store(Object(App/Http/Requests/Api/Backend/BackendResourceStoreRequest), 'goods-receipts')
#39 D:/Codingan/random/_client_projects/pos_tb_nur/webapp/vendor/laravel/framework/src/Illuminate/Routing/Route.php(265): Illuminate/Routing/ControllerDispatcher->dispatch(Object(Illuminate/Routing/Route), Object(App/Http/Controllers/Api/BackendResourceController), 'store')
#40 D:/Codingan/random/_client_projects/pos_tb_nur/webapp/vendor/laravel/framework/src/Illuminate/Routing/Route.php(211): Illuminate/Routing/Route->runController()
#41 D:/Codingan/random/_client_projects/pos_tb_nur/webapp/vendor/laravel/framework/src/Illuminate/Routing/Router.php(822): Illuminate/Routing/Route->run()
#42 D:/Codingan/random/_client_projects/pos_tb_nur/webapp/vendor/laravel/framework/src/Illuminate/Pipeline/Pipeline.php(180): Illuminate/Routing/Router->Illuminate/Routing/{closure}(Object(Illuminate/Http/Request))
#43 D:/Codingan/random/_client_projects/pos_tb_nur/webapp/app/Http/Middleware/SecureHeaders.php(16): Illuminate/Pipeline/Pipeline->Illuminate/Pipeline/{closure}(Object(Illuminate/Http/Request))
#44 D:/Codingan/random/_client_projects/pos_tb_nur/webapp/vendor/laravel/framework/src/Illuminate/Pipeline/Pipeline.php(219): App/Http/Middleware/SecureHeaders->handle(Object(Illuminate/Http/Request), Object(Closure))
#45 D:/Codingan/random/_client_projects/pos_tb_nur/webapp/vendor/inertiajs/inertia-laravel/src/Middleware.php(138): Illuminate/Pipeline/Pipeline->Illuminate/Pipeline/{closure}(Object(Illuminate/Http/Request))
#46 D:/Codingan/random/_client_projects/pos_tb_nur/webapp/vendor/laravel/framework/src/Illuminate/Pipeline/Pipeline.php(219): Inertia/Middleware->handle(Object(Illuminate/Http/Request), Object(Closure))
#47 D:/Codingan/random/_client_projects/pos_tb_nur/webapp/vendor/laravel/framework/src/Illuminate/Foundation/Http/Middleware/VerifyCsrfToken.php(87): Illuminate/Pipeline/Pipeline->Illuminate/Pipeline/{closure}(Object(Illuminate/Http/Request))
#48 D:/Codingan/random/_client_projects/pos_tb_nur/webapp/vendor/laravel/framework/src/Illuminate/Pipeline/Pipeline.php(219): Illuminate/Foundation/Http/Middleware/VerifyCsrfToken->handle(Object(Illuminate/Http/Request), Object(Closure))
#49 D:/Codingan/random/_client_projects/pos_tb_nur/webapp/vendor/laravel/framework/src/Illuminate/Routing/Middleware/SubstituteBindings.php(50): Illuminate/Pipeline/Pipeline->Illuminate/Pipeline/{closure}(Object(Illuminate/Http/Request))
#50 D:/Codingan/random/_client_projects/pos_tb_nur/webapp/vendor/laravel/framework/src/Illuminate/Pipeline/Pipeline.php(219): Illuminate/Routing/Middleware/SubstituteBindings->handle(Object(Illuminate/Http/Request), Object(Closure))
#51 D:/Codingan/random/_client_projects/pos_tb_nur/webapp/vendor/laravel/framework/src/Illuminate/Routing/Middleware/ThrottleRequests.php(166): Illuminate/Pipeline/Pipeline->Illuminate/Pipeline/{closure}(Object(Illuminate/Http/Request))
#52 D:/Codingan/random/_client_projects/pos_tb_nur/webapp/vendor/laravel/framework/src/Illuminate/Routing/Middleware/ThrottleRequests.php(129): Illuminate/Routing/Middleware/ThrottleRequests->handleRequest(Object(Illuminate/Http/Request), Object(Closure), Array)
#53 D:/Codingan/random/_client_projects/pos_tb_nur/webapp/vendor/laravel/framework/src/Illuminate/Routing/Middleware/ThrottleRequests.php(90): Illuminate/Routing/Middleware/ThrottleRequests->handleRequestUsingNamedLimiter(Object(Illuminate/Http/Request), Object(Closure), 'api', Object(Closure))
#54 D:/Codingan/random/_client_projects/pos_tb_nur/webapp/vendor/laravel/framework/src/Illuminate/Pipeline/Pipeline.php(219): Illuminate/Routing/Middleware/ThrottleRequests->handle(Object(Illuminate/Http/Request), Object(Closure), 'api')
#55 D:/Codingan/random/_client_projects/pos_tb_nur/webapp/vendor/laravel/framework/src/Illuminate/Auth/Middleware/Authenticate.php(63): Illuminate/Pipeline/Pipeline->Illuminate/Pipeline/{closure}(Object(Illuminate/Http/Request))
#56 D:/Codingan/random/_client_projects/pos_tb_nur/webapp/vendor/laravel/framework/src/Illuminate/Pipeline/Pipeline.php(219): Illuminate/Auth/Middleware/Authenticate->handle(Object(Illuminate/Http/Request), Object(Closure))
#57 D:/Codingan/random/_client_projects/pos_tb_nur/webapp/vendor/laravel/framework/src/Illuminate/View/Middleware/ShareErrorsFromSession.php(48): Illuminate/Pipeline/Pipeline->Illuminate/Pipeline/{closure}(Object(Illuminate/Http/Request))
#58 D:/Codingan/random/_client_projects/pos_tb_nur/webapp/vendor/laravel/framework/src/Illuminate/Pipeline/Pipeline.php(219): Illuminate/View/Middleware/ShareErrorsFromSession->handle(Object(Illuminate/Http/Request), Object(Closure))
#59 D:/Codingan/random/_client_projects/pos_tb_nur/webapp/vendor/laravel/framework/src/Illuminate/Session/Middleware/StartSession.php(120): Illuminate/Pipeline/Pipeline->Illuminate/Pipeline/{closure}(Object(Illuminate/Http/Request))
#60 D:/Codingan/random/_client_projects/pos_tb_nur/webapp/vendor/laravel/framework/src/Illuminate/Session/Middleware/StartSession.php(63): Illuminate/Session/Middleware/StartSession->handleStatefulRequest(Object(Illuminate/Http/Request), Object(Illuminate/Session/Store), Object(Closure))
#61 D:/Codingan/random/_client_projects/pos_tb_nur/webapp/vendor/laravel/framework/src/Illuminate/Pipeline/Pipeline.php(219): Illuminate/Session/Middleware/StartSession->handle(Object(Illuminate/Http/Request), Object(Closure))
#62 D:/Codingan/random/_client_projects/pos_tb_nur/webapp/vendor/laravel/framework/src/Illuminate/Cookie/Middleware/AddQueuedCookiesToResponse.php(36): Illuminate/Pipeline/Pipeline->Illuminate/Pipeline/{closure}(Object(Illuminate/Http/Request))
#63 D:/Codingan/random/_client_projects/pos_tb_nur/webapp/vendor/laravel/framework/src/Illuminate/Pipeline/Pipeline.php(219): Illuminate/Cookie/Middleware/AddQueuedCookiesToResponse->handle(Object(Illuminate/Http/Request), Object(Closure))
#64 D:/Codingan/random/_client_projects/pos_tb_nur/webapp/vendor/laravel/framework/src/Illuminate/Cookie/Middleware/EncryptCookies.php(74): Illuminate/Pipeline/Pipeline->Illuminate/Pipeline/{closure}(Object(Illuminate/Http/Request))
#65 D:/Codingan/random/_client_projects/pos_tb_nur/webapp/vendor/laravel/framework/src/Illuminate/Pipeline/Pipeline.php(219): Illuminate/Cookie/Middleware/EncryptCookies->handle(Object(Illuminate/Http/Request), Object(Closure))
#66 D:/Codingan/random/_client_projects/pos_tb_nur/webapp/vendor/laravel/framework/src/Illuminate/Pipeline/Pipeline.php(137): Illuminate/Pipeline/Pipeline->Illuminate/Pipeline/{closure}(Object(Illuminate/Http/Request))
#67 D:/Codingan/random/_client_projects/pos_tb_nur/webapp/vendor/laravel/framework/src/Illuminate/Routing/Router.php(821): Illuminate/Pipeline/Pipeline->then(Object(Closure))
#68 D:/Codingan/random/_client_projects/pos_tb_nur/webapp/vendor/laravel/framework/src/Illuminate/Routing/Router.php(800): Illuminate/Routing/Router->runRouteWithinStack(Object(Illuminate/Routing/Route), Object(Illuminate/Http/Request))
#69 D:/Codingan/random/_client_projects/pos_tb_nur/webapp/vendor/laravel/framework/src/Illuminate/Routing/Router.php(764): Illuminate/Routing/Router->runRoute(Object(Illuminate/Http/Request), Object(Illuminate/Routing/Route))
#70 D:/Codingan/random/_client_projects/pos_tb_nur/webapp/vendor/laravel/framework/src/Illuminate/Routing/Router.php(753): Illuminate/Routing/Router->dispatchToRoute(Object(Illuminate/Http/Request))
#71 D:/Codingan/random/_client_projects/pos_tb_nur/webapp/vendor/laravel/framework/src/Illuminate/Foundation/Http/Kernel.php(200): Illuminate/Routing/Router->dispatch(Object(Illuminate/Http/Request))
#72 D:/Codingan/random/_client_projects/pos_tb_nur/webapp/vendor/laravel/framework/src/Illuminate/Pipeline/Pipeline.php(180): Illuminate/Foundation/Http/Kernel->Illuminate/Foundation/Http/{closure}(Object(Illuminate/Http/Request))
#73 D:/Codingan/random/_client_projects/pos_tb_nur/webapp/vendor/inertiajs/inertia-laravel/src/Middleware/EnsureGetOnRedirect.php(19): Illuminate/Pipeline/Pipeline->Illuminate/Pipeline/{closure}(Object(Illuminate/Http/Request))
#74 D:/Codingan/random/_client_projects/pos_tb_nur/webapp/vendor/laravel/framework/src/Illuminate/Pipeline/Pipeline.php(219): Inertia/Middleware/EnsureGetOnRedirect->handle(Object(Illuminate/Http/Request), Object(Closure))
#75 D:/Codingan/random/_client_projects/pos_tb_nur/webapp/vendor/laravel/framework/src/Illuminate/Foundation/Http/Middleware/TransformsRequest.php(21): Illuminate/Pipeline/Pipeline->Illuminate/Pipeline/{closure}(Object(Illuminate/Http/Request))
#76 D:/Codingan/random/_client_projects/pos_tb_nur/webapp/vendor/laravel/framework/src/Illuminate/Foundation/Http/Middleware/ConvertEmptyStringsToNull.php(31): Illuminate/Foundation/Http/Middleware/TransformsRequest->handle(Object(Illuminate/Http/Request), Object(Closure))
#77 D:/Codingan/random/_client_projects/pos_tb_nur/webapp/vendor/laravel/framework/src/Illuminate/Pipeline/Pipeline.php(219): Illuminate/Foundation/Http/Middleware/ConvertEmptyStringsToNull->handle(Object(Illuminate/Http/Request), Object(Closure))
#78 D:/Codingan/random/_client_projects/pos_tb_nur/webapp/vendor/laravel/framework/src/Illuminate/Foundation/Http/Middleware/TransformsRequest.php(21): Illuminate/Pipeline/Pipeline->Illuminate/Pipeline/{closure}(Object(Illuminate/Http/Request))
#79 D:/Codingan/random/_client_projects/pos_tb_nur/webapp/vendor/laravel/framework/src/Illuminate/Foundation/Http/Middleware/TrimStrings.php(51): Illuminate/Foundation/Http/Middleware/TransformsRequest->handle(Object(Illuminate/Http/Request), Object(Closure))
#80 D:/Codingan/random/_client_projects/pos_tb_nur/webapp/vendor/laravel/framework/src/Illuminate/Pipeline/Pipeline.php(219): Illuminate/Foundation/Http/Middleware/TrimStrings->handle(Object(Illuminate/Http/Request), Object(Closure))
#81 D:/Codingan/random/_client_projects/pos_tb_nur/webapp/vendor/laravel/framework/src/Illuminate/Http/Middleware/ValidatePostSize.php(27): Illuminate/Pipeline/Pipeline->Illuminate/Pipeline/{closure}(Object(Illuminate/Http/Request))
#82 D:/Codingan/random/_client_projects/pos_tb_nur/webapp/vendor/laravel/framework/src/Illuminate/Pipeline/Pipeline.php(219): Illuminate/Http/Middleware/ValidatePostSize->handle(Object(Illuminate/Http/Request), Object(Closure))
#83 D:/Codingan/random/_client_projects/pos_tb_nur/webapp/vendor/laravel/framework/src/Illuminate/Foundation/Http/Middleware/PreventRequestsDuringMaintenance.php(109): Illuminate/Pipeline/Pipeline->Illuminate/Pipeline/{closure}(Object(Illuminate/Http/Request))
#84 D:/Codingan/random/_client_projects/pos_tb_nur/webapp/vendor/laravel/framework/src/Illuminate/Pipeline/Pipeline.php(219): Illuminate/Foundation/Http/Middleware/PreventRequestsDuringMaintenance->handle(Object(Illuminate/Http/Request), Object(Closure))
#85 D:/Codingan/random/_client_projects/pos_tb_nur/webapp/vendor/laravel/framework/src/Illuminate/Http/Middleware/HandleCors.php(74): Illuminate/Pipeline/Pipeline->Illuminate/Pipeline/{closure}(Object(Illuminate/Http/Request))
#86 D:/Codingan/random/_client_projects/pos_tb_nur/webapp/vendor/laravel/framework/src/Illuminate/Pipeline/Pipeline.php(219): Illuminate/Http/Middleware/HandleCors->handle(Object(Illuminate/Http/Request), Object(Closure))
#87 D:/Codingan/random/_client_projects/pos_tb_nur/webapp/vendor/laravel/framework/src/Illuminate/Http/Middleware/TrustProxies.php(58): Illuminate/Pipeline/Pipeline->Illuminate/Pipeline/{closure}(Object(Illuminate/Http/Request))
#88 D:/Codingan/random/_client_projects/pos_tb_nur/webapp/vendor/laravel/framework/src/Illuminate/Pipeline/Pipeline.php(219): Illuminate/Http/Middleware/TrustProxies->handle(Object(Illuminate/Http/Request), Object(Closure))
#89 D:/Codingan/random/_client_projects/pos_tb_nur/webapp/vendor/laravel/framework/src/Illuminate/Foundation/Http/Middleware/InvokeDeferredCallbacks.php(22): Illuminate/Pipeline/Pipeline->Illuminate/Pipeline/{closure}(Object(Illuminate/Http/Request))
#90 D:/Codingan/random/_client_projects/pos_tb_nur/webapp/vendor/laravel/framework/src/Illuminate/Pipeline/Pipeline.php(219): Illuminate/Foundation/Http/Middleware/InvokeDeferredCallbacks->handle(Object(Illuminate/Http/Request), Object(Closure))
#91 D:/Codingan/random/_client_projects/pos_tb_nur/webapp/vendor/laravel/framework/src/Illuminate/Http/Middleware/ValidatePathEncoding.php(26): Illuminate/Pipeline/Pipeline->Illuminate/Pipeline/{closure}(Object(Illuminate/Http/Request))
#92 D:/Codingan/random/_client_projects/pos_tb_nur/webapp/vendor/laravel/framework/src/Illuminate/Pipeline/Pipeline.php(219): Illuminate/Http/Middleware/ValidatePathEncoding->handle(Object(Illuminate/Http/Request), Object(Closure))
#93 D:/Codingan/random/_client_projects/pos_tb_nur/webapp/vendor/laravel/framework/src/Illuminate/Pipeline/Pipeline.php(137): Illuminate/Pipeline/Pipeline->Illuminate/Pipeline/{closure}(Object(Illuminate/Http/Request))
#94 D:/Codingan/random/_client_projects/pos_tb_nur/webapp/vendor/laravel/framework/src/Illuminate/Foundation/Http/Kernel.php(175): Illuminate/Pipeline/Pipeline->then(Object(Closure))
#95 D:/Codingan/random/_client_projects/pos_tb_nur/webapp/vendor/laravel/framework/src/Illuminate/Foundation/Http/Kernel.php(144): Illuminate/Foundation/Http/Kernel->sendRequestThroughRouter(Object(Illuminate/Http/Request))
#96 D:/Codingan/random/_client_projects/pos_tb_nur/webapp/vendor/laravel/framework/src/Illuminate/Foundation/Testing/Concerns/MakesHttpRequests.php(607): Illuminate/Foundation/Http/Kernel->handle(Object(Illuminate/Http/Request))
#97 D:/Codingan/random/_client_projects/pos_tb_nur/webapp/vendor/laravel/framework/src/Illuminate/Foundation/Testing/Concerns/MakesHttpRequests.php(573): Illuminate/Foundation/Testing/TestCase->call('POST', '/api/backend/go...', Array, Array, Array, Array, '{\"warehouse_id\"...')
#98 D:/Codingan/random/_client_projects/pos_tb_nur/webapp/vendor/laravel/framework/src/Illuminate/Foundation/Testing/Concerns/MakesHttpRequests.php(411): Illuminate/Foundation/Testing/TestCase->json('POST', '/api/backend/go...', Array, Array, 0)
#99 D:/Codingan/random/_client_projects/pos_tb_nur/webapp/tests/Feature/InventoryCostingTest.php(124): Illuminate/Foundation/Testing/TestCase->postJson('/api/backend/go...', Array)
#100 D:/Codingan/random/_client_projects/pos_tb_nur/webapp/vendor/phpunit/phpunit/src/Framework/TestCase.php(1667): Tests/Feature/InventoryCostingTest->test_sales_delivery_consumes_inventory_batches_fifo()
#101 D:/Codingan/random/_client_projects/pos_tb_nur/webapp/vendor/phpunit/phpunit/src/Framework/TestCase.php(519): PHPUnit/Framework/TestCase->runTest()
#102 D:/Codingan/random/_client_projects/pos_tb_nur/webapp/vendor/phpunit/phpunit/src/Framework/TestRunner/TestRunner.php(87): PHPUnit/Framework/TestCase->runBare()
#103 D:/Codingan/random/_client_projects/pos_tb_nur/webapp/vendor/phpunit/phpunit/src/Framework/TestCase.php(365): PHPUnit/Framework/TestRunner->run(Object(Tests/Feature/InventoryCostingTest))
#104 D:/Codingan/random/_client_projects/pos_tb_nur/webapp/vendor/phpunit/phpunit/src/Framework/TestSuite.php(369): PHPUnit/Framework/TestCase->run()
#105 D:/Codingan/random/_client_projects/pos_tb_nur/webapp/vendor/phpunit/phpunit/src/Framework/TestSuite.php(369): PHPUnit/Framework/TestSuite->run()
#106 D:/Codingan/random/_client_projects/pos_tb_nur/webapp/vendor/phpunit/phpunit/src/Framework/TestSuite.php(369): PHPUnit/Framework/TestSuite->run()
#107 D:/Codingan/random/_client_projects/pos_tb_nur/webapp/vendor/phpunit/phpunit/src/TextUI/TestRunner.php(64): PHPUnit/Framework/TestSuite->run()
#108 D:/Codingan/random/_client_projects/pos_tb_nur/webapp/vendor/phpunit/phpunit/src/TextUI/Application.php(211): PHPUnit/TextUI/TestRunner->run(Object(PHPUnit/TextUI/Configuration/Configuration), Object(PHPUnit/Runner/ResultCache/DefaultResultCache), Object(PHPUnit/Framework/TestSuite))
#109 D:/Codingan/random/_client_projects/pos_tb_nur/webapp/vendor/phpunit/phpunit/phpunit(104): PHPUnit/TextUI/Application->run(Array)
#110 {main}
"} 
[2026-07-31 17:42:52] testing.ERROR: include(D:\Codingan\random\_client_projects\pos_tb_nur\webapp\vendor\composer/../../app/Domain/Catalog/Models/SupplierPrice.php): Failed to open stream: No such file or directory {"userId":1,"exception":"[object] (ErrorException(code: 0): include(D:\\Codingan\\random\\_client_projects\\pos_tb_nur\\webapp\\vendor\\composer/../../app/Domain/Catalog/Models/SupplierPrice.php): Failed to open stream: No such file or directory at D:/Codingan/random/_client_projects/pos_tb_nur/webapp/vendor/composer/ClassLoader.php:576)
[stacktrace]
#0 D:/Codingan/random/_client_projects/pos_tb_nur/webapp/vendor/laravel/framework/src/Illuminate/Foundation/Bootstrap/HandleExceptions.php(258): Illuminate/Foundation/Bootstrap/HandleExceptions->handleError(2, 'include(D://Codi...', 'D://Codingan//ran...', 576)
#1 D:/Codingan/random/_client_projects/pos_tb_nur/webapp/vendor/composer/ClassLoader.php(576): Illuminate/Foundation/Bootstrap/HandleExceptions->Illuminate/Foundation/Bootstrap/{closure}(2, 'include(D://Codi...', 'D://Codingan//ran...', 576)
#2 D:/Codingan/random/_client_projects/pos_tb_nur/webapp/vendor/composer/ClassLoader.php(576): include('D://Codingan//ran...')
#3 D:/Codingan/random/_client_projects/pos_tb_nur/webapp/vendor/composer/ClassLoader.php(427): Composer/Autoload/{closure}('D://Codingan//ran...')
#4 D:/Codingan/random/_client_projects/pos_tb_nur/webapp/vendor/laravel/framework/src/Illuminate/Database/Eloquent/Concerns/HasRelationships.php(1035): Composer/Autoload/ClassLoader->loadClass('App//Domain//Cata...')
#5 D:/Codingan/random/_client_projects/pos_tb_nur/webapp/vendor/laravel/framework/src/Illuminate/Database/Eloquent/Concerns/HasRelationships.php(536): Illuminate/Database/Eloquent/Model->newRelatedInstance('App//Domain//Cata...')
#6 D:/Codingan/random/_client_projects/pos_tb_nur/webapp/app/Domain/Catalog/Models/Product.php(139): Illuminate/Database/Eloquent/Model->hasMany('App//Domain//Cata...')
#7 D:/Codingan/random/_client_projects/pos_tb_nur/webapp/app/Domain/Catalog/Models/Product.php(48): App/Domain/Catalog/Models/Product->supplierPrices()
#8 D:/Codingan/random/_client_projects/pos_tb_nur/webapp/vendor/laravel/framework/src/Illuminate/Database/Eloquent/Concerns/HasAttributes.php(717): App/Domain/Catalog/Models/Product->getMainSupplierAttribute(NULL)
#9 D:/Codingan/random/_client_projects/pos_tb_nur/webapp/vendor/laravel/framework/src/Illuminate/Database/Eloquent/Concerns/HasAttributes.php(769): Illuminate/Database/Eloquent/Model->mutateAttribute('main_supplier', NULL)
#10 D:/Codingan/random/_client_projects/pos_tb_nur/webapp/vendor/laravel/framework/src/Illuminate/Database/Eloquent/Concerns/HasAttributes.php(239): Illuminate/Database/Eloquent/Model->mutateAttributeForArray('main_supplier', NULL)
#11 D:/Codingan/random/_client_projects/pos_tb_nur/webapp/vendor/laravel/framework/src/Illuminate/Database/Eloquent/Model.php(1781): Illuminate/Database/Eloquent/Model->attributesToArray()
#12 [internal function]: Illuminate/Database/Eloquent/Model->Illuminate/Database/Eloquent/{closure}()
#13 D:/Codingan/random/_client_projects/pos_tb_nur/webapp/vendor/laravel/framework/src/Illuminate/Database/Eloquent/Concerns/PreventsCircularRecursion.php(46): call_user_func(Object(Closure))
#14 D:/Codingan/random/_client_projects/pos_tb_nur/webapp/vendor/laravel/framework/src/Illuminate/Database/Eloquent/Model.php(1780): Illuminate/Database/Eloquent/Model->withoutRecursion(Object(Closure), Object(Closure))
#15 D:/Codingan/random/_client_projects/pos_tb_nur/webapp/vendor/laravel/framework/src/Illuminate/Database/Eloquent/Concerns/HasAttributes.php(389): Illuminate/Database/Eloquent/Model->toArray()
#16 D:/Codingan/random/_client_projects/pos_tb_nur/webapp/vendor/laravel/framework/src/Illuminate/Database/Eloquent/Model.php(1781): Illuminate/Database/Eloquent/Model->relationsToArray()
#17 [internal function]: Illuminate/Database/Eloquent/Model->Illuminate/Database/Eloquent/{closure}()
#18 D:/Codingan/random/_client_projects/pos_tb_nur/webapp/vendor/laravel/framework/src/Illuminate/Database/Eloquent/Concerns/PreventsCircularRecursion.php(46): call_user_func(Object(Closure))
#19 D:/Codingan/random/_client_projects/pos_tb_nur/webapp/vendor/laravel/framework/src/Illuminate/Database/Eloquent/Model.php(1780): Illuminate/Database/Eloquent/Model->withoutRecursion(Object(Closure), Object(Closure))
#20 D:/Codingan/random/_client_projects/pos_tb_nur/webapp/vendor/laravel/framework/src/Illuminate/Collections/Traits/EnumeratesValues.php(978): Illuminate/Database/Eloquent/Model->toArray()
#21 [internal function]: Illuminate/Support/Collection->Illuminate/Support/Traits/{closure}(Object(App/Domain/Support/Models/OperationDocumentLine), 0)
#22 D:/Codingan/random/_client_projects/pos_tb_nur/webapp/vendor/laravel/framework/src/Illuminate/Collections/Arr.php(841): array_map(Object(Closure), Array, Array)
#23 D:/Codingan/random/_client_projects/pos_tb_nur/webapp/vendor/laravel/framework/src/Illuminate/Collections/Collection.php(829): Illuminate/Support/Arr::map(Array, Object(Closure))
#24 D:/Codingan/random/_client_projects/pos_tb_nur/webapp/vendor/laravel/framework/src/Illuminate/Database/Eloquent/Collection.php(421): Illuminate/Support/Collection->map(Object(Closure))
#25 D:/Codingan/random/_client_projects/pos_tb_nur/webapp/vendor/laravel/framework/src/Illuminate/Collections/Traits/EnumeratesValues.php(978): Illuminate/Database/Eloquent/Collection->map(Object(Closure))
#26 D:/Codingan/random/_client_projects/pos_tb_nur/webapp/vendor/laravel/framework/src/Illuminate/Database/Eloquent/Concerns/HasAttributes.php(389): Illuminate/Support/Collection->toArray()
#27 D:/Codingan/random/_client_projects/pos_tb_nur/webapp/vendor/laravel/framework/src/Illuminate/Database/Eloquent/Model.php(1781): Illuminate/Database/Eloquent/Model->relationsToArray()
#28 [internal function]: Illuminate/Database/Eloquent/Model->Illuminate/Database/Eloquent/{closure}()
#29 D:/Codingan/random/_client_projects/pos_tb_nur/webapp/vendor/laravel/framework/src/Illuminate/Database/Eloquent/Concerns/PreventsCircularRecursion.php(46): call_user_func(Object(Closure))
#30 D:/Codingan/random/_client_projects/pos_tb_nur/webapp/vendor/laravel/framework/src/Illuminate/Database/Eloquent/Model.php(1780): Illuminate/Database/Eloquent/Model->withoutRecursion(Object(Closure), Object(Closure))
#31 D:/Codingan/random/_client_projects/pos_tb_nur/webapp/vendor/laravel/framework/src/Illuminate/Database/Eloquent/Model.php(1825): Illuminate/Database/Eloquent/Model->toArray()
#32 [internal function]: Illuminate/Database/Eloquent/Model->jsonSerialize()
#33 D:/Codingan/random/_client_projects/pos_tb_nur/webapp/vendor/laravel/framework/src/Illuminate/Http/JsonResponse.php(87): json_encode(Array, 0)
#34 D:/Codingan/random/_client_projects/pos_tb_nur/webapp/vendor/symfony/http-foundation/JsonResponse.php(49): Illuminate/Http/JsonResponse->setData(Array)
#35 D:/Codingan/random/_client_projects/pos_tb_nur/webapp/vendor/laravel/framework/src/Illuminate/Http/JsonResponse.php(31): Symfony/Component/HttpFoundation/JsonResponse->__construct(Array, 201, Array, false)
#36 D:/Codingan/random/_client_projects/pos_tb_nur/webapp/vendor/laravel/framework/src/Illuminate/Routing/ResponseFactory.php(105): Illuminate/Http/JsonResponse->__construct(Array, 201, Array, 0)
#37 D:/Codingan/random/_client_projects/pos_tb_nur/webapp/app/Http/Controllers/Api/BackendResourceController.php(89): Illuminate/Routing/ResponseFactory->json(Array, 201)
#38 D:/Codingan/random/_client_projects/pos_tb_nur/webapp/vendor/laravel/framework/src/Illuminate/Routing/ControllerDispatcher.php(46): App/Http/Controllers/Api/BackendResourceController->store(Object(App/Http/Requests/Api/Backend/BackendResourceStoreRequest), 'goods-receipts')
#39 D:/Codingan/random/_client_projects/pos_tb_nur/webapp/vendor/laravel/framework/src/Illuminate/Routing/Route.php(265): Illuminate/Routing/ControllerDispatcher->dispatch(Object(Illuminate/Routing/Route), Object(App/Http/Controllers/Api/BackendResourceController), 'store')
#40 D:/Codingan/random/_client_projects/pos_tb_nur/webapp/vendor/laravel/framework/src/Illuminate/Routing/Route.php(211): Illuminate/Routing/Route->runController()
#41 D:/Codingan/random/_client_projects/pos_tb_nur/webapp/vendor/laravel/framework/src/Illuminate/Routing/Router.php(822): Illuminate/Routing/Route->run()
#42 D:/Codingan/random/_client_projects/pos_tb_nur/webapp/vendor/laravel/framework/src/Illuminate/Pipeline/Pipeline.php(180): Illuminate/Routing/Router->Illuminate/Routing/{closure}(Object(Illuminate/Http/Request))
#43 D:/Codingan/random/_client_projects/pos_tb_nur/webapp/app/Http/Middleware/SecureHeaders.php(16): Illuminate/Pipeline/Pipeline->Illuminate/Pipeline/{closure}(Object(Illuminate/Http/Request))
#44 D:/Codingan/random/_client_projects/pos_tb_nur/webapp/vendor/laravel/framework/src/Illuminate/Pipeline/Pipeline.php(219): App/Http/Middleware/SecureHeaders->handle(Object(Illuminate/Http/Request), Object(Closure))
#45 D:/Codingan/random/_client_projects/pos_tb_nur/webapp/vendor/inertiajs/inertia-laravel/src/Middleware.php(138): Illuminate/Pipeline/Pipeline->Illuminate/Pipeline/{closure}(Object(Illuminate/Http/Request))
#46 D:/Codingan/random/_client_projects/pos_tb_nur/webapp/vendor/laravel/framework/src/Illuminate/Pipeline/Pipeline.php(219): Inertia/Middleware->handle(Object(Illuminate/Http/Request), Object(Closure))
#47 D:/Codingan/random/_client_projects/pos_tb_nur/webapp/vendor/laravel/framework/src/Illuminate/Foundation/Http/Middleware/VerifyCsrfToken.php(87): Illuminate/Pipeline/Pipeline->Illuminate/Pipeline/{closure}(Object(Illuminate/Http/Request))
#48 D:/Codingan/random/_client_projects/pos_tb_nur/webapp/vendor/laravel/framework/src/Illuminate/Pipeline/Pipeline.php(219): Illuminate/Foundation/Http/Middleware/VerifyCsrfToken->handle(Object(Illuminate/Http/Request), Object(Closure))
#49 D:/Codingan/random/_client_projects/pos_tb_nur/webapp/vendor/laravel/framework/src/Illuminate/Routing/Middleware/SubstituteBindings.php(50): Illuminate/Pipeline/Pipeline->Illuminate/Pipeline/{closure}(Object(Illuminate/Http/Request))
#50 D:/Codingan/random/_client_projects/pos_tb_nur/webapp/vendor/laravel/framework/src/Illuminate/Pipeline/Pipeline.php(219): Illuminate/Routing/Middleware/SubstituteBindings->handle(Object(Illuminate/Http/Request), Object(Closure))
#51 D:/Codingan/random/_client_projects/pos_tb_nur/webapp/vendor/laravel/framework/src/Illuminate/Routing/Middleware/ThrottleRequests.php(166): Illuminate/Pipeline/Pipeline->Illuminate/Pipeline/{closure}(Object(Illuminate/Http/Request))
#52 D:/Codingan/random/_client_projects/pos_tb_nur/webapp/vendor/laravel/framework/src/Illuminate/Routing/Middleware/ThrottleRequests.php(129): Illuminate/Routing/Middleware/ThrottleRequests->handleRequest(Object(Illuminate/Http/Request), Object(Closure), Array)
#53 D:/Codingan/random/_client_projects/pos_tb_nur/webapp/vendor/laravel/framework/src/Illuminate/Routing/Middleware/ThrottleRequests.php(90): Illuminate/Routing/Middleware/ThrottleRequests->handleRequestUsingNamedLimiter(Object(Illuminate/Http/Request), Object(Closure), 'api', Object(Closure))
#54 D:/Codingan/random/_client_projects/pos_tb_nur/webapp/vendor/laravel/framework/src/Illuminate/Pipeline/Pipeline.php(219): Illuminate/Routing/Middleware/ThrottleRequests->handle(Object(Illuminate/Http/Request), Object(Closure), 'api')
#55 D:/Codingan/random/_client_projects/pos_tb_nur/webapp/vendor/laravel/framework/src/Illuminate/Auth/Middleware/Authenticate.php(63): Illuminate/Pipeline/Pipeline->Illuminate/Pipeline/{closure}(Object(Illuminate/Http/Request))
#56 D:/Codingan/random/_client_projects/pos_tb_nur/webapp/vendor/laravel/framework/src/Illuminate/Pipeline/Pipeline.php(219): Illuminate/Auth/Middleware/Authenticate->handle(Object(Illuminate/Http/Request), Object(Closure))
#57 D:/Codingan/random/_client_projects/pos_tb_nur/webapp/vendor/laravel/framework/src/Illuminate/View/Middleware/ShareErrorsFromSession.php(48): Illuminate/Pipeline/Pipeline->Illuminate/Pipeline/{closure}(Object(Illuminate/Http/Request))
#58 D:/Codingan/random/_client_projects/pos_tb_nur/webapp/vendor/laravel/framework/src/Illuminate/Pipeline/Pipeline.php(219): Illuminate/View/Middleware/ShareErrorsFromSession->handle(Object(Illuminate/Http/Request), Object(Closure))
#59 D:/Codingan/random/_client_projects/pos_tb_nur/webapp/vendor/laravel/framework/src/Illuminate/Session/Middleware/StartSession.php(120): Illuminate/Pipeline/Pipeline->Illuminate/Pipeline/{closure}(Object(Illuminate/Http/Request))
#60 D:/Codingan/random/_client_projects/pos_tb_nur/webapp/vendor/laravel/framework/src/Illuminate/Session/Middleware/StartSession.php(63): Illuminate/Session/Middleware/StartSession->handleStatefulRequest(Object(Illuminate/Http/Request), Object(Illuminate/Session/Store), Object(Closure))
#61 D:/Codingan/random/_client_projects/pos_tb_nur/webapp/vendor/laravel/framework/src/Illuminate/Pipeline/Pipeline.php(219): Illuminate/Session/Middleware/StartSession->handle(Object(Illuminate/Http/Request), Object(Closure))
#62 D:/Codingan/random/_client_projects/pos_tb_nur/webapp/vendor/laravel/framework/src/Illuminate/Cookie/Middleware/AddQueuedCookiesToResponse.php(36): Illuminate/Pipeline/Pipeline->Illuminate/Pipeline/{closure}(Object(Illuminate/Http/Request))
#63 D:/Codingan/random/_client_projects/pos_tb_nur/webapp/vendor/laravel/framework/src/Illuminate/Pipeline/Pipeline.php(219): Illuminate/Cookie/Middleware/AddQueuedCookiesToResponse->handle(Object(Illuminate/Http/Request), Object(Closure))
#64 D:/Codingan/random/_client_projects/pos_tb_nur/webapp/vendor/laravel/framework/src/Illuminate/Cookie/Middleware/EncryptCookies.php(74): Illuminate/Pipeline/Pipeline->Illuminate/Pipeline/{closure}(Object(Illuminate/Http/Request))
#65 D:/Codingan/random/_client_projects/pos_tb_nur/webapp/vendor/laravel/framework/src/Illuminate/Pipeline/Pipeline.php(219): Illuminate/Cookie/Middleware/EncryptCookies->handle(Object(Illuminate/Http/Request), Object(Closure))
#66 D:/Codingan/random/_client_projects/pos_tb_nur/webapp/vendor/laravel/framework/src/Illuminate/Pipeline/Pipeline.php(137): Illuminate/Pipeline/Pipeline->Illuminate/Pipeline/{closure}(Object(Illuminate/Http/Request))
#67 D:/Codingan/random/_client_projects/pos_tb_nur/webapp/vendor/laravel/framework/src/Illuminate/Routing/Router.php(821): Illuminate/Pipeline/Pipeline->then(Object(Closure))
#68 D:/Codingan/random/_client_projects/pos_tb_nur/webapp/vendor/laravel/framework/src/Illuminate/Routing/Router.php(800): Illuminate/Routing/Router->runRouteWithinStack(Object(Illuminate/Routing/Route), Object(Illuminate/Http/Request))
#69 D:/Codingan/random/_client_projects/pos_tb_nur/webapp/vendor/laravel/framework/src/Illuminate/Routing/Router.php(764): Illuminate/Routing/Router->runRoute(Object(Illuminate/Http/Request), Object(Illuminate/Routing/Route))
#70 D:/Codingan/random/_client_projects/pos_tb_nur/webapp/vendor/laravel/framework/src/Illuminate/Routing/Router.php(753): Illuminate/Routing/Router->dispatchToRoute(Object(Illuminate/Http/Request))
#71 D:/Codingan/random/_client_projects/pos_tb_nur/webapp/vendor/laravel/framework/src/Illuminate/Foundation/Http/Kernel.php(200): Illuminate/Routing/Router->dispatch(Object(Illuminate/Http/Request))
#72 D:/Codingan/random/_client_projects/pos_tb_nur/webapp/vendor/laravel/framework/src/Illuminate/Pipeline/Pipeline.php(180): Illuminate/Foundation/Http/Kernel->Illuminate/Foundation/Http/{closure}(Object(Illuminate/Http/Request))
#73 D:/Codingan/random/_client_projects/pos_tb_nur/webapp/vendor/inertiajs/inertia-laravel/src/Middleware/EnsureGetOnRedirect.php(19): Illuminate/Pipeline/Pipeline->Illuminate/Pipeline/{closure}(Object(Illuminate/Http/Request))
#74 D:/Codingan/random/_client_projects/pos_tb_nur/webapp/vendor/laravel/framework/src/Illuminate/Pipeline/Pipeline.php(219): Inertia/Middleware/EnsureGetOnRedirect->handle(Object(Illuminate/Http/Request), Object(Closure))
#75 D:/Codingan/random/_client_projects/pos_tb_nur/webapp/vendor/laravel/framework/src/Illuminate/Foundation/Http/Middleware/TransformsRequest.php(21): Illuminate/Pipeline/Pipeline->Illuminate/Pipeline/{closure}(Object(Illuminate/Http/Request))
#76 D:/Codingan/random/_client_projects/pos_tb_nur/webapp/vendor/laravel/framework/src/Illuminate/Foundation/Http/Middleware/ConvertEmptyStringsToNull.php(31): Illuminate/Foundation/Http/Middleware/TransformsRequest->handle(Object(Illuminate/Http/Request), Object(Closure))
#77 D:/Codingan/random/_client_projects/pos_tb_nur/webapp/vendor/laravel/framework/src/Illuminate/Pipeline/Pipeline.php(219): Illuminate/Foundation/Http/Middleware/ConvertEmptyStringsToNull->handle(Object(Illuminate/Http/Request), Object(Closure))
#78 D:/Codingan/random/_client_projects/pos_tb_nur/webapp/vendor/laravel/framework/src/Illuminate/Foundation/Http/Middleware/TransformsRequest.php(21): Illuminate/Pipeline/Pipeline->Illuminate/Pipeline/{closure}(Object(Illuminate/Http/Request))
#79 D:/Codingan/random/_client_projects/pos_tb_nur/webapp/vendor/laravel/framework/src/Illuminate/Foundation/Http/Middleware/TrimStrings.php(51): Illuminate/Foundation/Http/Middleware/TransformsRequest->handle(Object(Illuminate/Http/Request), Object(Closure))
#80 D:/Codingan/random/_client_projects/pos_tb_nur/webapp/vendor/laravel/framework/src/Illuminate/Pipeline/Pipeline.php(219): Illuminate/Foundation/Http/Middleware/TrimStrings->handle(Object(Illuminate/Http/Request), Object(Closure))
#81 D:/Codingan/random/_client_projects/pos_tb_nur/webapp/vendor/laravel/framework/src/Illuminate/Http/Middleware/ValidatePostSize.php(27): Illuminate/Pipeline/Pipeline->Illuminate/Pipeline/{closure}(Object(Illuminate/Http/Request))
#82 D:/Codingan/random/_client_projects/pos_tb_nur/webapp/vendor/laravel/framework/src/Illuminate/Pipeline/Pipeline.php(219): Illuminate/Http/Middleware/ValidatePostSize->handle(Object(Illuminate/Http/Request), Object(Closure))
#83 D:/Codingan/random/_client_projects/pos_tb_nur/webapp/vendor/laravel/framework/src/Illuminate/Foundation/Http/Middleware/PreventRequestsDuringMaintenance.php(109): Illuminate/Pipeline/Pipeline->Illuminate/Pipeline/{closure}(Object(Illuminate/Http/Request))
#84 D:/Codingan/random/_client_projects/pos_tb_nur/webapp/vendor/laravel/framework/src/Illuminate/Pipeline/Pipeline.php(219): Illuminate/Foundation/Http/Middleware/PreventRequestsDuringMaintenance->handle(Object(Illuminate/Http/Request), Object(Closure))
#85 D:/Codingan/random/_client_projects/pos_tb_nur/webapp/vendor/laravel/framework/src/Illuminate/Http/Middleware/HandleCors.php(74): Illuminate/Pipeline/Pipeline->Illuminate/Pipeline/{closure}(Object(Illuminate/Http/Request))
#86 D:/Codingan/random/_client_projects/pos_tb_nur/webapp/vendor/laravel/framework/src/Illuminate/Pipeline/Pipeline.php(219): Illuminate/Http/Middleware/HandleCors->handle(Object(Illuminate/Http/Request), Object(Closure))
#87 D:/Codingan/random/_client_projects/pos_tb_nur/webapp/vendor/laravel/framework/src/Illuminate/Http/Middleware/TrustProxies.php(58): Illuminate/Pipeline/Pipeline->Illuminate/Pipeline/{closure}(Object(Illuminate/Http/Request))
#88 D:/Codingan/random/_client_projects/pos_tb_nur/webapp/vendor/laravel/framework/src/Illuminate/Pipeline/Pipeline.php(219): Illuminate/Http/Middleware/TrustProxies->handle(Object(Illuminate/Http/Request), Object(Closure))
#89 D:/Codingan/random/_client_projects/pos_tb_nur/webapp/vendor/laravel/framework/src/Illuminate/Foundation/Http/Middleware/InvokeDeferredCallbacks.php(22): Illuminate/Pipeline/Pipeline->Illuminate/Pipeline/{closure}(Object(Illuminate/Http/Request))
#90 D:/Codingan/random/_client_projects/pos_tb_nur/webapp/vendor/laravel/framework/src/Illuminate/Pipeline/Pipeline.php(219): Illuminate/Foundation/Http/Middleware/InvokeDeferredCallbacks->handle(Object(Illuminate/Http/Request), Object(Closure))
#91 D:/Codingan/random/_client_projects/pos_tb_nur/webapp/vendor/laravel/framework/src/Illuminate/Http/Middleware/ValidatePathEncoding.php(26): Illuminate/Pipeline/Pipeline->Illuminate/Pipeline/{closure}(Object(Illuminate/Http/Request))
#92 D:/Codingan/random/_client_projects/pos_tb_nur/webapp/vendor/laravel/framework/src/Illuminate/Pipeline/Pipeline.php(219): Illuminate/Http/Middleware/ValidatePathEncoding->handle(Object(Illuminate/Http/Request), Object(Closure))
#93 D:/Codingan/random/_client_projects/pos_tb_nur/webapp/vendor/laravel/framework/src/Illuminate/Pipeline/Pipeline.php(137): Illuminate/Pipeline/Pipeline->Illuminate/Pipeline/{closure}(Object(Illuminate/Http/Request))
#94 D:/Codingan/random/_client_projects/pos_tb_nur/webapp/vendor/laravel/framework/src/Illuminate/Foundation/Http/Kernel.php(175): Illuminate/Pipeline/Pipeline->then(Object(Closure))
#95 D:/Codingan/random/_client_projects/pos_tb_nur/webapp/vendor/laravel/framework/src/Illuminate/Foundation/Http/Kernel.php(144): Illuminate/Foundation/Http/Kernel->sendRequestThroughRouter(Object(Illuminate/Http/Request))
#96 D:/Codingan/random/_client_projects/pos_tb_nur/webapp/vendor/laravel/framework/src/Illuminate/Foundation/Testing/Concerns/MakesHttpRequests.php(607): Illuminate/Foundation/Http/Kernel->handle(Object(Illuminate/Http/Request))
#97 D:/Codingan/random/_client_projects/pos_tb_nur/webapp/vendor/laravel/framework/src/Illuminate/Foundation/Testing/Concerns/MakesHttpRequests.php(573): Illuminate/Foundation/Testing/TestCase->call('POST', '/api/backend/go...', Array, Array, Array, Array, '{\"warehouse_id\"...')
#98 D:/Codingan/random/_client_projects/pos_tb_nur/webapp/vendor/laravel/framework/src/Illuminate/Foundation/Testing/Concerns/MakesHttpRequests.php(411): Illuminate/Foundation/Testing/TestCase->json('POST', '/api/backend/go...', Array, Array, 0)
#99 D:/Codingan/random/_client_projects/pos_tb_nur/webapp/tests/Feature/InventoryCostingTest.php(200): Illuminate/Foundation/Testing/TestCase->postJson('/api/backend/go...', Array)
#100 D:/Codingan/random/_client_projects/pos_tb_nur/webapp/vendor/phpunit/phpunit/src/Framework/TestCase.php(1667): Tests/Feature/InventoryCostingTest->test_deleting_goods_receipt_reverts_inventory_batches()
#101 D:/Codingan/random/_client_projects/pos_tb_nur/webapp/vendor/phpunit/phpunit/src/Framework/TestCase.php(519): PHPUnit/Framework/TestCase->runTest()
#102 D:/Codingan/random/_client_projects/pos_tb_nur/webapp/vendor/phpunit/phpunit/src/Framework/TestRunner/TestRunner.php(87): PHPUnit/Framework/TestCase->runBare()
#103 D:/Codingan/random/_client_projects/pos_tb_nur/webapp/vendor/phpunit/phpunit/src/Framework/TestCase.php(365): PHPUnit/Framework/TestRunner->run(Object(Tests/Feature/InventoryCostingTest))
#104 D:/Codingan/random/_client_projects/pos_tb_nur/webapp/vendor/phpunit/phpunit/src/Framework/TestSuite.php(369): PHPUnit/Framework/TestCase->run()
#105 D:/Codingan/random/_client_projects/pos_tb_nur/webapp/vendor/phpunit/phpunit/src/Framework/TestSuite.php(369): PHPUnit/Framework/TestSuite->run()
#106 D:/Codingan/random/_client_projects/pos_tb_nur/webapp/vendor/phpunit/phpunit/src/Framework/TestSuite.php(369): PHPUnit/Framework/TestSuite->run()
#107 D:/Codingan/random/_client_projects/pos_tb_nur/webapp/vendor/phpunit/phpunit/src/TextUI/TestRunner.php(64): PHPUnit/Framework/TestSuite->run()
#108 D:/Codingan/random/_client_projects/pos_tb_nur/webapp/vendor/phpunit/phpunit/src/TextUI/Application.php(211): PHPUnit/TextUI/TestRunner->run(Object(PHPUnit/TextUI/Configuration/Configuration), Object(PHPUnit/Runner/ResultCache/DefaultResultCache), Object(PHPUnit/Framework/TestSuite))
#109 D:/Codingan/random/_client_projects/pos_tb_nur/webapp/vendor/phpunit/phpunit/phpunit(104): PHPUnit/TextUI/Application->run(Array)
#110 {main}
"} 
[2026-07-31 17:42:53] testing.ERROR: include(D:\Codingan\random\_client_projects\pos_tb_nur\webapp\vendor\composer/../../app/Domain/Catalog/Models/SupplierPrice.php): Failed to open stream: No such file or directory {"userId":1,"exception":"[object] (ErrorException(code: 0): include(D:\\Codingan\\random\\_client_projects\\pos_tb_nur\\webapp\\vendor\\composer/../../app/Domain/Catalog/Models/SupplierPrice.php): Failed to open stream: No such file or directory at D:/Codingan/random/_client_projects/pos_tb_nur/webapp/vendor/composer/ClassLoader.php:576)
[stacktrace]
#0 D:/Codingan/random/_client_projects/pos_tb_nur/webapp/vendor/laravel/framework/src/Illuminate/Foundation/Bootstrap/HandleExceptions.php(258): Illuminate/Foundation/Bootstrap/HandleExceptions->handleError(2, 'include(D://Codi...', 'D://Codingan//ran...', 576)
#1 D:/Codingan/random/_client_projects/pos_tb_nur/webapp/vendor/composer/ClassLoader.php(576): Illuminate/Foundation/Bootstrap/HandleExceptions->Illuminate/Foundation/Bootstrap/{closure}(2, 'include(D://Codi...', 'D://Codingan//ran...', 576)
#2 D:/Codingan/random/_client_projects/pos_tb_nur/webapp/vendor/composer/ClassLoader.php(576): include('D://Codingan//ran...')
#3 D:/Codingan/random/_client_projects/pos_tb_nur/webapp/vendor/composer/ClassLoader.php(427): Composer/Autoload/{closure}('D://Codingan//ran...')
#4 D:/Codingan/random/_client_projects/pos_tb_nur/webapp/vendor/laravel/framework/src/Illuminate/Database/Eloquent/Concerns/HasRelationships.php(1035): Composer/Autoload/ClassLoader->loadClass('App//Domain//Cata...')
#5 D:/Codingan/random/_client_projects/pos_tb_nur/webapp/vendor/laravel/framework/src/Illuminate/Database/Eloquent/Concerns/HasRelationships.php(536): Illuminate/Database/Eloquent/Model->newRelatedInstance('App//Domain//Cata...')
#6 D:/Codingan/random/_client_projects/pos_tb_nur/webapp/app/Domain/Catalog/Models/Product.php(139): Illuminate/Database/Eloquent/Model->hasMany('App//Domain//Cata...')
#7 D:/Codingan/random/_client_projects/pos_tb_nur/webapp/app/Domain/Catalog/Models/Product.php(48): App/Domain/Catalog/Models/Product->supplierPrices()
#8 D:/Codingan/random/_client_projects/pos_tb_nur/webapp/vendor/laravel/framework/src/Illuminate/Database/Eloquent/Concerns/HasAttributes.php(717): App/Domain/Catalog/Models/Product->getMainSupplierAttribute(NULL)
#9 D:/Codingan/random/_client_projects/pos_tb_nur/webapp/vendor/laravel/framework/src/Illuminate/Database/Eloquent/Concerns/HasAttributes.php(769): Illuminate/Database/Eloquent/Model->mutateAttribute('main_supplier', NULL)
#10 D:/Codingan/random/_client_projects/pos_tb_nur/webapp/vendor/laravel/framework/src/Illuminate/Database/Eloquent/Concerns/HasAttributes.php(239): Illuminate/Database/Eloquent/Model->mutateAttributeForArray('main_supplier', NULL)
#11 D:/Codingan/random/_client_projects/pos_tb_nur/webapp/vendor/laravel/framework/src/Illuminate/Database/Eloquent/Model.php(1781): Illuminate/Database/Eloquent/Model->attributesToArray()
#12 [internal function]: Illuminate/Database/Eloquent/Model->Illuminate/Database/Eloquent/{closure}()
#13 D:/Codingan/random/_client_projects/pos_tb_nur/webapp/vendor/laravel/framework/src/Illuminate/Database/Eloquent/Concerns/PreventsCircularRecursion.php(46): call_user_func(Object(Closure))
#14 D:/Codingan/random/_client_projects/pos_tb_nur/webapp/vendor/laravel/framework/src/Illuminate/Database/Eloquent/Model.php(1780): Illuminate/Database/Eloquent/Model->withoutRecursion(Object(Closure), Object(Closure))
#15 D:/Codingan/random/_client_projects/pos_tb_nur/webapp/vendor/laravel/framework/src/Illuminate/Database/Eloquent/Concerns/HasAttributes.php(389): Illuminate/Database/Eloquent/Model->toArray()
#16 D:/Codingan/random/_client_projects/pos_tb_nur/webapp/vendor/laravel/framework/src/Illuminate/Database/Eloquent/Model.php(1781): Illuminate/Database/Eloquent/Model->relationsToArray()
#17 [internal function]: Illuminate/Database/Eloquent/Model->Illuminate/Database/Eloquent/{closure}()
#18 D:/Codingan/random/_client_projects/pos_tb_nur/webapp/vendor/laravel/framework/src/Illuminate/Database/Eloquent/Concerns/PreventsCircularRecursion.php(46): call_user_func(Object(Closure))
#19 D:/Codingan/random/_client_projects/pos_tb_nur/webapp/vendor/laravel/framework/src/Illuminate/Database/Eloquent/Model.php(1780): Illuminate/Database/Eloquent/Model->withoutRecursion(Object(Closure), Object(Closure))
#20 D:/Codingan/random/_client_projects/pos_tb_nur/webapp/vendor/laravel/framework/src/Illuminate/Collections/Traits/EnumeratesValues.php(978): Illuminate/Database/Eloquent/Model->toArray()
#21 [internal function]: Illuminate/Support/Collection->Illuminate/Support/Traits/{closure}(Object(App/Domain/Support/Models/OperationDocumentLine), 0)
#22 D:/Codingan/random/_client_projects/pos_tb_nur/webapp/vendor/laravel/framework/src/Illuminate/Collections/Arr.php(841): array_map(Object(Closure), Array, Array)
#23 D:/Codingan/random/_client_projects/pos_tb_nur/webapp/vendor/laravel/framework/src/Illuminate/Collections/Collection.php(829): Illuminate/Support/Arr::map(Array, Object(Closure))
#24 D:/Codingan/random/_client_projects/pos_tb_nur/webapp/vendor/laravel/framework/src/Illuminate/Database/Eloquent/Collection.php(421): Illuminate/Support/Collection->map(Object(Closure))
#25 D:/Codingan/random/_client_projects/pos_tb_nur/webapp/vendor/laravel/framework/src/Illuminate/Collections/Traits/EnumeratesValues.php(978): Illuminate/Database/Eloquent/Collection->map(Object(Closure))
#26 D:/Codingan/random/_client_projects/pos_tb_nur/webapp/vendor/laravel/framework/src/Illuminate/Database/Eloquent/Concerns/HasAttributes.php(389): Illuminate/Support/Collection->toArray()
#27 D:/Codingan/random/_client_projects/pos_tb_nur/webapp/vendor/laravel/framework/src/Illuminate/Database/Eloquent/Model.php(1781): Illuminate/Database/Eloquent/Model->relationsToArray()
#28 [internal function]: Illuminate/Database/Eloquent/Model->Illuminate/Database/Eloquent/{closure}()
#29 D:/Codingan/random/_client_projects/pos_tb_nur/webapp/vendor/laravel/framework/src/Illuminate/Database/Eloquent/Concerns/PreventsCircularRecursion.php(46): call_user_func(Object(Closure))
#30 D:/Codingan/random/_client_projects/pos_tb_nur/webapp/vendor/laravel/framework/src/Illuminate/Database/Eloquent/Model.php(1780): Illuminate/Database/Eloquent/Model->withoutRecursion(Object(Closure), Object(Closure))
#31 D:/Codingan/random/_client_projects/pos_tb_nur/webapp/vendor/laravel/framework/src/Illuminate/Database/Eloquent/Model.php(1825): Illuminate/Database/Eloquent/Model->toArray()
#32 [internal function]: Illuminate/Database/Eloquent/Model->jsonSerialize()
#33 D:/Codingan/random/_client_projects/pos_tb_nur/webapp/vendor/laravel/framework/src/Illuminate/Http/JsonResponse.php(87): json_encode(Array, 0)
#34 D:/Codingan/random/_client_projects/pos_tb_nur/webapp/vendor/symfony/http-foundation/JsonResponse.php(49): Illuminate/Http/JsonResponse->setData(Array)
#35 D:/Codingan/random/_client_projects/pos_tb_nur/webapp/vendor/laravel/framework/src/Illuminate/Http/JsonResponse.php(31): Symfony/Component/HttpFoundation/JsonResponse->__construct(Array, 201, Array, false)
#36 D:/Codingan/random/_client_projects/pos_tb_nur/webapp/vendor/laravel/framework/src/Illuminate/Routing/ResponseFactory.php(105): Illuminate/Http/JsonResponse->__construct(Array, 201, Array, 0)
#37 D:/Codingan/random/_client_projects/pos_tb_nur/webapp/app/Http/Controllers/Api/BackendResourceController.php(89): Illuminate/Routing/ResponseFactory->json(Array, 201)
#38 D:/Codingan/random/_client_projects/pos_tb_nur/webapp/vendor/laravel/framework/src/Illuminate/Routing/ControllerDispatcher.php(46): App/Http/Controllers/Api/BackendResourceController->store(Object(App/Http/Requests/Api/Backend/BackendResourceStoreRequest), 'goods-receipts')
#39 D:/Codingan/random/_client_projects/pos_tb_nur/webapp/vendor/laravel/framework/src/Illuminate/Routing/Route.php(265): Illuminate/Routing/ControllerDispatcher->dispatch(Object(Illuminate/Routing/Route), Object(App/Http/Controllers/Api/BackendResourceController), 'store')
#40 D:/Codingan/random/_client_projects/pos_tb_nur/webapp/vendor/laravel/framework/src/Illuminate/Routing/Route.php(211): Illuminate/Routing/Route->runController()
#41 D:/Codingan/random/_client_projects/pos_tb_nur/webapp/vendor/laravel/framework/src/Illuminate/Routing/Router.php(822): Illuminate/Routing/Route->run()
#42 D:/Codingan/random/_client_projects/pos_tb_nur/webapp/vendor/laravel/framework/src/Illuminate/Pipeline/Pipeline.php(180): Illuminate/Routing/Router->Illuminate/Routing/{closure}(Object(Illuminate/Http/Request))
#43 D:/Codingan/random/_client_projects/pos_tb_nur/webapp/app/Http/Middleware/SecureHeaders.php(16): Illuminate/Pipeline/Pipeline->Illuminate/Pipeline/{closure}(Object(Illuminate/Http/Request))
#44 D:/Codingan/random/_client_projects/pos_tb_nur/webapp/vendor/laravel/framework/src/Illuminate/Pipeline/Pipeline.php(219): App/Http/Middleware/SecureHeaders->handle(Object(Illuminate/Http/Request), Object(Closure))
#45 D:/Codingan/random/_client_projects/pos_tb_nur/webapp/vendor/inertiajs/inertia-laravel/src/Middleware.php(138): Illuminate/Pipeline/Pipeline->Illuminate/Pipeline/{closure}(Object(Illuminate/Http/Request))
#46 D:/Codingan/random/_client_projects/pos_tb_nur/webapp/vendor/laravel/framework/src/Illuminate/Pipeline/Pipeline.php(219): Inertia/Middleware->handle(Object(Illuminate/Http/Request), Object(Closure))
#47 D:/Codingan/random/_client_projects/pos_tb_nur/webapp/vendor/laravel/framework/src/Illuminate/Foundation/Http/Middleware/VerifyCsrfToken.php(87): Illuminate/Pipeline/Pipeline->Illuminate/Pipeline/{closure}(Object(Illuminate/Http/Request))
#48 D:/Codingan/random/_client_projects/pos_tb_nur/webapp/vendor/laravel/framework/src/Illuminate/Pipeline/Pipeline.php(219): Illuminate/Foundation/Http/Middleware/VerifyCsrfToken->handle(Object(Illuminate/Http/Request), Object(Closure))
#49 D:/Codingan/random/_client_projects/pos_tb_nur/webapp/vendor/laravel/framework/src/Illuminate/Routing/Middleware/SubstituteBindings.php(50): Illuminate/Pipeline/Pipeline->Illuminate/Pipeline/{closure}(Object(Illuminate/Http/Request))
#50 D:/Codingan/random/_client_projects/pos_tb_nur/webapp/vendor/laravel/framework/src/Illuminate/Pipeline/Pipeline.php(219): Illuminate/Routing/Middleware/SubstituteBindings->handle(Object(Illuminate/Http/Request), Object(Closure))
#51 D:/Codingan/random/_client_projects/pos_tb_nur/webapp/vendor/laravel/framework/src/Illuminate/Routing/Middleware/ThrottleRequests.php(166): Illuminate/Pipeline/Pipeline->Illuminate/Pipeline/{closure}(Object(Illuminate/Http/Request))
#52 D:/Codingan/random/_client_projects/pos_tb_nur/webapp/vendor/laravel/framework/src/Illuminate/Routing/Middleware/ThrottleRequests.php(129): Illuminate/Routing/Middleware/ThrottleRequests->handleRequest(Object(Illuminate/Http/Request), Object(Closure), Array)
#53 D:/Codingan/random/_client_projects/pos_tb_nur/webapp/vendor/laravel/framework/src/Illuminate/Routing/Middleware/ThrottleRequests.php(90): Illuminate/Routing/Middleware/ThrottleRequests->handleRequestUsingNamedLimiter(Object(Illuminate/Http/Request), Object(Closure), 'api', Object(Closure))
#54 D:/Codingan/random/_client_projects/pos_tb_nur/webapp/vendor/laravel/framework/src/Illuminate/Pipeline/Pipeline.php(219): Illuminate/Routing/Middleware/ThrottleRequests->handle(Object(Illuminate/Http/Request), Object(Closure), 'api')
#55 D:/Codingan/random/_client_projects/pos_tb_nur/webapp/vendor/laravel/framework/src/Illuminate/Auth/Middleware/Authenticate.php(63): Illuminate/Pipeline/Pipeline->Illuminate/Pipeline/{closure}(Object(Illuminate/Http/Request))
#56 D:/Codingan/random/_client_projects/pos_tb_nur/webapp/vendor/laravel/framework/src/Illuminate/Pipeline/Pipeline.php(219): Illuminate/Auth/Middleware/Authenticate->handle(Object(Illuminate/Http/Request), Object(Closure))
#57 D:/Codingan/random/_client_projects/pos_tb_nur/webapp/vendor/laravel/framework/src/Illuminate/View/Middleware/ShareErrorsFromSession.php(48): Illuminate/Pipeline/Pipeline->Illuminate/Pipeline/{closure}(Object(Illuminate/Http/Request))
#58 D:/Codingan/random/_client_projects/pos_tb_nur/webapp/vendor/laravel/framework/src/Illuminate/Pipeline/Pipeline.php(219): Illuminate/View/Middleware/ShareErrorsFromSession->handle(Object(Illuminate/Http/Request), Object(Closure))
#59 D:/Codingan/random/_client_projects/pos_tb_nur/webapp/vendor/laravel/framework/src/Illuminate/Session/Middleware/StartSession.php(120): Illuminate/Pipeline/Pipeline->Illuminate/Pipeline/{closure}(Object(Illuminate/Http/Request))
#60 D:/Codingan/random/_client_projects/pos_tb_nur/webapp/vendor/laravel/framework/src/Illuminate/Session/Middleware/StartSession.php(63): Illuminate/Session/Middleware/StartSession->handleStatefulRequest(Object(Illuminate/Http/Request), Object(Illuminate/Session/Store), Object(Closure))
#61 D:/Codingan/random/_client_projects/pos_tb_nur/webapp/vendor/laravel/framework/src/Illuminate/Pipeline/Pipeline.php(219): Illuminate/Session/Middleware/StartSession->handle(Object(Illuminate/Http/Request), Object(Closure))
#62 D:/Codingan/random/_client_projects/pos_tb_nur/webapp/vendor/laravel/framework/src/Illuminate/Cookie/Middleware/AddQueuedCookiesToResponse.php(36): Illuminate/Pipeline/Pipeline->Illuminate/Pipeline/{closure}(Object(Illuminate/Http/Request))
#63 D:/Codingan/random/_client_projects/pos_tb_nur/webapp/vendor/laravel/framework/src/Illuminate/Pipeline/Pipeline.php(219): Illuminate/Cookie/Middleware/AddQueuedCookiesToResponse->handle(Object(Illuminate/Http/Request), Object(Closure))
#64 D:/Codingan/random/_client_projects/pos_tb_nur/webapp/vendor/laravel/framework/src/Illuminate/Cookie/Middleware/EncryptCookies.php(74): Illuminate/Pipeline/Pipeline->Illuminate/Pipeline/{closure}(Object(Illuminate/Http/Request))
#65 D:/Codingan/random/_client_projects/pos_tb_nur/webapp/vendor/laravel/framework/src/Illuminate/Pipeline/Pipeline.php(219): Illuminate/Cookie/Middleware/EncryptCookies->handle(Object(Illuminate/Http/Request), Object(Closure))
#66 D:/Codingan/random/_client_projects/pos_tb_nur/webapp/vendor/laravel/framework/src/Illuminate/Pipeline/Pipeline.php(137): Illuminate/Pipeline/Pipeline->Illuminate/Pipeline/{closure}(Object(Illuminate/Http/Request))
#67 D:/Codingan/random/_client_projects/pos_tb_nur/webapp/vendor/laravel/framework/src/Illuminate/Routing/Router.php(821): Illuminate/Pipeline/Pipeline->then(Object(Closure))
#68 D:/Codingan/random/_client_projects/pos_tb_nur/webapp/vendor/laravel/framework/src/Illuminate/Routing/Router.php(800): Illuminate/Routing/Router->runRouteWithinStack(Object(Illuminate/Routing/Route), Object(Illuminate/Http/Request))
#69 D:/Codingan/random/_client_projects/pos_tb_nur/webapp/vendor/laravel/framework/src/Illuminate/Routing/Router.php(764): Illuminate/Routing/Router->runRoute(Object(Illuminate/Http/Request), Object(Illuminate/Routing/Route))
#70 D:/Codingan/random/_client_projects/pos_tb_nur/webapp/vendor/laravel/framework/src/Illuminate/Routing/Router.php(753): Illuminate/Routing/Router->dispatchToRoute(Object(Illuminate/Http/Request))
#71 D:/Codingan/random/_client_projects/pos_tb_nur/webapp/vendor/laravel/framework/src/Illuminate/Foundation/Http/Kernel.php(200): Illuminate/Routing/Router->dispatch(Object(Illuminate/Http/Request))
#72 D:/Codingan/random/_client_projects/pos_tb_nur/webapp/vendor/laravel/framework/src/Illuminate/Pipeline/Pipeline.php(180): Illuminate/Foundation/Http/Kernel->Illuminate/Foundation/Http/{closure}(Object(Illuminate/Http/Request))
#73 D:/Codingan/random/_client_projects/pos_tb_nur/webapp/vendor/inertiajs/inertia-laravel/src/Middleware/EnsureGetOnRedirect.php(19): Illuminate/Pipeline/Pipeline->Illuminate/Pipeline/{closure}(Object(Illuminate/Http/Request))
#74 D:/Codingan/random/_client_projects/pos_tb_nur/webapp/vendor/laravel/framework/src/Illuminate/Pipeline/Pipeline.php(219): Inertia/Middleware/EnsureGetOnRedirect->handle(Object(Illuminate/Http/Request), Object(Closure))
#75 D:/Codingan/random/_client_projects/pos_tb_nur/webapp/vendor/laravel/framework/src/Illuminate/Foundation/Http/Middleware/TransformsRequest.php(21): Illuminate/Pipeline/Pipeline->Illuminate/Pipeline/{closure}(Object(Illuminate/Http/Request))
#76 D:/Codingan/random/_client_projects/pos_tb_nur/webapp/vendor/laravel/framework/src/Illuminate/Foundation/Http/Middleware/ConvertEmptyStringsToNull.php(31): Illuminate/Foundation/Http/Middleware/TransformsRequest->handle(Object(Illuminate/Http/Request), Object(Closure))
#77 D:/Codingan/random/_client_projects/pos_tb_nur/webapp/vendor/laravel/framework/src/Illuminate/Pipeline/Pipeline.php(219): Illuminate/Foundation/Http/Middleware/ConvertEmptyStringsToNull->handle(Object(Illuminate/Http/Request), Object(Closure))
#78 D:/Codingan/random/_client_projects/pos_tb_nur/webapp/vendor/laravel/framework/src/Illuminate/Foundation/Http/Middleware/TransformsRequest.php(21): Illuminate/Pipeline/Pipeline->Illuminate/Pipeline/{closure}(Object(Illuminate/Http/Request))
#79 D:/Codingan/random/_client_projects/pos_tb_nur/webapp/vendor/laravel/framework/src/Illuminate/Foundation/Http/Middleware/TrimStrings.php(51): Illuminate/Foundation/Http/Middleware/TransformsRequest->handle(Object(Illuminate/Http/Request), Object(Closure))
#80 D:/Codingan/random/_client_projects/pos_tb_nur/webapp/vendor/laravel/framework/src/Illuminate/Pipeline/Pipeline.php(219): Illuminate/Foundation/Http/Middleware/TrimStrings->handle(Object(Illuminate/Http/Request), Object(Closure))
#81 D:/Codingan/random/_client_projects/pos_tb_nur/webapp/vendor/laravel/framework/src/Illuminate/Http/Middleware/ValidatePostSize.php(27): Illuminate/Pipeline/Pipeline->Illuminate/Pipeline/{closure}(Object(Illuminate/Http/Request))
#82 D:/Codingan/random/_client_projects/pos_tb_nur/webapp/vendor/laravel/framework/src/Illuminate/Pipeline/Pipeline.php(219): Illuminate/Http/Middleware/ValidatePostSize->handle(Object(Illuminate/Http/Request), Object(Closure))
#83 D:/Codingan/random/_client_projects/pos_tb_nur/webapp/vendor/laravel/framework/src/Illuminate/Foundation/Http/Middleware/PreventRequestsDuringMaintenance.php(109): Illuminate/Pipeline/Pipeline->Illuminate/Pipeline/{closure}(Object(Illuminate/Http/Request))
#84 D:/Codingan/random/_client_projects/pos_tb_nur/webapp/vendor/laravel/framework/src/Illuminate/Pipeline/Pipeline.php(219): Illuminate/Foundation/Http/Middleware/PreventRequestsDuringMaintenance->handle(Object(Illuminate/Http/Request), Object(Closure))
#85 D:/Codingan/random/_client_projects/pos_tb_nur/webapp/vendor/laravel/framework/src/Illuminate/Http/Middleware/HandleCors.php(74): Illuminate/Pipeline/Pipeline->Illuminate/Pipeline/{closure}(Object(Illuminate/Http/Request))
#86 D:/Codingan/random/_client_projects/pos_tb_nur/webapp/vendor/laravel/framework/src/Illuminate/Pipeline/Pipeline.php(219): Illuminate/Http/Middleware/HandleCors->handle(Object(Illuminate/Http/Request), Object(Closure))
#87 D:/Codingan/random/_client_projects/pos_tb_nur/webapp/vendor/laravel/framework/src/Illuminate/Http/Middleware/TrustProxies.php(58): Illuminate/Pipeline/Pipeline->Illuminate/Pipeline/{closure}(Object(Illuminate/Http/Request))
#88 D:/Codingan/random/_client_projects/pos_tb_nur/webapp/vendor/laravel/framework/src/Illuminate/Pipeline/Pipeline.php(219): Illuminate/Http/Middleware/TrustProxies->handle(Object(Illuminate/Http/Request), Object(Closure))
#89 D:/Codingan/random/_client_projects/pos_tb_nur/webapp/vendor/laravel/framework/src/Illuminate/Foundation/Http/Middleware/InvokeDeferredCallbacks.php(22): Illuminate/Pipeline/Pipeline->Illuminate/Pipeline/{closure}(Object(Illuminate/Http/Request))
#90 D:/Codingan/random/_client_projects/pos_tb_nur/webapp/vendor/laravel/framework/src/Illuminate/Pipeline/Pipeline.php(219): Illuminate/Foundation/Http/Middleware/InvokeDeferredCallbacks->handle(Object(Illuminate/Http/Request), Object(Closure))
#91 D:/Codingan/random/_client_projects/pos_tb_nur/webapp/vendor/laravel/framework/src/Illuminate/Http/Middleware/ValidatePathEncoding.php(26): Illuminate/Pipeline/Pipeline->Illuminate/Pipeline/{closure}(Object(Illuminate/Http/Request))
#92 D:/Codingan/random/_client_projects/pos_tb_nur/webapp/vendor/laravel/framework/src/Illuminate/Pipeline/Pipeline.php(219): Illuminate/Http/Middleware/ValidatePathEncoding->handle(Object(Illuminate/Http/Request), Object(Closure))
#93 D:/Codingan/random/_client_projects/pos_tb_nur/webapp/vendor/laravel/framework/src/Illuminate/Pipeline/Pipeline.php(137): Illuminate/Pipeline/Pipeline->Illuminate/Pipeline/{closure}(Object(Illuminate/Http/Request))
#94 D:/Codingan/random/_client_projects/pos_tb_nur/webapp/vendor/laravel/framework/src/Illuminate/Foundation/Http/Kernel.php(175): Illuminate/Pipeline/Pipeline->then(Object(Closure))
#95 D:/Codingan/random/_client_projects/pos_tb_nur/webapp/vendor/laravel/framework/src/Illuminate/Foundation/Http/Kernel.php(144): Illuminate/Foundation/Http/Kernel->sendRequestThroughRouter(Object(Illuminate/Http/Request))
#96 D:/Codingan/random/_client_projects/pos_tb_nur/webapp/vendor/laravel/framework/src/Illuminate/Foundation/Testing/Concerns/MakesHttpRequests.php(607): Illuminate/Foundation/Http/Kernel->handle(Object(Illuminate/Http/Request))
#97 D:/Codingan/random/_client_projects/pos_tb_nur/webapp/vendor/laravel/framework/src/Illuminate/Foundation/Testing/Concerns/MakesHttpRequests.php(573): Illuminate/Foundation/Testing/TestCase->call('POST', '/api/backend/go...', Array, Array, Array, Array, '{\"warehouse_id\"...')
#98 D:/Codingan/random/_client_projects/pos_tb_nur/webapp/vendor/laravel/framework/src/Illuminate/Foundation/Testing/Concerns/MakesHttpRequests.php(411): Illuminate/Foundation/Testing/TestCase->json('POST', '/api/backend/go...', Array, Array, 0)
#99 D:/Codingan/random/_client_projects/pos_tb_nur/webapp/tests/Feature/InventoryCostingTest.php(237): Illuminate/Foundation/Testing/TestCase->postJson('/api/backend/go...', Array)
#100 D:/Codingan/random/_client_projects/pos_tb_nur/webapp/vendor/phpunit/phpunit/src/Framework/TestCase.php(1667): Tests/Feature/InventoryCostingTest->test_updating_sales_delivery_reverts_and_reapplies_costing()
#101 D:/Codingan/random/_client_projects/pos_tb_nur/webapp/vendor/phpunit/phpunit/src/Framework/TestCase.php(519): PHPUnit/Framework/TestCase->runTest()
#102 D:/Codingan/random/_client_projects/pos_tb_nur/webapp/vendor/phpunit/phpunit/src/Framework/TestRunner/TestRunner.php(87): PHPUnit/Framework/TestCase->runBare()
#103 D:/Codingan/random/_client_projects/pos_tb_nur/webapp/vendor/phpunit/phpunit/src/Framework/TestCase.php(365): PHPUnit/Framework/TestRunner->run(Object(Tests/Feature/InventoryCostingTest))
#104 D:/Codingan/random/_client_projects/pos_tb_nur/webapp/vendor/phpunit/phpunit/src/Framework/TestSuite.php(369): PHPUnit/Framework/TestCase->run()
#105 D:/Codingan/random/_client_projects/pos_tb_nur/webapp/vendor/phpunit/phpunit/src/Framework/TestSuite.php(369): PHPUnit/Framework/TestSuite->run()
#106 D:/Codingan/random/_client_projects/pos_tb_nur/webapp/vendor/phpunit/phpunit/src/Framework/TestSuite.php(369): PHPUnit/Framework/TestSuite->run()
#107 D:/Codingan/random/_client_projects/pos_tb_nur/webapp/vendor/phpunit/phpunit/src/TextUI/TestRunner.php(64): PHPUnit/Framework/TestSuite->run()
#108 D:/Codingan/random/_client_projects/pos_tb_nur/webapp/vendor/phpunit/phpunit/src/TextUI/Application.php(211): PHPUnit/TextUI/TestRunner->run(Object(PHPUnit/TextUI/Configuration/Configuration), Object(PHPUnit/Runner/ResultCache/DefaultResultCache), Object(PHPUnit/Framework/TestSuite))
#109 D:/Codingan/random/_client_projects/pos_tb_nur/webapp/vendor/phpunit/phpunit/phpunit(104): PHPUnit/TextUI/Application->run(Array)
#110 {main}
"} 
[2026-07-31 17:42:53] testing.ERROR: include(D:\Codingan\random\_client_projects\pos_tb_nur\webapp\vendor\composer/../../app/Domain/Catalog/Models/SupplierPrice.php): Failed to open stream: No such file or directory {"userId":1,"exception":"[object] (ErrorException(code: 0): include(D:\\Codingan\\random\\_client_projects\\pos_tb_nur\\webapp\\vendor\\composer/../../app/Domain/Catalog/Models/SupplierPrice.php): Failed to open stream: No such file or directory at D:/Codingan/random/_client_projects/pos_tb_nur/webapp/vendor/composer/ClassLoader.php:576)
[stacktrace]
#0 D:/Codingan/random/_client_projects/pos_tb_nur/webapp/vendor/laravel/framework/src/Illuminate/Foundation/Bootstrap/HandleExceptions.php(258): Illuminate/Foundation/Bootstrap/HandleExceptions->handleError(2, 'include(D://Codi...', 'D://Codingan//ran...', 576)
#1 D:/Codingan/random/_client_projects/pos_tb_nur/webapp/vendor/composer/ClassLoader.php(576): Illuminate/Foundation/Bootstrap/HandleExceptions->Illuminate/Foundation/Bootstrap/{closure}(2, 'include(D://Codi...', 'D://Codingan//ran...', 576)
#2 D:/Codingan/random/_client_projects/pos_tb_nur/webapp/vendor/composer/ClassLoader.php(576): include('D://Codingan//ran...')
#3 D:/Codingan/random/_client_projects/pos_tb_nur/webapp/vendor/composer/ClassLoader.php(427): Composer/Autoload/{closure}('D://Codingan//ran...')
#4 D:/Codingan/random/_client_projects/pos_tb_nur/webapp/vendor/laravel/framework/src/Illuminate/Database/Eloquent/Concerns/HasRelationships.php(1035): Composer/Autoload/ClassLoader->loadClass('App//Domain//Cata...')
#5 D:/Codingan/random/_client_projects/pos_tb_nur/webapp/vendor/laravel/framework/src/Illuminate/Database/Eloquent/Concerns/HasRelationships.php(536): Illuminate/Database/Eloquent/Model->newRelatedInstance('App//Domain//Cata...')
#6 D:/Codingan/random/_client_projects/pos_tb_nur/webapp/app/Domain/Catalog/Models/Product.php(139): Illuminate/Database/Eloquent/Model->hasMany('App//Domain//Cata...')
#7 D:/Codingan/random/_client_projects/pos_tb_nur/webapp/app/Domain/Catalog/Models/Product.php(48): App/Domain/Catalog/Models/Product->supplierPrices()
#8 D:/Codingan/random/_client_projects/pos_tb_nur/webapp/vendor/laravel/framework/src/Illuminate/Database/Eloquent/Concerns/HasAttributes.php(717): App/Domain/Catalog/Models/Product->getMainSupplierAttribute(NULL)
#9 D:/Codingan/random/_client_projects/pos_tb_nur/webapp/vendor/laravel/framework/src/Illuminate/Database/Eloquent/Concerns/HasAttributes.php(769): Illuminate/Database/Eloquent/Model->mutateAttribute('main_supplier', NULL)
#10 D:/Codingan/random/_client_projects/pos_tb_nur/webapp/vendor/laravel/framework/src/Illuminate/Database/Eloquent/Concerns/HasAttributes.php(239): Illuminate/Database/Eloquent/Model->mutateAttributeForArray('main_supplier', NULL)
#11 D:/Codingan/random/_client_projects/pos_tb_nur/webapp/vendor/laravel/framework/src/Illuminate/Database/Eloquent/Model.php(1781): Illuminate/Database/Eloquent/Model->attributesToArray()
#12 [internal function]: Illuminate/Database/Eloquent/Model->Illuminate/Database/Eloquent/{closure}()
#13 D:/Codingan/random/_client_projects/pos_tb_nur/webapp/vendor/laravel/framework/src/Illuminate/Database/Eloquent/Concerns/PreventsCircularRecursion.php(46): call_user_func(Object(Closure))
#14 D:/Codingan/random/_client_projects/pos_tb_nur/webapp/vendor/laravel/framework/src/Illuminate/Database/Eloquent/Model.php(1780): Illuminate/Database/Eloquent/Model->withoutRecursion(Object(Closure), Object(Closure))
#15 D:/Codingan/random/_client_projects/pos_tb_nur/webapp/vendor/laravel/framework/src/Illuminate/Database/Eloquent/Concerns/HasAttributes.php(389): Illuminate/Database/Eloquent/Model->toArray()
#16 D:/Codingan/random/_client_projects/pos_tb_nur/webapp/vendor/laravel/framework/src/Illuminate/Database/Eloquent/Model.php(1781): Illuminate/Database/Eloquent/Model->relationsToArray()
#17 [internal function]: Illuminate/Database/Eloquent/Model->Illuminate/Database/Eloquent/{closure}()
#18 D:/Codingan/random/_client_projects/pos_tb_nur/webapp/vendor/laravel/framework/src/Illuminate/Database/Eloquent/Concerns/PreventsCircularRecursion.php(46): call_user_func(Object(Closure))
#19 D:/Codingan/random/_client_projects/pos_tb_nur/webapp/vendor/laravel/framework/src/Illuminate/Database/Eloquent/Model.php(1780): Illuminate/Database/Eloquent/Model->withoutRecursion(Object(Closure), Object(Closure))
#20 D:/Codingan/random/_client_projects/pos_tb_nur/webapp/vendor/laravel/framework/src/Illuminate/Collections/Traits/EnumeratesValues.php(978): Illuminate/Database/Eloquent/Model->toArray()
#21 [internal function]: Illuminate/Support/Collection->Illuminate/Support/Traits/{closure}(Object(App/Domain/Support/Models/OperationDocumentLine), 0)
#22 D:/Codingan/random/_client_projects/pos_tb_nur/webapp/vendor/laravel/framework/src/Illuminate/Collections/Arr.php(841): array_map(Object(Closure), Array, Array)
#23 D:/Codingan/random/_client_projects/pos_tb_nur/webapp/vendor/laravel/framework/src/Illuminate/Collections/Collection.php(829): Illuminate/Support/Arr::map(Array, Object(Closure))
#24 D:/Codingan/random/_client_projects/pos_tb_nur/webapp/vendor/laravel/framework/src/Illuminate/Database/Eloquent/Collection.php(421): Illuminate/Support/Collection->map(Object(Closure))
#25 D:/Codingan/random/_client_projects/pos_tb_nur/webapp/vendor/laravel/framework/src/Illuminate/Collections/Traits/EnumeratesValues.php(978): Illuminate/Database/Eloquent/Collection->map(Object(Closure))
#26 D:/Codingan/random/_client_projects/pos_tb_nur/webapp/vendor/laravel/framework/src/Illuminate/Database/Eloquent/Concerns/HasAttributes.php(389): Illuminate/Support/Collection->toArray()
#27 D:/Codingan/random/_client_projects/pos_tb_nur/webapp/vendor/laravel/framework/src/Illuminate/Database/Eloquent/Model.php(1781): Illuminate/Database/Eloquent/Model->relationsToArray()
#28 [internal function]: Illuminate/Database/Eloquent/Model->Illuminate/Database/Eloquent/{closure}()
#29 D:/Codingan/random/_client_projects/pos_tb_nur/webapp/vendor/laravel/framework/src/Illuminate/Database/Eloquent/Concerns/PreventsCircularRecursion.php(46): call_user_func(Object(Closure))
#30 D:/Codingan/random/_client_projects/pos_tb_nur/webapp/vendor/laravel/framework/src/Illuminate/Database/Eloquent/Model.php(1780): Illuminate/Database/Eloquent/Model->withoutRecursion(Object(Closure), Object(Closure))
#31 D:/Codingan/random/_client_projects/pos_tb_nur/webapp/vendor/laravel/framework/src/Illuminate/Database/Eloquent/Model.php(1825): Illuminate/Database/Eloquent/Model->toArray()
#32 [internal function]: Illuminate/Database/Eloquent/Model->jsonSerialize()
#33 D:/Codingan/random/_client_projects/pos_tb_nur/webapp/vendor/laravel/framework/src/Illuminate/Http/JsonResponse.php(87): json_encode(Array, 0)
#34 D:/Codingan/random/_client_projects/pos_tb_nur/webapp/vendor/symfony/http-foundation/JsonResponse.php(49): Illuminate/Http/JsonResponse->setData(Array)
#35 D:/Codingan/random/_client_projects/pos_tb_nur/webapp/vendor/laravel/framework/src/Illuminate/Http/JsonResponse.php(31): Symfony/Component/HttpFoundation/JsonResponse->__construct(Array, 201, Array, false)
#36 D:/Codingan/random/_client_projects/pos_tb_nur/webapp/vendor/laravel/framework/src/Illuminate/Routing/ResponseFactory.php(105): Illuminate/Http/JsonResponse->__construct(Array, 201, Array, 0)
#37 D:/Codingan/random/_client_projects/pos_tb_nur/webapp/app/Http/Controllers/Api/BackendResourceController.php(89): Illuminate/Routing/ResponseFactory->json(Array, 201)
#38 D:/Codingan/random/_client_projects/pos_tb_nur/webapp/vendor/laravel/framework/src/Illuminate/Routing/ControllerDispatcher.php(46): App/Http/Controllers/Api/BackendResourceController->store(Object(App/Http/Requests/Api/Backend/BackendResourceStoreRequest), 'goods-receipts')
#39 D:/Codingan/random/_client_projects/pos_tb_nur/webapp/vendor/laravel/framework/src/Illuminate/Routing/Route.php(265): Illuminate/Routing/ControllerDispatcher->dispatch(Object(Illuminate/Routing/Route), Object(App/Http/Controllers/Api/BackendResourceController), 'store')
#40 D:/Codingan/random/_client_projects/pos_tb_nur/webapp/vendor/laravel/framework/src/Illuminate/Routing/Route.php(211): Illuminate/Routing/Route->runController()
#41 D:/Codingan/random/_client_projects/pos_tb_nur/webapp/vendor/laravel/framework/src/Illuminate/Routing/Router.php(822): Illuminate/Routing/Route->run()
#42 D:/Codingan/random/_client_projects/pos_tb_nur/webapp/vendor/laravel/framework/src/Illuminate/Pipeline/Pipeline.php(180): Illuminate/Routing/Router->Illuminate/Routing/{closure}(Object(Illuminate/Http/Request))
#43 D:/Codingan/random/_client_projects/pos_tb_nur/webapp/app/Http/Middleware/SecureHeaders.php(16): Illuminate/Pipeline/Pipeline->Illuminate/Pipeline/{closure}(Object(Illuminate/Http/Request))
#44 D:/Codingan/random/_client_projects/pos_tb_nur/webapp/vendor/laravel/framework/src/Illuminate/Pipeline/Pipeline.php(219): App/Http/Middleware/SecureHeaders->handle(Object(Illuminate/Http/Request), Object(Closure))
#45 D:/Codingan/random/_client_projects/pos_tb_nur/webapp/vendor/inertiajs/inertia-laravel/src/Middleware.php(138): Illuminate/Pipeline/Pipeline->Illuminate/Pipeline/{closure}(Object(Illuminate/Http/Request))
#46 D:/Codingan/random/_client_projects/pos_tb_nur/webapp/vendor/laravel/framework/src/Illuminate/Pipeline/Pipeline.php(219): Inertia/Middleware->handle(Object(Illuminate/Http/Request), Object(Closure))
#47 D:/Codingan/random/_client_projects/pos_tb_nur/webapp/vendor/laravel/framework/src/Illuminate/Foundation/Http/Middleware/VerifyCsrfToken.php(87): Illuminate/Pipeline/Pipeline->Illuminate/Pipeline/{closure}(Object(Illuminate/Http/Request))
#48 D:/Codingan/random/_client_projects/pos_tb_nur/webapp/vendor/laravel/framework/src/Illuminate/Pipeline/Pipeline.php(219): Illuminate/Foundation/Http/Middleware/VerifyCsrfToken->handle(Object(Illuminate/Http/Request), Object(Closure))
#49 D:/Codingan/random/_client_projects/pos_tb_nur/webapp/vendor/laravel/framework/src/Illuminate/Routing/Middleware/SubstituteBindings.php(50): Illuminate/Pipeline/Pipeline->Illuminate/Pipeline/{closure}(Object(Illuminate/Http/Request))
#50 D:/Codingan/random/_client_projects/pos_tb_nur/webapp/vendor/laravel/framework/src/Illuminate/Pipeline/Pipeline.php(219): Illuminate/Routing/Middleware/SubstituteBindings->handle(Object(Illuminate/Http/Request), Object(Closure))
#51 D:/Codingan/random/_client_projects/pos_tb_nur/webapp/vendor/laravel/framework/src/Illuminate/Routing/Middleware/ThrottleRequests.php(166): Illuminate/Pipeline/Pipeline->Illuminate/Pipeline/{closure}(Object(Illuminate/Http/Request))
#52 D:/Codingan/random/_client_projects/pos_tb_nur/webapp/vendor/laravel/framework/src/Illuminate/Routing/Middleware/ThrottleRequests.php(129): Illuminate/Routing/Middleware/ThrottleRequests->handleRequest(Object(Illuminate/Http/Request), Object(Closure), Array)
#53 D:/Codingan/random/_client_projects/pos_tb_nur/webapp/vendor/laravel/framework/src/Illuminate/Routing/Middleware/ThrottleRequests.php(90): Illuminate/Routing/Middleware/ThrottleRequests->handleRequestUsingNamedLimiter(Object(Illuminate/Http/Request), Object(Closure), 'api', Object(Closure))
#54 D:/Codingan/random/_client_projects/pos_tb_nur/webapp/vendor/laravel/framework/src/Illuminate/Pipeline/Pipeline.php(219): Illuminate/Routing/Middleware/ThrottleRequests->handle(Object(Illuminate/Http/Request), Object(Closure), 'api')
#55 D:/Codingan/random/_client_projects/pos_tb_nur/webapp/vendor/laravel/framework/src/Illuminate/Auth/Middleware/Authenticate.php(63): Illuminate/Pipeline/Pipeline->Illuminate/Pipeline/{closure}(Object(Illuminate/Http/Request))
#56 D:/Codingan/random/_client_projects/pos_tb_nur/webapp/vendor/laravel/framework/src/Illuminate/Pipeline/Pipeline.php(219): Illuminate/Auth/Middleware/Authenticate->handle(Object(Illuminate/Http/Request), Object(Closure))
#57 D:/Codingan/random/_client_projects/pos_tb_nur/webapp/vendor/laravel/framework/src/Illuminate/View/Middleware/ShareErrorsFromSession.php(48): Illuminate/Pipeline/Pipeline->Illuminate/Pipeline/{closure}(Object(Illuminate/Http/Request))
#58 D:/Codingan/random/_client_projects/pos_tb_nur/webapp/vendor/laravel/framework/src/Illuminate/Pipeline/Pipeline.php(219): Illuminate/View/Middleware/ShareErrorsFromSession->handle(Object(Illuminate/Http/Request), Object(Closure))
#59 D:/Codingan/random/_client_projects/pos_tb_nur/webapp/vendor/laravel/framework/src/Illuminate/Session/Middleware/StartSession.php(120): Illuminate/Pipeline/Pipeline->Illuminate/Pipeline/{closure}(Object(Illuminate/Http/Request))
#60 D:/Codingan/random/_client_projects/pos_tb_nur/webapp/vendor/laravel/framework/src/Illuminate/Session/Middleware/StartSession.php(63): Illuminate/Session/Middleware/StartSession->handleStatefulRequest(Object(Illuminate/Http/Request), Object(Illuminate/Session/Store), Object(Closure))
#61 D:/Codingan/random/_client_projects/pos_tb_nur/webapp/vendor/laravel/framework/src/Illuminate/Pipeline/Pipeline.php(219): Illuminate/Session/Middleware/StartSession->handle(Object(Illuminate/Http/Request), Object(Closure))
#62 D:/Codingan/random/_client_projects/pos_tb_nur/webapp/vendor/laravel/framework/src/Illuminate/Cookie/Middleware/AddQueuedCookiesToResponse.php(36): Illuminate/Pipeline/Pipeline->Illuminate/Pipeline/{closure}(Object(Illuminate/Http/Request))
#63 D:/Codingan/random/_client_projects/pos_tb_nur/webapp/vendor/laravel/framework/src/Illuminate/Pipeline/Pipeline.php(219): Illuminate/Cookie/Middleware/AddQueuedCookiesToResponse->handle(Object(Illuminate/Http/Request), Object(Closure))
#64 D:/Codingan/random/_client_projects/pos_tb_nur/webapp/vendor/laravel/framework/src/Illuminate/Cookie/Middleware/EncryptCookies.php(74): Illuminate/Pipeline/Pipeline->Illuminate/Pipeline/{closure}(Object(Illuminate/Http/Request))
#65 D:/Codingan/random/_client_projects/pos_tb_nur/webapp/vendor/laravel/framework/src/Illuminate/Pipeline/Pipeline.php(219): Illuminate/Cookie/Middleware/EncryptCookies->handle(Object(Illuminate/Http/Request), Object(Closure))
#66 D:/Codingan/random/_client_projects/pos_tb_nur/webapp/vendor/laravel/framework/src/Illuminate/Pipeline/Pipeline.php(137): Illuminate/Pipeline/Pipeline->Illuminate/Pipeline/{closure}(Object(Illuminate/Http/Request))
#67 D:/Codingan/random/_client_projects/pos_tb_nur/webapp/vendor/laravel/framework/src/Illuminate/Routing/Router.php(821): Illuminate/Pipeline/Pipeline->then(Object(Closure))
#68 D:/Codingan/random/_client_projects/pos_tb_nur/webapp/vendor/laravel/framework/src/Illuminate/Routing/Router.php(800): Illuminate/Routing/Router->runRouteWithinStack(Object(Illuminate/Routing/Route), Object(Illuminate/Http/Request))
#69 D:/Codingan/random/_client_projects/pos_tb_nur/webapp/vendor/laravel/framework/src/Illuminate/Routing/Router.php(764): Illuminate/Routing/Router->runRoute(Object(Illuminate/Http/Request), Object(Illuminate/Routing/Route))
#70 D:/Codingan/random/_client_projects/pos_tb_nur/webapp/vendor/laravel/framework/src/Illuminate/Routing/Router.php(753): Illuminate/Routing/Router->dispatchToRoute(Object(Illuminate/Http/Request))
#71 D:/Codingan/random/_client_projects/pos_tb_nur/webapp/vendor/laravel/framework/src/Illuminate/Foundation/Http/Kernel.php(200): Illuminate/Routing/Router->dispatch(Object(Illuminate/Http/Request))
#72 D:/Codingan/random/_client_projects/pos_tb_nur/webapp/vendor/laravel/framework/src/Illuminate/Pipeline/Pipeline.php(180): Illuminate/Foundation/Http/Kernel->Illuminate/Foundation/Http/{closure}(Object(Illuminate/Http/Request))
#73 D:/Codingan/random/_client_projects/pos_tb_nur/webapp/vendor/inertiajs/inertia-laravel/src/Middleware/EnsureGetOnRedirect.php(19): Illuminate/Pipeline/Pipeline->Illuminate/Pipeline/{closure}(Object(Illuminate/Http/Request))
#74 D:/Codingan/random/_client_projects/pos_tb_nur/webapp/vendor/laravel/framework/src/Illuminate/Pipeline/Pipeline.php(219): Inertia/Middleware/EnsureGetOnRedirect->handle(Object(Illuminate/Http/Request), Object(Closure))
#75 D:/Codingan/random/_client_projects/pos_tb_nur/webapp/vendor/laravel/framework/src/Illuminate/Foundation/Http/Middleware/TransformsRequest.php(21): Illuminate/Pipeline/Pipeline->Illuminate/Pipeline/{closure}(Object(Illuminate/Http/Request))
#76 D:/Codingan/random/_client_projects/pos_tb_nur/webapp/vendor/laravel/framework/src/Illuminate/Foundation/Http/Middleware/ConvertEmptyStringsToNull.php(31): Illuminate/Foundation/Http/Middleware/TransformsRequest->handle(Object(Illuminate/Http/Request), Object(Closure))
#77 D:/Codingan/random/_client_projects/pos_tb_nur/webapp/vendor/laravel/framework/src/Illuminate/Pipeline/Pipeline.php(219): Illuminate/Foundation/Http/Middleware/ConvertEmptyStringsToNull->handle(Object(Illuminate/Http/Request), Object(Closure))
#78 D:/Codingan/random/_client_projects/pos_tb_nur/webapp/vendor/laravel/framework/src/Illuminate/Foundation/Http/Middleware/TransformsRequest.php(21): Illuminate/Pipeline/Pipeline->Illuminate/Pipeline/{closure}(Object(Illuminate/Http/Request))
#79 D:/Codingan/random/_client_projects/pos_tb_nur/webapp/vendor/laravel/framework/src/Illuminate/Foundation/Http/Middleware/TrimStrings.php(51): Illuminate/Foundation/Http/Middleware/TransformsRequest->handle(Object(Illuminate/Http/Request), Object(Closure))
#80 D:/Codingan/random/_client_projects/pos_tb_nur/webapp/vendor/laravel/framework/src/Illuminate/Pipeline/Pipeline.php(219): Illuminate/Foundation/Http/Middleware/TrimStrings->handle(Object(Illuminate/Http/Request), Object(Closure))
#81 D:/Codingan/random/_client_projects/pos_tb_nur/webapp/vendor/laravel/framework/src/Illuminate/Http/Middleware/ValidatePostSize.php(27): Illuminate/Pipeline/Pipeline->Illuminate/Pipeline/{closure}(Object(Illuminate/Http/Request))
#82 D:/Codingan/random/_client_projects/pos_tb_nur/webapp/vendor/laravel/framework/src/Illuminate/Pipeline/Pipeline.php(219): Illuminate/Http/Middleware/ValidatePostSize->handle(Object(Illuminate/Http/Request), Object(Closure))
#83 D:/Codingan/random/_client_projects/pos_tb_nur/webapp/vendor/laravel/framework/src/Illuminate/Foundation/Http/Middleware/PreventRequestsDuringMaintenance.php(109): Illuminate/Pipeline/Pipeline->Illuminate/Pipeline/{closure}(Object(Illuminate/Http/Request))
#84 D:/Codingan/random/_client_projects/pos_tb_nur/webapp/vendor/laravel/framework/src/Illuminate/Pipeline/Pipeline.php(219): Illuminate/Foundation/Http/Middleware/PreventRequestsDuringMaintenance->handle(Object(Illuminate/Http/Request), Object(Closure))
#85 D:/Codingan/random/_client_projects/pos_tb_nur/webapp/vendor/laravel/framework/src/Illuminate/Http/Middleware/HandleCors.php(74): Illuminate/Pipeline/Pipeline->Illuminate/Pipeline/{closure}(Object(Illuminate/Http/Request))
#86 D:/Codingan/random/_client_projects/pos_tb_nur/webapp/vendor/laravel/framework/src/Illuminate/Pipeline/Pipeline.php(219): Illuminate/Http/Middleware/HandleCors->handle(Object(Illuminate/Http/Request), Object(Closure))
#87 D:/Codingan/random/_client_projects/pos_tb_nur/webapp/vendor/laravel/framework/src/Illuminate/Http/Middleware/TrustProxies.php(58): Illuminate/Pipeline/Pipeline->Illuminate/Pipeline/{closure}(Object(Illuminate/Http/Request))
#88 D:/Codingan/random/_client_projects/pos_tb_nur/webapp/vendor/laravel/framework/src/Illuminate/Pipeline/Pipeline.php(219): Illuminate/Http/Middleware/TrustProxies->handle(Object(Illuminate/Http/Request), Object(Closure))
#89 D:/Codingan/random/_client_projects/pos_tb_nur/webapp/vendor/laravel/framework/src/Illuminate/Foundation/Http/Middleware/InvokeDeferredCallbacks.php(22): Illuminate/Pipeline/Pipeline->Illuminate/Pipeline/{closure}(Object(Illuminate/Http/Request))
#90 D:/Codingan/random/_client_projects/pos_tb_nur/webapp/vendor/laravel/framework/src/Illuminate/Pipeline/Pipeline.php(219): Illuminate/Foundation/Http/Middleware/InvokeDeferredCallbacks->handle(Object(Illuminate/Http/Request), Object(Closure))
#91 D:/Codingan/random/_client_projects/pos_tb_nur/webapp/vendor/laravel/framework/src/Illuminate/Http/Middleware/ValidatePathEncoding.php(26): Illuminate/Pipeline/Pipeline->Illuminate/Pipeline/{closure}(Object(Illuminate/Http/Request))
#92 D:/Codingan/random/_client_projects/pos_tb_nur/webapp/vendor/laravel/framework/src/Illuminate/Pipeline/Pipeline.php(219): Illuminate/Http/Middleware/ValidatePathEncoding->handle(Object(Illuminate/Http/Request), Object(Closure))
#93 D:/Codingan/random/_client_projects/pos_tb_nur/webapp/vendor/laravel/framework/src/Illuminate/Pipeline/Pipeline.php(137): Illuminate/Pipeline/Pipeline->Illuminate/Pipeline/{closure}(Object(Illuminate/Http/Request))
#94 D:/Codingan/random/_client_projects/pos_tb_nur/webapp/vendor/laravel/framework/src/Illuminate/Foundation/Http/Kernel.php(175): Illuminate/Pipeline/Pipeline->then(Object(Closure))
#95 D:/Codingan/random/_client_projects/pos_tb_nur/webapp/vendor/laravel/framework/src/Illuminate/Foundation/Http/Kernel.php(144): Illuminate/Foundation/Http/Kernel->sendRequestThroughRouter(Object(Illuminate/Http/Request))
#96 D:/Codingan/random/_client_projects/pos_tb_nur/webapp/vendor/laravel/framework/src/Illuminate/Foundation/Testing/Concerns/MakesHttpRequests.php(607): Illuminate/Foundation/Http/Kernel->handle(Object(Illuminate/Http/Request))
#97 D:/Codingan/random/_client_projects/pos_tb_nur/webapp/vendor/laravel/framework/src/Illuminate/Foundation/Testing/Concerns/MakesHttpRequests.php(573): Illuminate/Foundation/Testing/TestCase->call('POST', '/api/backend/go...', Array, Array, Array, Array, '{\"warehouse_id\"...')
#98 D:/Codingan/random/_client_projects/pos_tb_nur/webapp/vendor/laravel/framework/src/Illuminate/Foundation/Testing/Concerns/MakesHttpRequests.php(411): Illuminate/Foundation/Testing/TestCase->json('POST', '/api/backend/go...', Array, Array, 0)
#99 D:/Codingan/random/_client_projects/pos_tb_nur/webapp/tests/Feature/InventoryCostingTest.php(331): Illuminate/Foundation/Testing/TestCase->postJson('/api/backend/go...', Array)
#100 D:/Codingan/random/_client_projects/pos_tb_nur/webapp/vendor/phpunit/phpunit/src/Framework/TestCase.php(1667): Tests/Feature/InventoryCostingTest->test_stock_transfer_consumes_from_origin_and_creates_batch_in_destination()
#101 D:/Codingan/random/_client_projects/pos_tb_nur/webapp/vendor/phpunit/phpunit/src/Framework/TestCase.php(519): PHPUnit/Framework/TestCase->runTest()
#102 D:/Codingan/random/_client_projects/pos_tb_nur/webapp/vendor/phpunit/phpunit/src/Framework/TestRunner/TestRunner.php(87): PHPUnit/Framework/TestCase->runBare()
#103 D:/Codingan/random/_client_projects/pos_tb_nur/webapp/vendor/phpunit/phpunit/src/Framework/TestCase.php(365): PHPUnit/Framework/TestRunner->run(Object(Tests/Feature/InventoryCostingTest))
#104 D:/Codingan/random/_client_projects/pos_tb_nur/webapp/vendor/phpunit/phpunit/src/Framework/TestSuite.php(369): PHPUnit/Framework/TestCase->run()
#105 D:/Codingan/random/_client_projects/pos_tb_nur/webapp/vendor/phpunit/phpunit/src/Framework/TestSuite.php(369): PHPUnit/Framework/TestSuite->run()
#106 D:/Codingan/random/_client_projects/pos_tb_nur/webapp/vendor/phpunit/phpunit/src/Framework/TestSuite.php(369): PHPUnit/Framework/TestSuite->run()
#107 D:/Codingan/random/_client_projects/pos_tb_nur/webapp/vendor/phpunit/phpunit/src/TextUI/TestRunner.php(64): PHPUnit/Framework/TestSuite->run()
#108 D:/Codingan/random/_client_projects/pos_tb_nur/webapp/vendor/phpunit/phpunit/src/TextUI/Application.php(211): PHPUnit/TextUI/TestRunner->run(Object(PHPUnit/TextUI/Configuration/Configuration), Object(PHPUnit/Runner/ResultCache/DefaultResultCache), Object(PHPUnit/Framework/TestSuite))
#109 D:/Codingan/random/_client_projects/pos_tb_nur/webapp/vendor/phpunit/phpunit/phpunit(104): PHPUnit/TextUI/Application->run(Array)
#110 {main}
"} 
[2026-07-31 17:42:54] testing.ERROR: include(D:\Codingan\random\_client_projects\pos_tb_nur\webapp\vendor\composer/../../app/Domain/Catalog/Models/SupplierPrice.php): Failed to open stream: No such file or directory {"userId":1,"exception":"[object] (ErrorException(code: 0): include(D:\\Codingan\\random\\_client_projects\\pos_tb_nur\\webapp\\vendor\\composer/../../app/Domain/Catalog/Models/SupplierPrice.php): Failed to open stream: No such file or directory at D:/Codingan/random/_client_projects/pos_tb_nur/webapp/vendor/composer/ClassLoader.php:576)
[stacktrace]
#0 D:/Codingan/random/_client_projects/pos_tb_nur/webapp/vendor/laravel/framework/src/Illuminate/Foundation/Bootstrap/HandleExceptions.php(258): Illuminate/Foundation/Bootstrap/HandleExceptions->handleError(2, 'include(D://Codi...', 'D://Codingan//ran...', 576)
#1 D:/Codingan/random/_client_projects/pos_tb_nur/webapp/vendor/composer/ClassLoader.php(576): Illuminate/Foundation/Bootstrap/HandleExceptions->Illuminate/Foundation/Bootstrap/{closure}(2, 'include(D://Codi...', 'D://Codingan//ran...', 576)
#2 D:/Codingan/random/_client_projects/pos_tb_nur/webapp/vendor/composer/ClassLoader.php(576): include('D://Codingan//ran...')
#3 D:/Codingan/random/_client_projects/pos_tb_nur/webapp/vendor/composer/ClassLoader.php(427): Composer/Autoload/{closure}('D://Codingan//ran...')
#4 D:/Codingan/random/_client_projects/pos_tb_nur/webapp/vendor/laravel/framework/src/Illuminate/Database/Eloquent/Concerns/HasRelationships.php(1035): Composer/Autoload/ClassLoader->loadClass('App//Domain//Cata...')
#5 D:/Codingan/random/_client_projects/pos_tb_nur/webapp/vendor/laravel/framework/src/Illuminate/Database/Eloquent/Concerns/HasRelationships.php(536): Illuminate/Database/Eloquent/Model->newRelatedInstance('App//Domain//Cata...')
#6 D:/Codingan/random/_client_projects/pos_tb_nur/webapp/app/Domain/Catalog/Models/Product.php(139): Illuminate/Database/Eloquent/Model->hasMany('App//Domain//Cata...')
#7 D:/Codingan/random/_client_projects/pos_tb_nur/webapp/app/Domain/Catalog/Models/Product.php(48): App/Domain/Catalog/Models/Product->supplierPrices()
#8 D:/Codingan/random/_client_projects/pos_tb_nur/webapp/vendor/laravel/framework/src/Illuminate/Database/Eloquent/Concerns/HasAttributes.php(717): App/Domain/Catalog/Models/Product->getMainSupplierAttribute(NULL)
#9 D:/Codingan/random/_client_projects/pos_tb_nur/webapp/vendor/laravel/framework/src/Illuminate/Database/Eloquent/Concerns/HasAttributes.php(769): Illuminate/Database/Eloquent/Model->mutateAttribute('main_supplier', NULL)
#10 D:/Codingan/random/_client_projects/pos_tb_nur/webapp/vendor/laravel/framework/src/Illuminate/Database/Eloquent/Concerns/HasAttributes.php(239): Illuminate/Database/Eloquent/Model->mutateAttributeForArray('main_supplier', NULL)
#11 D:/Codingan/random/_client_projects/pos_tb_nur/webapp/vendor/laravel/framework/src/Illuminate/Database/Eloquent/Model.php(1781): Illuminate/Database/Eloquent/Model->attributesToArray()
#12 [internal function]: Illuminate/Database/Eloquent/Model->Illuminate/Database/Eloquent/{closure}()
#13 D:/Codingan/random/_client_projects/pos_tb_nur/webapp/vendor/laravel/framework/src/Illuminate/Database/Eloquent/Concerns/PreventsCircularRecursion.php(46): call_user_func(Object(Closure))
#14 D:/Codingan/random/_client_projects/pos_tb_nur/webapp/vendor/laravel/framework/src/Illuminate/Database/Eloquent/Model.php(1780): Illuminate/Database/Eloquent/Model->withoutRecursion(Object(Closure), Object(Closure))
#15 D:/Codingan/random/_client_projects/pos_tb_nur/webapp/vendor/laravel/framework/src/Illuminate/Database/Eloquent/Concerns/HasAttributes.php(389): Illuminate/Database/Eloquent/Model->toArray()
#16 D:/Codingan/random/_client_projects/pos_tb_nur/webapp/vendor/laravel/framework/src/Illuminate/Database/Eloquent/Model.php(1781): Illuminate/Database/Eloquent/Model->relationsToArray()
#17 [internal function]: Illuminate/Database/Eloquent/Model->Illuminate/Database/Eloquent/{closure}()
#18 D:/Codingan/random/_client_projects/pos_tb_nur/webapp/vendor/laravel/framework/src/Illuminate/Database/Eloquent/Concerns/PreventsCircularRecursion.php(46): call_user_func(Object(Closure))
#19 D:/Codingan/random/_client_projects/pos_tb_nur/webapp/vendor/laravel/framework/src/Illuminate/Database/Eloquent/Model.php(1780): Illuminate/Database/Eloquent/Model->withoutRecursion(Object(Closure), Object(Closure))
#20 D:/Codingan/random/_client_projects/pos_tb_nur/webapp/vendor/laravel/framework/src/Illuminate/Collections/Traits/EnumeratesValues.php(978): Illuminate/Database/Eloquent/Model->toArray()
#21 [internal function]: Illuminate/Support/Collection->Illuminate/Support/Traits/{closure}(Object(App/Domain/Support/Models/OperationDocumentLine), 0)
#22 D:/Codingan/random/_client_projects/pos_tb_nur/webapp/vendor/laravel/framework/src/Illuminate/Collections/Arr.php(841): array_map(Object(Closure), Array, Array)
#23 D:/Codingan/random/_client_projects/pos_tb_nur/webapp/vendor/laravel/framework/src/Illuminate/Collections/Collection.php(829): Illuminate/Support/Arr::map(Array, Object(Closure))
#24 D:/Codingan/random/_client_projects/pos_tb_nur/webapp/vendor/laravel/framework/src/Illuminate/Database/Eloquent/Collection.php(421): Illuminate/Support/Collection->map(Object(Closure))
#25 D:/Codingan/random/_client_projects/pos_tb_nur/webapp/vendor/laravel/framework/src/Illuminate/Collections/Traits/EnumeratesValues.php(978): Illuminate/Database/Eloquent/Collection->map(Object(Closure))
#26 D:/Codingan/random/_client_projects/pos_tb_nur/webapp/vendor/laravel/framework/src/Illuminate/Database/Eloquent/Concerns/HasAttributes.php(389): Illuminate/Support/Collection->toArray()
#27 D:/Codingan/random/_client_projects/pos_tb_nur/webapp/vendor/laravel/framework/src/Illuminate/Database/Eloquent/Model.php(1781): Illuminate/Database/Eloquent/Model->relationsToArray()
#28 [internal function]: Illuminate/Database/Eloquent/Model->Illuminate/Database/Eloquent/{closure}()
#29 D:/Codingan/random/_client_projects/pos_tb_nur/webapp/vendor/laravel/framework/src/Illuminate/Database/Eloquent/Concerns/PreventsCircularRecursion.php(46): call_user_func(Object(Closure))
#30 D:/Codingan/random/_client_projects/pos_tb_nur/webapp/vendor/laravel/framework/src/Illuminate/Database/Eloquent/Model.php(1780): Illuminate/Database/Eloquent/Model->withoutRecursion(Object(Closure), Object(Closure))
#31 D:/Codingan/random/_client_projects/pos_tb_nur/webapp/vendor/laravel/framework/src/Illuminate/Database/Eloquent/Model.php(1825): Illuminate/Database/Eloquent/Model->toArray()
#32 [internal function]: Illuminate/Database/Eloquent/Model->jsonSerialize()
#33 D:/Codingan/random/_client_projects/pos_tb_nur/webapp/vendor/laravel/framework/src/Illuminate/Http/JsonResponse.php(87): json_encode(Array, 0)
#34 D:/Codingan/random/_client_projects/pos_tb_nur/webapp/vendor/symfony/http-foundation/JsonResponse.php(49): Illuminate/Http/JsonResponse->setData(Array)
#35 D:/Codingan/random/_client_projects/pos_tb_nur/webapp/vendor/laravel/framework/src/Illuminate/Http/JsonResponse.php(31): Symfony/Component/HttpFoundation/JsonResponse->__construct(Array, 201, Array, false)
#36 D:/Codingan/random/_client_projects/pos_tb_nur/webapp/vendor/laravel/framework/src/Illuminate/Routing/ResponseFactory.php(105): Illuminate/Http/JsonResponse->__construct(Array, 201, Array, 0)
#37 D:/Codingan/random/_client_projects/pos_tb_nur/webapp/app/Http/Controllers/Api/BackendResourceController.php(89): Illuminate/Routing/ResponseFactory->json(Array, 201)
#38 D:/Codingan/random/_client_projects/pos_tb_nur/webapp/vendor/laravel/framework/src/Illuminate/Routing/ControllerDispatcher.php(46): App/Http/Controllers/Api/BackendResourceController->store(Object(App/Http/Requests/Api/Backend/BackendResourceStoreRequest), 'goods-receipts')
#39 D:/Codingan/random/_client_projects/pos_tb_nur/webapp/vendor/laravel/framework/src/Illuminate/Routing/Route.php(265): Illuminate/Routing/ControllerDispatcher->dispatch(Object(Illuminate/Routing/Route), Object(App/Http/Controllers/Api/BackendResourceController), 'store')
#40 D:/Codingan/random/_client_projects/pos_tb_nur/webapp/vendor/laravel/framework/src/Illuminate/Routing/Route.php(211): Illuminate/Routing/Route->runController()
#41 D:/Codingan/random/_client_projects/pos_tb_nur/webapp/vendor/laravel/framework/src/Illuminate/Routing/Router.php(822): Illuminate/Routing/Route->run()
#42 D:/Codingan/random/_client_projects/pos_tb_nur/webapp/vendor/laravel/framework/src/Illuminate/Pipeline/Pipeline.php(180): Illuminate/Routing/Router->Illuminate/Routing/{closure}(Object(Illuminate/Http/Request))
#43 D:/Codingan/random/_client_projects/pos_tb_nur/webapp/app/Http/Middleware/SecureHeaders.php(16): Illuminate/Pipeline/Pipeline->Illuminate/Pipeline/{closure}(Object(Illuminate/Http/Request))
#44 D:/Codingan/random/_client_projects/pos_tb_nur/webapp/vendor/laravel/framework/src/Illuminate/Pipeline/Pipeline.php(219): App/Http/Middleware/SecureHeaders->handle(Object(Illuminate/Http/Request), Object(Closure))
#45 D:/Codingan/random/_client_projects/pos_tb_nur/webapp/vendor/inertiajs/inertia-laravel/src/Middleware.php(138): Illuminate/Pipeline/Pipeline->Illuminate/Pipeline/{closure}(Object(Illuminate/Http/Request))
#46 D:/Codingan/random/_client_projects/pos_tb_nur/webapp/vendor/laravel/framework/src/Illuminate/Pipeline/Pipeline.php(219): Inertia/Middleware->handle(Object(Illuminate/Http/Request), Object(Closure))
#47 D:/Codingan/random/_client_projects/pos_tb_nur/webapp/vendor/laravel/framework/src/Illuminate/Foundation/Http/Middleware/VerifyCsrfToken.php(87): Illuminate/Pipeline/Pipeline->Illuminate/Pipeline/{closure}(Object(Illuminate/Http/Request))
#48 D:/Codingan/random/_client_projects/pos_tb_nur/webapp/vendor/laravel/framework/src/Illuminate/Pipeline/Pipeline.php(219): Illuminate/Foundation/Http/Middleware/VerifyCsrfToken->handle(Object(Illuminate/Http/Request), Object(Closure))
#49 D:/Codingan/random/_client_projects/pos_tb_nur/webapp/vendor/laravel/framework/src/Illuminate/Routing/Middleware/SubstituteBindings.php(50): Illuminate/Pipeline/Pipeline->Illuminate/Pipeline/{closure}(Object(Illuminate/Http/Request))
#50 D:/Codingan/random/_client_projects/pos_tb_nur/webapp/vendor/laravel/framework/src/Illuminate/Pipeline/Pipeline.php(219): Illuminate/Routing/Middleware/SubstituteBindings->handle(Object(Illuminate/Http/Request), Object(Closure))
#51 D:/Codingan/random/_client_projects/pos_tb_nur/webapp/vendor/laravel/framework/src/Illuminate/Routing/Middleware/ThrottleRequests.php(166): Illuminate/Pipeline/Pipeline->Illuminate/Pipeline/{closure}(Object(Illuminate/Http/Request))
#52 D:/Codingan/random/_client_projects/pos_tb_nur/webapp/vendor/laravel/framework/src/Illuminate/Routing/Middleware/ThrottleRequests.php(129): Illuminate/Routing/Middleware/ThrottleRequests->handleRequest(Object(Illuminate/Http/Request), Object(Closure), Array)
#53 D:/Codingan/random/_client_projects/pos_tb_nur/webapp/vendor/laravel/framework/src/Illuminate/Routing/Middleware/ThrottleRequests.php(90): Illuminate/Routing/Middleware/ThrottleRequests->handleRequestUsingNamedLimiter(Object(Illuminate/Http/Request), Object(Closure), 'api', Object(Closure))
#54 D:/Codingan/random/_client_projects/pos_tb_nur/webapp/vendor/laravel/framework/src/Illuminate/Pipeline/Pipeline.php(219): Illuminate/Routing/Middleware/ThrottleRequests->handle(Object(Illuminate/Http/Request), Object(Closure), 'api')
#55 D:/Codingan/random/_client_projects/pos_tb_nur/webapp/vendor/laravel/framework/src/Illuminate/Auth/Middleware/Authenticate.php(63): Illuminate/Pipeline/Pipeline->Illuminate/Pipeline/{closure}(Object(Illuminate/Http/Request))
#56 D:/Codingan/random/_client_projects/pos_tb_nur/webapp/vendor/laravel/framework/src/Illuminate/Pipeline/Pipeline.php(219): Illuminate/Auth/Middleware/Authenticate->handle(Object(Illuminate/Http/Request), Object(Closure))
#57 D:/Codingan/random/_client_projects/pos_tb_nur/webapp/vendor/laravel/framework/src/Illuminate/View/Middleware/ShareErrorsFromSession.php(48): Illuminate/Pipeline/Pipeline->Illuminate/Pipeline/{closure}(Object(Illuminate/Http/Request))
#58 D:/Codingan/random/_client_projects/pos_tb_nur/webapp/vendor/laravel/framework/src/Illuminate/Pipeline/Pipeline.php(219): Illuminate/View/Middleware/ShareErrorsFromSession->handle(Object(Illuminate/Http/Request), Object(Closure))
#59 D:/Codingan/random/_client_projects/pos_tb_nur/webapp/vendor/laravel/framework/src/Illuminate/Session/Middleware/StartSession.php(120): Illuminate/Pipeline/Pipeline->Illuminate/Pipeline/{closure}(Object(Illuminate/Http/Request))
#60 D:/Codingan/random/_client_projects/pos_tb_nur/webapp/vendor/laravel/framework/src/Illuminate/Session/Middleware/StartSession.php(63): Illuminate/Session/Middleware/StartSession->handleStatefulRequest(Object(Illuminate/Http/Request), Object(Illuminate/Session/Store), Object(Closure))
#61 D:/Codingan/random/_client_projects/pos_tb_nur/webapp/vendor/laravel/framework/src/Illuminate/Pipeline/Pipeline.php(219): Illuminate/Session/Middleware/StartSession->handle(Object(Illuminate/Http/Request), Object(Closure))
#62 D:/Codingan/random/_client_projects/pos_tb_nur/webapp/vendor/laravel/framework/src/Illuminate/Cookie/Middleware/AddQueuedCookiesToResponse.php(36): Illuminate/Pipeline/Pipeline->Illuminate/Pipeline/{closure}(Object(Illuminate/Http/Request))
#63 D:/Codingan/random/_client_projects/pos_tb_nur/webapp/vendor/laravel/framework/src/Illuminate/Pipeline/Pipeline.php(219): Illuminate/Cookie/Middleware/AddQueuedCookiesToResponse->handle(Object(Illuminate/Http/Request), Object(Closure))
#64 D:/Codingan/random/_client_projects/pos_tb_nur/webapp/vendor/laravel/framework/src/Illuminate/Cookie/Middleware/EncryptCookies.php(74): Illuminate/Pipeline/Pipeline->Illuminate/Pipeline/{closure}(Object(Illuminate/Http/Request))
#65 D:/Codingan/random/_client_projects/pos_tb_nur/webapp/vendor/laravel/framework/src/Illuminate/Pipeline/Pipeline.php(219): Illuminate/Cookie/Middleware/EncryptCookies->handle(Object(Illuminate/Http/Request), Object(Closure))
#66 D:/Codingan/random/_client_projects/pos_tb_nur/webapp/vendor/laravel/framework/src/Illuminate/Pipeline/Pipeline.php(137): Illuminate/Pipeline/Pipeline->Illuminate/Pipeline/{closure}(Object(Illuminate/Http/Request))
#67 D:/Codingan/random/_client_projects/pos_tb_nur/webapp/vendor/laravel/framework/src/Illuminate/Routing/Router.php(821): Illuminate/Pipeline/Pipeline->then(Object(Closure))
#68 D:/Codingan/random/_client_projects/pos_tb_nur/webapp/vendor/laravel/framework/src/Illuminate/Routing/Router.php(800): Illuminate/Routing/Router->runRouteWithinStack(Object(Illuminate/Routing/Route), Object(Illuminate/Http/Request))
#69 D:/Codingan/random/_client_projects/pos_tb_nur/webapp/vendor/laravel/framework/src/Illuminate/Routing/Router.php(764): Illuminate/Routing/Router->runRoute(Object(Illuminate/Http/Request), Object(Illuminate/Routing/Route))
#70 D:/Codingan/random/_client_projects/pos_tb_nur/webapp/vendor/laravel/framework/src/Illuminate/Routing/Router.php(753): Illuminate/Routing/Router->dispatchToRoute(Object(Illuminate/Http/Request))
#71 D:/Codingan/random/_client_projects/pos_tb_nur/webapp/vendor/laravel/framework/src/Illuminate/Foundation/Http/Kernel.php(200): Illuminate/Routing/Router->dispatch(Object(Illuminate/Http/Request))
#72 D:/Codingan/random/_client_projects/pos_tb_nur/webapp/vendor/laravel/framework/src/Illuminate/Pipeline/Pipeline.php(180): Illuminate/Foundation/Http/Kernel->Illuminate/Foundation/Http/{closure}(Object(Illuminate/Http/Request))
#73 D:/Codingan/random/_client_projects/pos_tb_nur/webapp/vendor/inertiajs/inertia-laravel/src/Middleware/EnsureGetOnRedirect.php(19): Illuminate/Pipeline/Pipeline->Illuminate/Pipeline/{closure}(Object(Illuminate/Http/Request))
#74 D:/Codingan/random/_client_projects/pos_tb_nur/webapp/vendor/laravel/framework/src/Illuminate/Pipeline/Pipeline.php(219): Inertia/Middleware/EnsureGetOnRedirect->handle(Object(Illuminate/Http/Request), Object(Closure))
#75 D:/Codingan/random/_client_projects/pos_tb_nur/webapp/vendor/laravel/framework/src/Illuminate/Foundation/Http/Middleware/TransformsRequest.php(21): Illuminate/Pipeline/Pipeline->Illuminate/Pipeline/{closure}(Object(Illuminate/Http/Request))
#76 D:/Codingan/random/_client_projects/pos_tb_nur/webapp/vendor/laravel/framework/src/Illuminate/Foundation/Http/Middleware/ConvertEmptyStringsToNull.php(31): Illuminate/Foundation/Http/Middleware/TransformsRequest->handle(Object(Illuminate/Http/Request), Object(Closure))
#77 D:/Codingan/random/_client_projects/pos_tb_nur/webapp/vendor/laravel/framework/src/Illuminate/Pipeline/Pipeline.php(219): Illuminate/Foundation/Http/Middleware/ConvertEmptyStringsToNull->handle(Object(Illuminate/Http/Request), Object(Closure))
#78 D:/Codingan/random/_client_projects/pos_tb_nur/webapp/vendor/laravel/framework/src/Illuminate/Foundation/Http/Middleware/TransformsRequest.php(21): Illuminate/Pipeline/Pipeline->Illuminate/Pipeline/{closure}(Object(Illuminate/Http/Request))
#79 D:/Codingan/random/_client_projects/pos_tb_nur/webapp/vendor/laravel/framework/src/Illuminate/Foundation/Http/Middleware/TrimStrings.php(51): Illuminate/Foundation/Http/Middleware/TransformsRequest->handle(Object(Illuminate/Http/Request), Object(Closure))
#80 D:/Codingan/random/_client_projects/pos_tb_nur/webapp/vendor/laravel/framework/src/Illuminate/Pipeline/Pipeline.php(219): Illuminate/Foundation/Http/Middleware/TrimStrings->handle(Object(Illuminate/Http/Request), Object(Closure))
#81 D:/Codingan/random/_client_projects/pos_tb_nur/webapp/vendor/laravel/framework/src/Illuminate/Http/Middleware/ValidatePostSize.php(27): Illuminate/Pipeline/Pipeline->Illuminate/Pipeline/{closure}(Object(Illuminate/Http/Request))
#82 D:/Codingan/random/_client_projects/pos_tb_nur/webapp/vendor/laravel/framework/src/Illuminate/Pipeline/Pipeline.php(219): Illuminate/Http/Middleware/ValidatePostSize->handle(Object(Illuminate/Http/Request), Object(Closure))
#83 D:/Codingan/random/_client_projects/pos_tb_nur/webapp/vendor/laravel/framework/src/Illuminate/Foundation/Http/Middleware/PreventRequestsDuringMaintenance.php(109): Illuminate/Pipeline/Pipeline->Illuminate/Pipeline/{closure}(Object(Illuminate/Http/Request))
#84 D:/Codingan/random/_client_projects/pos_tb_nur/webapp/vendor/laravel/framework/src/Illuminate/Pipeline/Pipeline.php(219): Illuminate/Foundation/Http/Middleware/PreventRequestsDuringMaintenance->handle(Object(Illuminate/Http/Request), Object(Closure))
#85 D:/Codingan/random/_client_projects/pos_tb_nur/webapp/vendor/laravel/framework/src/Illuminate/Http/Middleware/HandleCors.php(74): Illuminate/Pipeline/Pipeline->Illuminate/Pipeline/{closure}(Object(Illuminate/Http/Request))
#86 D:/Codingan/random/_client_projects/pos_tb_nur/webapp/vendor/laravel/framework/src/Illuminate/Pipeline/Pipeline.php(219): Illuminate/Http/Middleware/HandleCors->handle(Object(Illuminate/Http/Request), Object(Closure))
#87 D:/Codingan/random/_client_projects/pos_tb_nur/webapp/vendor/laravel/framework/src/Illuminate/Http/Middleware/TrustProxies.php(58): Illuminate/Pipeline/Pipeline->Illuminate/Pipeline/{closure}(Object(Illuminate/Http/Request))
#88 D:/Codingan/random/_client_projects/pos_tb_nur/webapp/vendor/laravel/framework/src/Illuminate/Pipeline/Pipeline.php(219): Illuminate/Http/Middleware/TrustProxies->handle(Object(Illuminate/Http/Request), Object(Closure))
#89 D:/Codingan/random/_client_projects/pos_tb_nur/webapp/vendor/laravel/framework/src/Illuminate/Foundation/Http/Middleware/InvokeDeferredCallbacks.php(22): Illuminate/Pipeline/Pipeline->Illuminate/Pipeline/{closure}(Object(Illuminate/Http/Request))
#90 D:/Codingan/random/_client_projects/pos_tb_nur/webapp/vendor/laravel/framework/src/Illuminate/Pipeline/Pipeline.php(219): Illuminate/Foundation/Http/Middleware/InvokeDeferredCallbacks->handle(Object(Illuminate/Http/Request), Object(Closure))
#91 D:/Codingan/random/_client_projects/pos_tb_nur/webapp/vendor/laravel/framework/src/Illuminate/Http/Middleware/ValidatePathEncoding.php(26): Illuminate/Pipeline/Pipeline->Illuminate/Pipeline/{closure}(Object(Illuminate/Http/Request))
#92 D:/Codingan/random/_client_projects/pos_tb_nur/webapp/vendor/laravel/framework/src/Illuminate/Pipeline/Pipeline.php(219): Illuminate/Http/Middleware/ValidatePathEncoding->handle(Object(Illuminate/Http/Request), Object(Closure))
#93 D:/Codingan/random/_client_projects/pos_tb_nur/webapp/vendor/laravel/framework/src/Illuminate/Pipeline/Pipeline.php(137): Illuminate/Pipeline/Pipeline->Illuminate/Pipeline/{closure}(Object(Illuminate/Http/Request))
#94 D:/Codingan/random/_client_projects/pos_tb_nur/webapp/vendor/laravel/framework/src/Illuminate/Foundation/Http/Kernel.php(175): Illuminate/Pipeline/Pipeline->then(Object(Closure))
#95 D:/Codingan/random/_client_projects/pos_tb_nur/webapp/vendor/laravel/framework/src/Illuminate/Foundation/Http/Kernel.php(144): Illuminate/Foundation/Http/Kernel->sendRequestThroughRouter(Object(Illuminate/Http/Request))
#96 D:/Codingan/random/_client_projects/pos_tb_nur/webapp/vendor/laravel/framework/src/Illuminate/Foundation/Testing/Concerns/MakesHttpRequests.php(607): Illuminate/Foundation/Http/Kernel->handle(Object(Illuminate/Http/Request))
#97 D:/Codingan/random/_client_projects/pos_tb_nur/webapp/vendor/laravel/framework/src/Illuminate/Foundation/Testing/Concerns/MakesHttpRequests.php(573): Illuminate/Foundation/Testing/TestCase->call('POST', '/api/backend/go...', Array, Array, Array, Array, '{\"warehouse_id\"...')
#98 D:/Codingan/random/_client_projects/pos_tb_nur/webapp/vendor/laravel/framework/src/Illuminate/Foundation/Testing/Concerns/MakesHttpRequests.php(411): Illuminate/Foundation/Testing/TestCase->json('POST', '/api/backend/go...', Array, Array, 0)
#99 D:/Codingan/random/_client_projects/pos_tb_nur/webapp/tests/Feature/WorkspaceBackendResourceApiTest.php(229): Illuminate/Foundation/Testing/TestCase->postJson('/api/backend/go...', Array)
#100 D:/Codingan/random/_client_projects/pos_tb_nur/webapp/vendor/phpunit/phpunit/src/Framework/TestCase.php(1667): Tests/Feature/WorkspaceBackendResourceApiTest->test_item_location_and_minimum_stock_resources_can_return_inventory_inquiry_rows()
#101 D:/Codingan/random/_client_projects/pos_tb_nur/webapp/vendor/phpunit/phpunit/src/Framework/TestCase.php(519): PHPUnit/Framework/TestCase->runTest()
#102 D:/Codingan/random/_client_projects/pos_tb_nur/webapp/vendor/phpunit/phpunit/src/Framework/TestRunner/TestRunner.php(87): PHPUnit/Framework/TestCase->runBare()
#103 D:/Codingan/random/_client_projects/pos_tb_nur/webapp/vendor/phpunit/phpunit/src/Framework/TestCase.php(365): PHPUnit/Framework/TestRunner->run(Object(Tests/Feature/WorkspaceBackendResourceApiTest))
#104 D:/Codingan/random/_client_projects/pos_tb_nur/webapp/vendor/phpunit/phpunit/src/Framework/TestSuite.php(369): PHPUnit/Framework/TestCase->run()
#105 D:/Codingan/random/_client_projects/pos_tb_nur/webapp/vendor/phpunit/phpunit/src/Framework/TestSuite.php(369): PHPUnit/Framework/TestSuite->run()
#106 D:/Codingan/random/_client_projects/pos_tb_nur/webapp/vendor/phpunit/phpunit/src/Framework/TestSuite.php(369): PHPUnit/Framework/TestSuite->run()
#107 D:/Codingan/random/_client_projects/pos_tb_nur/webapp/vendor/phpunit/phpunit/src/TextUI/TestRunner.php(64): PHPUnit/Framework/TestSuite->run()
#108 D:/Codingan/random/_client_projects/pos_tb_nur/webapp/vendor/phpunit/phpunit/src/TextUI/Application.php(211): PHPUnit/TextUI/TestRunner->run(Object(PHPUnit/TextUI/Configuration/Configuration), Object(PHPUnit/Runner/ResultCache/DefaultResultCache), Object(PHPUnit/Framework/TestSuite))
#109 D:/Codingan/random/_client_projects/pos_tb_nur/webapp/vendor/phpunit/phpunit/phpunit(104): PHPUnit/TextUI/Application->run(Array)
#110 {main}
"} 
[2026-07-31 17:44:56] testing.ERROR: forced failure {"exception":"[object] (RuntimeException(code: 0): forced failure at D:/Codingan/random/_client_projects/pos_tb_nur/webapp/tests/Feature/ErrorPageTest.php:35)
[stacktrace]
#0 D:/Codingan/random/_client_projects/pos_tb_nur/webapp/vendor/laravel/framework/src/Illuminate/Routing/CallableDispatcher.php(39): Tests/Feature/ErrorPageTest->Tests/Feature/{closure}()
#1 D:/Codingan/random/_client_projects/pos_tb_nur/webapp/vendor/laravel/framework/src/Illuminate/Routing/Route.php(243): Illuminate/Routing/CallableDispatcher->dispatch(Object(Illuminate/Routing/Route), Object(Closure))
#2 D:/Codingan/random/_client_projects/pos_tb_nur/webapp/vendor/laravel/framework/src/Illuminate/Routing/Route.php(214): Illuminate/Routing/Route->runCallable()
#3 D:/Codingan/random/_client_projects/pos_tb_nur/webapp/vendor/laravel/framework/src/Illuminate/Routing/Router.php(822): Illuminate/Routing/Route->run()
#4 D:/Codingan/random/_client_projects/pos_tb_nur/webapp/vendor/laravel/framework/src/Illuminate/Pipeline/Pipeline.php(180): Illuminate/Routing/Router->Illuminate/Routing/{closure}(Object(Illuminate/Http/Request))
#5 D:/Codingan/random/_client_projects/pos_tb_nur/webapp/app/Http/Middleware/SecureHeaders.php(16): Illuminate/Pipeline/Pipeline->Illuminate/Pipeline/{closure}(Object(Illuminate/Http/Request))
#6 D:/Codingan/random/_client_projects/pos_tb_nur/webapp/vendor/laravel/framework/src/Illuminate/Pipeline/Pipeline.php(219): App/Http/Middleware/SecureHeaders->handle(Object(Illuminate/Http/Request), Object(Closure))
#7 D:/Codingan/random/_client_projects/pos_tb_nur/webapp/vendor/inertiajs/inertia-laravel/src/Middleware.php(138): Illuminate/Pipeline/Pipeline->Illuminate/Pipeline/{closure}(Object(Illuminate/Http/Request))
#8 D:/Codingan/random/_client_projects/pos_tb_nur/webapp/vendor/laravel/framework/src/Illuminate/Pipeline/Pipeline.php(219): Inertia/Middleware->handle(Object(Illuminate/Http/Request), Object(Closure))
#9 D:/Codingan/random/_client_projects/pos_tb_nur/webapp/vendor/laravel/framework/src/Illuminate/Routing/Middleware/SubstituteBindings.php(50): Illuminate/Pipeline/Pipeline->Illuminate/Pipeline/{closure}(Object(Illuminate/Http/Request))
#10 D:/Codingan/random/_client_projects/pos_tb_nur/webapp/vendor/laravel/framework/src/Illuminate/Pipeline/Pipeline.php(219): Illuminate/Routing/Middleware/SubstituteBindings->handle(Object(Illuminate/Http/Request), Object(Closure))
#11 D:/Codingan/random/_client_projects/pos_tb_nur/webapp/vendor/laravel/framework/src/Illuminate/Foundation/Http/Middleware/VerifyCsrfToken.php(87): Illuminate/Pipeline/Pipeline->Illuminate/Pipeline/{closure}(Object(Illuminate/Http/Request))
#12 D:/Codingan/random/_client_projects/pos_tb_nur/webapp/vendor/laravel/framework/src/Illuminate/Pipeline/Pipeline.php(219): Illuminate/Foundation/Http/Middleware/VerifyCsrfToken->handle(Object(Illuminate/Http/Request), Object(Closure))
#13 D:/Codingan/random/_client_projects/pos_tb_nur/webapp/vendor/laravel/framework/src/Illuminate/View/Middleware/ShareErrorsFromSession.php(48): Illuminate/Pipeline/Pipeline->Illuminate/Pipeline/{closure}(Object(Illuminate/Http/Request))
#14 D:/Codingan/random/_client_projects/pos_tb_nur/webapp/vendor/laravel/framework/src/Illuminate/Pipeline/Pipeline.php(219): Illuminate/View/Middleware/ShareErrorsFromSession->handle(Object(Illuminate/Http/Request), Object(Closure))
#15 D:/Codingan/random/_client_projects/pos_tb_nur/webapp/vendor/laravel/framework/src/Illuminate/Session/Middleware/StartSession.php(120): Illuminate/Pipeline/Pipeline->Illuminate/Pipeline/{closure}(Object(Illuminate/Http/Request))
#16 D:/Codingan/random/_client_projects/pos_tb_nur/webapp/vendor/laravel/framework/src/Illuminate/Session/Middleware/StartSession.php(63): Illuminate/Session/Middleware/StartSession->handleStatefulRequest(Object(Illuminate/Http/Request), Object(Illuminate/Session/Store), Object(Closure))
#17 D:/Codingan/random/_client_projects/pos_tb_nur/webapp/vendor/laravel/framework/src/Illuminate/Pipeline/Pipeline.php(219): Illuminate/Session/Middleware/StartSession->handle(Object(Illuminate/Http/Request), Object(Closure))
#18 D:/Codingan/random/_client_projects/pos_tb_nur/webapp/vendor/laravel/framework/src/Illuminate/Cookie/Middleware/AddQueuedCookiesToResponse.php(36): Illuminate/Pipeline/Pipeline->Illuminate/Pipeline/{closure}(Object(Illuminate/Http/Request))
#19 D:/Codingan/random/_client_projects/pos_tb_nur/webapp/vendor/laravel/framework/src/Illuminate/Pipeline/Pipeline.php(219): Illuminate/Cookie/Middleware/AddQueuedCookiesToResponse->handle(Object(Illuminate/Http/Request), Object(Closure))
#20 D:/Codingan/random/_client_projects/pos_tb_nur/webapp/vendor/laravel/framework/src/Illuminate/Cookie/Middleware/EncryptCookies.php(74): Illuminate/Pipeline/Pipeline->Illuminate/Pipeline/{closure}(Object(Illuminate/Http/Request))
#21 D:/Codingan/random/_client_projects/pos_tb_nur/webapp/vendor/laravel/framework/src/Illuminate/Pipeline/Pipeline.php(219): Illuminate/Cookie/Middleware/EncryptCookies->handle(Object(Illuminate/Http/Request), Object(Closure))
#22 D:/Codingan/random/_client_projects/pos_tb_nur/webapp/vendor/laravel/framework/src/Illuminate/Pipeline/Pipeline.php(137): Illuminate/Pipeline/Pipeline->Illuminate/Pipeline/{closure}(Object(Illuminate/Http/Request))
#23 D:/Codingan/random/_client_projects/pos_tb_nur/webapp/vendor/laravel/framework/src/Illuminate/Routing/Router.php(821): Illuminate/Pipeline/Pipeline->then(Object(Closure))
#24 D:/Codingan/random/_client_projects/pos_tb_nur/webapp/vendor/laravel/framework/src/Illuminate/Routing/Router.php(800): Illuminate/Routing/Router->runRouteWithinStack(Object(Illuminate/Routing/Route), Object(Illuminate/Http/Request))
#25 D:/Codingan/random/_client_projects/pos_tb_nur/webapp/vendor/laravel/framework/src/Illuminate/Routing/Router.php(764): Illuminate/Routing/Router->runRoute(Object(Illuminate/Http/Request), Object(Illuminate/Routing/Route))
#26 D:/Codingan/random/_client_projects/pos_tb_nur/webapp/vendor/laravel/framework/src/Illuminate/Routing/Router.php(753): Illuminate/Routing/Router->dispatchToRoute(Object(Illuminate/Http/Request))
#27 D:/Codingan/random/_client_projects/pos_tb_nur/webapp/vendor/laravel/framework/src/Illuminate/Foundation/Http/Kernel.php(200): Illuminate/Routing/Router->dispatch(Object(Illuminate/Http/Request))
#28 D:/Codingan/random/_client_projects/pos_tb_nur/webapp/vendor/laravel/framework/src/Illuminate/Pipeline/Pipeline.php(180): Illuminate/Foundation/Http/Kernel->Illuminate/Foundation/Http/{closure}(Object(Illuminate/Http/Request))
#29 D:/Codingan/random/_client_projects/pos_tb_nur/webapp/vendor/inertiajs/inertia-laravel/src/Middleware/EnsureGetOnRedirect.php(19): Illuminate/Pipeline/Pipeline->Illuminate/Pipeline/{closure}(Object(Illuminate/Http/Request))
#30 D:/Codingan/random/_client_projects/pos_tb_nur/webapp/vendor/laravel/framework/src/Illuminate/Pipeline/Pipeline.php(219): Inertia/Middleware/EnsureGetOnRedirect->handle(Object(Illuminate/Http/Request), Object(Closure))
#31 D:/Codingan/random/_client_projects/pos_tb_nur/webapp/vendor/laravel/framework/src/Illuminate/Foundation/Http/Middleware/TransformsRequest.php(21): Illuminate/Pipeline/Pipeline->Illuminate/Pipeline/{closure}(Object(Illuminate/Http/Request))
#32 D:/Codingan/random/_client_projects/pos_tb_nur/webapp/vendor/laravel/framework/src/Illuminate/Foundation/Http/Middleware/ConvertEmptyStringsToNull.php(31): Illuminate/Foundation/Http/Middleware/TransformsRequest->handle(Object(Illuminate/Http/Request), Object(Closure))
#33 D:/Codingan/random/_client_projects/pos_tb_nur/webapp/vendor/laravel/framework/src/Illuminate/Pipeline/Pipeline.php(219): Illuminate/Foundation/Http/Middleware/ConvertEmptyStringsToNull->handle(Object(Illuminate/Http/Request), Object(Closure))
#34 D:/Codingan/random/_client_projects/pos_tb_nur/webapp/vendor/laravel/framework/src/Illuminate/Foundation/Http/Middleware/TransformsRequest.php(21): Illuminate/Pipeline/Pipeline->Illuminate/Pipeline/{closure}(Object(Illuminate/Http/Request))
#35 D:/Codingan/random/_client_projects/pos_tb_nur/webapp/vendor/laravel/framework/src/Illuminate/Foundation/Http/Middleware/TrimStrings.php(51): Illuminate/Foundation/Http/Middleware/TransformsRequest->handle(Object(Illuminate/Http/Request), Object(Closure))
#36 D:/Codingan/random/_client_projects/pos_tb_nur/webapp/vendor/laravel/framework/src/Illuminate/Pipeline/Pipeline.php(219): Illuminate/Foundation/Http/Middleware/TrimStrings->handle(Object(Illuminate/Http/Request), Object(Closure))
#37 D:/Codingan/random/_client_projects/pos_tb_nur/webapp/vendor/laravel/framework/src/Illuminate/Http/Middleware/ValidatePostSize.php(27): Illuminate/Pipeline/Pipeline->Illuminate/Pipeline/{closure}(Object(Illuminate/Http/Request))
#38 D:/Codingan/random/_client_projects/pos_tb_nur/webapp/vendor/laravel/framework/src/Illuminate/Pipeline/Pipeline.php(219): Illuminate/Http/Middleware/ValidatePostSize->handle(Object(Illuminate/Http/Request), Object(Closure))
#39 D:/Codingan/random/_client_projects/pos_tb_nur/webapp/vendor/laravel/framework/src/Illuminate/Foundation/Http/Middleware/PreventRequestsDuringMaintenance.php(109): Illuminate/Pipeline/Pipeline->Illuminate/Pipeline/{closure}(Object(Illuminate/Http/Request))
#40 D:/Codingan/random/_client_projects/pos_tb_nur/webapp/vendor/laravel/framework/src/Illuminate/Pipeline/Pipeline.php(219): Illuminate/Foundation/Http/Middleware/PreventRequestsDuringMaintenance->handle(Object(Illuminate/Http/Request), Object(Closure))
#41 D:/Codingan/random/_client_projects/pos_tb_nur/webapp/vendor/laravel/framework/src/Illuminate/Http/Middleware/HandleCors.php(61): Illuminate/Pipeline/Pipeline->Illuminate/Pipeline/{closure}(Object(Illuminate/Http/Request))
#42 D:/Codingan/random/_client_projects/pos_tb_nur/webapp/vendor/laravel/framework/src/Illuminate/Pipeline/Pipeline.php(219): Illuminate/Http/Middleware/HandleCors->handle(Object(Illuminate/Http/Request), Object(Closure))
#43 D:/Codingan/random/_client_projects/pos_tb_nur/webapp/vendor/laravel/framework/src/Illuminate/Http/Middleware/TrustProxies.php(58): Illuminate/Pipeline/Pipeline->Illuminate/Pipeline/{closure}(Object(Illuminate/Http/Request))
#44 D:/Codingan/random/_client_projects/pos_tb_nur/webapp/vendor/laravel/framework/src/Illuminate/Pipeline/Pipeline.php(219): Illuminate/Http/Middleware/TrustProxies->handle(Object(Illuminate/Http/Request), Object(Closure))
#45 D:/Codingan/random/_client_projects/pos_tb_nur/webapp/vendor/laravel/framework/src/Illuminate/Foundation/Http/Middleware/InvokeDeferredCallbacks.php(22): Illuminate/Pipeline/Pipeline->Illuminate/Pipeline/{closure}(Object(Illuminate/Http/Request))
#46 D:/Codingan/random/_client_projects/pos_tb_nur/webapp/vendor/laravel/framework/src/Illuminate/Pipeline/Pipeline.php(219): Illuminate/Foundation/Http/Middleware/InvokeDeferredCallbacks->handle(Object(Illuminate/Http/Request), Object(Closure))
#47 D:/Codingan/random/_client_projects/pos_tb_nur/webapp/vendor/laravel/framework/src/Illuminate/Http/Middleware/ValidatePathEncoding.php(26): Illuminate/Pipeline/Pipeline->Illuminate/Pipeline/{closure}(Object(Illuminate/Http/Request))
#48 D:/Codingan/random/_client_projects/pos_tb_nur/webapp/vendor/laravel/framework/src/Illuminate/Pipeline/Pipeline.php(219): Illuminate/Http/Middleware/ValidatePathEncoding->handle(Object(Illuminate/Http/Request), Object(Closure))
#49 D:/Codingan/random/_client_projects/pos_tb_nur/webapp/vendor/laravel/framework/src/Illuminate/Pipeline/Pipeline.php(137): Illuminate/Pipeline/Pipeline->Illuminate/Pipeline/{closure}(Object(Illuminate/Http/Request))
#50 D:/Codingan/random/_client_projects/pos_tb_nur/webapp/vendor/laravel/framework/src/Illuminate/Foundation/Http/Kernel.php(175): Illuminate/Pipeline/Pipeline->then(Object(Closure))
#51 D:/Codingan/random/_client_projects/pos_tb_nur/webapp/vendor/laravel/framework/src/Illuminate/Foundation/Http/Kernel.php(144): Illuminate/Foundation/Http/Kernel->sendRequestThroughRouter(Object(Illuminate/Http/Request))
#52 D:/Codingan/random/_client_projects/pos_tb_nur/webapp/vendor/laravel/framework/src/Illuminate/Foundation/Testing/Concerns/MakesHttpRequests.php(607): Illuminate/Foundation/Http/Kernel->handle(Object(Illuminate/Http/Request))
#53 D:/Codingan/random/_client_projects/pos_tb_nur/webapp/vendor/laravel/framework/src/Illuminate/Foundation/Testing/Concerns/MakesHttpRequests.php(368): Illuminate/Foundation/Testing/TestCase->call('GET', '/_test/error-50...', Array, Array, Array, Array)
#54 D:/Codingan/random/_client_projects/pos_tb_nur/webapp/tests/Feature/ErrorPageTest.php(38): Illuminate/Foundation/Testing/TestCase->get('/_test/error-50...')
#55 D:/Codingan/random/_client_projects/pos_tb_nur/webapp/vendor/phpunit/phpunit/src/Framework/TestCase.php(1667): Tests/Feature/ErrorPageTest->test_server_exception_renders_the_friendly_error_page()
#56 D:/Codingan/random/_client_projects/pos_tb_nur/webapp/vendor/phpunit/phpunit/src/Framework/TestCase.php(519): PHPUnit/Framework/TestCase->runTest()
#57 D:/Codingan/random/_client_projects/pos_tb_nur/webapp/vendor/phpunit/phpunit/src/Framework/TestRunner/TestRunner.php(87): PHPUnit/Framework/TestCase->runBare()
#58 D:/Codingan/random/_client_projects/pos_tb_nur/webapp/vendor/phpunit/phpunit/src/Framework/TestCase.php(365): PHPUnit/Framework/TestRunner->run(Object(Tests/Feature/ErrorPageTest))
#59 D:/Codingan/random/_client_projects/pos_tb_nur/webapp/vendor/phpunit/phpunit/src/Framework/TestSuite.php(369): PHPUnit/Framework/TestCase->run()
#60 D:/Codingan/random/_client_projects/pos_tb_nur/webapp/vendor/phpunit/phpunit/src/Framework/TestSuite.php(369): PHPUnit/Framework/TestSuite->run()
#61 D:/Codingan/random/_client_projects/pos_tb_nur/webapp/vendor/phpunit/phpunit/src/Framework/TestSuite.php(369): PHPUnit/Framework/TestSuite->run()
#62 D:/Codingan/random/_client_projects/pos_tb_nur/webapp/vendor/phpunit/phpunit/src/TextUI/TestRunner.php(64): PHPUnit/Framework/TestSuite->run()
#63 D:/Codingan/random/_client_projects/pos_tb_nur/webapp/vendor/phpunit/phpunit/src/TextUI/Application.php(211): PHPUnit/TextUI/TestRunner->run(Object(PHPUnit/TextUI/Configuration/Configuration), Object(PHPUnit/Runner/ResultCache/DefaultResultCache), Object(PHPUnit/Framework/TestSuite))
#64 D:/Codingan/random/_client_projects/pos_tb_nur/webapp/vendor/phpunit/phpunit/phpunit(104): PHPUnit/TextUI/Application->run(Array)
#65 {main}
"} 
[2026-07-31 17:44:59] testing.ERROR: Call to undefined relationship [productCategory] on model [App\Domain\Inventory\Models\StockOpnameOrder]. {"userId":1,"exception":"[object] (Illuminate\\Database\\Eloquent\\RelationNotFoundException(code: 0): Call to undefined relationship [productCategory] on model [App\\Domain\\Inventory\\Models\\StockOpnameOrder]. at D:/Codingan/random/_client_projects/pos_tb_nur/webapp/vendor/laravel/framework/src/Illuminate/Database/Eloquent/RelationNotFoundException.php:35)
[stacktrace]
#0 D:/Codingan/random/_client_projects/pos_tb_nur/webapp/vendor/laravel/framework/src/Illuminate/Database/Eloquent/Builder.php(969): Illuminate/Database/Eloquent/RelationNotFoundException::make(Object(App/Domain/Inventory/Models/StockOpnameOrder), 'productCategory')
#1 D:/Codingan/random/_client_projects/pos_tb_nur/webapp/vendor/laravel/framework/src/Illuminate/Database/Eloquent/Relations/Relation.php(119): Illuminate/Database/Eloquent/Builder->Illuminate/Database/Eloquent/{closure}()
#2 D:/Codingan/random/_client_projects/pos_tb_nur/webapp/vendor/laravel/framework/src/Illuminate/Database/Eloquent/Builder.php(965): Illuminate/Database/Eloquent/Relations/Relation::noConstraints(Object(Closure))
#3 D:/Codingan/random/_client_projects/pos_tb_nur/webapp/vendor/laravel/framework/src/Illuminate/Database/Eloquent/Builder.php(939): Illuminate/Database/Eloquent/Builder->getRelation('productCategory')
#4 D:/Codingan/random/_client_projects/pos_tb_nur/webapp/vendor/laravel/framework/src/Illuminate/Database/Eloquent/Builder.php(919): Illuminate/Database/Eloquent/Builder->eagerLoadRelation(Array, 'productCategory', Object(Closure))
#5 D:/Codingan/random/_client_projects/pos_tb_nur/webapp/vendor/laravel/framework/src/Illuminate/Database/Eloquent/Builder.php(885): Illuminate/Database/Eloquent/Builder->eagerLoadRelations(Array)
#6 D:/Codingan/random/_client_projects/pos_tb_nur/webapp/vendor/laravel/framework/src/Illuminate/Database/Concerns/BuildsQueries.php(366): Illuminate/Database/Eloquent/Builder->get(Array)
#7 D:/Codingan/random/_client_projects/pos_tb_nur/webapp/vendor/laravel/framework/src/Illuminate/Database/Eloquent/Model.php(1843): Illuminate/Database/Eloquent/Builder->first()
#8 D:/Codingan/random/_client_projects/pos_tb_nur/webapp/app/Support/Backend/BackendResourceWriter.php(544): Illuminate/Database/Eloquent/Model->fresh(Array)
#9 D:/Codingan/random/_client_projects/pos_tb_nur/webapp/vendor/laravel/framework/src/Illuminate/Database/Concerns/ManagesTransactions.php(35): App/Support/Backend/BackendResourceWriter->App/Support/Backend/{closure}(Object(Illuminate/Database/SQLiteConnection))
#10 D:/Codingan/random/_client_projects/pos_tb_nur/webapp/vendor/laravel/framework/src/Illuminate/Database/DatabaseManager.php(491): Illuminate/Database/Connection->transaction(Object(Closure))
#11 D:/Codingan/random/_client_projects/pos_tb_nur/webapp/vendor/laravel/framework/src/Illuminate/Support/Facades/Facade.php(363): Illuminate/Database/DatabaseManager->__call('transaction', Array)
#12 D:/Codingan/random/_client_projects/pos_tb_nur/webapp/app/Support/Backend/BackendResourceWriter.php(132): Illuminate/Support/Facades/Facade::__callStatic('transaction', Array)
#13 D:/Codingan/random/_client_projects/pos_tb_nur/webapp/app/Support/Backend/BackendResourceWriter.php(28): App/Support/Backend/BackendResourceWriter->persist(Object(App/Support/Backend/BackendResourceBlueprint), Object(App/Domain/Inventory/Models/StockOpnameOrder), Array)
#14 D:/Codingan/random/_client_projects/pos_tb_nur/webapp/app/Http/Controllers/Api/BackendResourceController.php(84): App/Support/Backend/BackendResourceWriter->create(Object(App/Support/Backend/BackendResourceBlueprint), Array)
#15 D:/Codingan/random/_client_projects/pos_tb_nur/webapp/vendor/laravel/framework/src/Illuminate/Routing/ControllerDispatcher.php(46): App/Http/Controllers/Api/BackendResourceController->store(Object(App/Http/Requests/Api/Backend/BackendResourceStoreRequest), 'stock-opname-or...')
#16 D:/Codingan/random/_client_projects/pos_tb_nur/webapp/vendor/laravel/framework/src/Illuminate/Routing/Route.php(265): Illuminate/Routing/ControllerDispatcher->dispatch(Object(Illuminate/Routing/Route), Object(App/Http/Controllers/Api/BackendResourceController), 'store')
#17 D:/Codingan/random/_client_projects/pos_tb_nur/webapp/vendor/laravel/framework/src/Illuminate/Routing/Route.php(211): Illuminate/Routing/Route->runController()
#18 D:/Codingan/random/_client_projects/pos_tb_nur/webapp/vendor/laravel/framework/src/Illuminate/Routing/Router.php(822): Illuminate/Routing/Route->run()
#19 D:/Codingan/random/_client_projects/pos_tb_nur/webapp/vendor/laravel/framework/src/Illuminate/Pipeline/Pipeline.php(180): Illuminate/Routing/Router->Illuminate/Routing/{closure}(Object(Illuminate/Http/Request))
#20 D:/Codingan/random/_client_projects/pos_tb_nur/webapp/app/Http/Middleware/SecureHeaders.php(16): Illuminate/Pipeline/Pipeline->Illuminate/Pipeline/{closure}(Object(Illuminate/Http/Request))
#21 D:/Codingan/random/_client_projects/pos_tb_nur/webapp/vendor/laravel/framework/src/Illuminate/Pipeline/Pipeline.php(219): App/Http/Middleware/SecureHeaders->handle(Object(Illuminate/Http/Request), Object(Closure))
#22 D:/Codingan/random/_client_projects/pos_tb_nur/webapp/vendor/inertiajs/inertia-laravel/src/Middleware.php(138): Illuminate/Pipeline/Pipeline->Illuminate/Pipeline/{closure}(Object(Illuminate/Http/Request))
#23 D:/Codingan/random/_client_projects/pos_tb_nur/webapp/vendor/laravel/framework/src/Illuminate/Pipeline/Pipeline.php(219): Inertia/Middleware->handle(Object(Illuminate/Http/Request), Object(Closure))
#24 D:/Codingan/random/_client_projects/pos_tb_nur/webapp/vendor/laravel/framework/src/Illuminate/Foundation/Http/Middleware/VerifyCsrfToken.php(87): Illuminate/Pipeline/Pipeline->Illuminate/Pipeline/{closure}(Object(Illuminate/Http/Request))
#25 D:/Codingan/random/_client_projects/pos_tb_nur/webapp/vendor/laravel/framework/src/Illuminate/Pipeline/Pipeline.php(219): Illuminate/Foundation/Http/Middleware/VerifyCsrfToken->handle(Object(Illuminate/Http/Request), Object(Closure))
#26 D:/Codingan/random/_client_projects/pos_tb_nur/webapp/vendor/laravel/framework/src/Illuminate/Routing/Middleware/SubstituteBindings.php(50): Illuminate/Pipeline/Pipeline->Illuminate/Pipeline/{closure}(Object(Illuminate/Http/Request))
#27 D:/Codingan/random/_client_projects/pos_tb_nur/webapp/vendor/laravel/framework/src/Illuminate/Pipeline/Pipeline.php(219): Illuminate/Routing/Middleware/SubstituteBindings->handle(Object(Illuminate/Http/Request), Object(Closure))
#28 D:/Codingan/random/_client_projects/pos_tb_nur/webapp/vendor/laravel/framework/src/Illuminate/Routing/Middleware/ThrottleRequests.php(166): Illuminate/Pipeline/Pipeline->Illuminate/Pipeline/{closure}(Object(Illuminate/Http/Request))
#29 D:/Codingan/random/_client_projects/pos_tb_nur/webapp/vendor/laravel/framework/src/Illuminate/Routing/Middleware/ThrottleRequests.php(129): Illuminate/Routing/Middleware/ThrottleRequests->handleRequest(Object(Illuminate/Http/Request), Object(Closure), Array)
#30 D:/Codingan/random/_client_projects/pos_tb_nur/webapp/vendor/laravel/framework/src/Illuminate/Routing/Middleware/ThrottleRequests.php(90): Illuminate/Routing/Middleware/ThrottleRequests->handleRequestUsingNamedLimiter(Object(Illuminate/Http/Request), Object(Closure), 'api', Object(Closure))
#31 D:/Codingan/random/_client_projects/pos_tb_nur/webapp/vendor/laravel/framework/src/Illuminate/Pipeline/Pipeline.php(219): Illuminate/Routing/Middleware/ThrottleRequests->handle(Object(Illuminate/Http/Request), Object(Closure), 'api')
#32 D:/Codingan/random/_client_projects/pos_tb_nur/webapp/vendor/laravel/framework/src/Illuminate/Auth/Middleware/Authenticate.php(63): Illuminate/Pipeline/Pipeline->Illuminate/Pipeline/{closure}(Object(Illuminate/Http/Request))
#33 D:/Codingan/random/_client_projects/pos_tb_nur/webapp/vendor/laravel/framework/src/Illuminate/Pipeline/Pipeline.php(219): Illuminate/Auth/Middleware/Authenticate->handle(Object(Illuminate/Http/Request), Object(Closure))
#34 D:/Codingan/random/_client_projects/pos_tb_nur/webapp/vendor/laravel/framework/src/Illuminate/View/Middleware/ShareErrorsFromSession.php(48): Illuminate/Pipeline/Pipeline->Illuminate/Pipeline/{closure}(Object(Illuminate/Http/Request))
#35 D:/Codingan/random/_client_projects/pos_tb_nur/webapp/vendor/laravel/framework/src/Illuminate/Pipeline/Pipeline.php(219): Illuminate/View/Middleware/ShareErrorsFromSession->handle(Object(Illuminate/Http/Request), Object(Closure))
#36 D:/Codingan/random/_client_projects/pos_tb_nur/webapp/vendor/laravel/framework/src/Illuminate/Session/Middleware/StartSession.php(120): Illuminate/Pipeline/Pipeline->Illuminate/Pipeline/{closure}(Object(Illuminate/Http/Request))
#37 D:/Codingan/random/_client_projects/pos_tb_nur/webapp/vendor/laravel/framework/src/Illuminate/Session/Middleware/StartSession.php(63): Illuminate/Session/Middleware/StartSession->handleStatefulRequest(Object(Illuminate/Http/Request), Object(Illuminate/Session/Store), Object(Closure))
#38 D:/Codingan/random/_client_projects/pos_tb_nur/webapp/vendor/laravel/framework/src/Illuminate/Pipeline/Pipeline.php(219): Illuminate/Session/Middleware/StartSession->handle(Object(Illuminate/Http/Request), Object(Closure))
#39 D:/Codingan/random/_client_projects/pos_tb_nur/webapp/vendor/laravel/framework/src/Illuminate/Cookie/Middleware/AddQueuedCookiesToResponse.php(36): Illuminate/Pipeline/Pipeline->Illuminate/Pipeline/{closure}(Object(Illuminate/Http/Request))
#40 D:/Codingan/random/_client_projects/pos_tb_nur/webapp/vendor/laravel/framework/src/Illuminate/Pipeline/Pipeline.php(219): Illuminate/Cookie/Middleware/AddQueuedCookiesToResponse->handle(Object(Illuminate/Http/Request), Object(Closure))
#41 D:/Codingan/random/_client_projects/pos_tb_nur/webapp/vendor/laravel/framework/src/Illuminate/Cookie/Middleware/EncryptCookies.php(74): Illuminate/Pipeline/Pipeline->Illuminate/Pipeline/{closure}(Object(Illuminate/Http/Request))
#42 D:/Codingan/random/_client_projects/pos_tb_nur/webapp/vendor/laravel/framework/src/Illuminate/Pipeline/Pipeline.php(219): Illuminate/Cookie/Middleware/EncryptCookies->handle(Object(Illuminate/Http/Request), Object(Closure))
#43 D:/Codingan/random/_client_projects/pos_tb_nur/webapp/vendor/laravel/framework/src/Illuminate/Pipeline/Pipeline.php(137): Illuminate/Pipeline/Pipeline->Illuminate/Pipeline/{closure}(Object(Illuminate/Http/Request))
#44 D:/Codingan/random/_client_projects/pos_tb_nur/webapp/vendor/laravel/framework/src/Illuminate/Routing/Router.php(821): Illuminate/Pipeline/Pipeline->then(Object(Closure))
#45 D:/Codingan/random/_client_projects/pos_tb_nur/webapp/vendor/laravel/framework/src/Illuminate/Routing/Router.php(800): Illuminate/Routing/Router->runRouteWithinStack(Object(Illuminate/Routing/Route), Object(Illuminate/Http/Request))
#46 D:/Codingan/random/_client_projects/pos_tb_nur/webapp/vendor/laravel/framework/src/Illuminate/Routing/Router.php(764): Illuminate/Routing/Router->runRoute(Object(Illuminate/Http/Request), Object(Illuminate/Routing/Route))
#47 D:/Codingan/random/_client_projects/pos_tb_nur/webapp/vendor/laravel/framework/src/Illuminate/Routing/Router.php(753): Illuminate/Routing/Router->dispatchToRoute(Object(Illuminate/Http/Request))
#48 D:/Codingan/random/_client_projects/pos_tb_nur/webapp/vendor/laravel/framework/src/Illuminate/Foundation/Http/Kernel.php(200): Illuminate/Routing/Router->dispatch(Object(Illuminate/Http/Request))
#49 D:/Codingan/random/_client_projects/pos_tb_nur/webapp/vendor/laravel/framework/src/Illuminate/Pipeline/Pipeline.php(180): Illuminate/Foundation/Http/Kernel->Illuminate/Foundation/Http/{closure}(Object(Illuminate/Http/Request))
#50 D:/Codingan/random/_client_projects/pos_tb_nur/webapp/vendor/inertiajs/inertia-laravel/src/Middleware/EnsureGetOnRedirect.php(19): Illuminate/Pipeline/Pipeline->Illuminate/Pipeline/{closure}(Object(Illuminate/Http/Request))
#51 D:/Codingan/random/_client_projects/pos_tb_nur/webapp/vendor/laravel/framework/src/Illuminate/Pipeline/Pipeline.php(219): Inertia/Middleware/EnsureGetOnRedirect->handle(Object(Illuminate/Http/Request), Object(Closure))
#52 D:/Codingan/random/_client_projects/pos_tb_nur/webapp/vendor/laravel/framework/src/Illuminate/Foundation/Http/Middleware/TransformsRequest.php(21): Illuminate/Pipeline/Pipeline->Illuminate/Pipeline/{closure}(Object(Illuminate/Http/Request))
#53 D:/Codingan/random/_client_projects/pos_tb_nur/webapp/vendor/laravel/framework/src/Illuminate/Foundation/Http/Middleware/ConvertEmptyStringsToNull.php(31): Illuminate/Foundation/Http/Middleware/TransformsRequest->handle(Object(Illuminate/Http/Request), Object(Closure))
#54 D:/Codingan/random/_client_projects/pos_tb_nur/webapp/vendor/laravel/framework/src/Illuminate/Pipeline/Pipeline.php(219): Illuminate/Foundation/Http/Middleware/ConvertEmptyStringsToNull->handle(Object(Illuminate/Http/Request), Object(Closure))
#55 D:/Codingan/random/_client_projects/pos_tb_nur/webapp/vendor/laravel/framework/src/Illuminate/Foundation/Http/Middleware/TransformsRequest.php(21): Illuminate/Pipeline/Pipeline->Illuminate/Pipeline/{closure}(Object(Illuminate/Http/Request))
#56 D:/Codingan/random/_client_projects/pos_tb_nur/webapp/vendor/laravel/framework/src/Illuminate/Foundation/Http/Middleware/TrimStrings.php(51): Illuminate/Foundation/Http/Middleware/TransformsRequest->handle(Object(Illuminate/Http/Request), Object(Closure))
#57 D:/Codingan/random/_client_projects/pos_tb_nur/webapp/vendor/laravel/framework/src/Illuminate/Pipeline/Pipeline.php(219): Illuminate/Foundation/Http/Middleware/TrimStrings->handle(Object(Illuminate/Http/Request), Object(Closure))
#58 D:/Codingan/random/_client_projects/pos_tb_nur/webapp/vendor/laravel/framework/src/Illuminate/Http/Middleware/ValidatePostSize.php(27): Illuminate/Pipeline/Pipeline->Illuminate/Pipeline/{closure}(Object(Illuminate/Http/Request))
#59 D:/Codingan/random/_client_projects/pos_tb_nur/webapp/vendor/laravel/framework/src/Illuminate/Pipeline/Pipeline.php(219): Illuminate/Http/Middleware/ValidatePostSize->handle(Object(Illuminate/Http/Request), Object(Closure))
#60 D:/Codingan/random/_client_projects/pos_tb_nur/webapp/vendor/laravel/framework/src/Illuminate/Foundation/Http/Middleware/PreventRequestsDuringMaintenance.php(109): Illuminate/Pipeline/Pipeline->Illuminate/Pipeline/{closure}(Object(Illuminate/Http/Request))
#61 D:/Codingan/random/_client_projects/pos_tb_nur/webapp/vendor/laravel/framework/src/Illuminate/Pipeline/Pipeline.php(219): Illuminate/Foundation/Http/Middleware/PreventRequestsDuringMaintenance->handle(Object(Illuminate/Http/Request), Object(Closure))
#62 D:/Codingan/random/_client_projects/pos_tb_nur/webapp/vendor/laravel/framework/src/Illuminate/Http/Middleware/HandleCors.php(74): Illuminate/Pipeline/Pipeline->Illuminate/Pipeline/{closure}(Object(Illuminate/Http/Request))
#63 D:/Codingan/random/_client_projects/pos_tb_nur/webapp/vendor/laravel/framework/src/Illuminate/Pipeline/Pipeline.php(219): Illuminate/Http/Middleware/HandleCors->handle(Object(Illuminate/Http/Request), Object(Closure))
#64 D:/Codingan/random/_client_projects/pos_tb_nur/webapp/vendor/laravel/framework/src/Illuminate/Http/Middleware/TrustProxies.php(58): Illuminate/Pipeline/Pipeline->Illuminate/Pipeline/{closure}(Object(Illuminate/Http/Request))
#65 D:/Codingan/random/_client_projects/pos_tb_nur/webapp/vendor/laravel/framework/src/Illuminate/Pipeline/Pipeline.php(219): Illuminate/Http/Middleware/TrustProxies->handle(Object(Illuminate/Http/Request), Object(Closure))
#66 D:/Codingan/random/_client_projects/pos_tb_nur/webapp/vendor/laravel/framework/src/Illuminate/Foundation/Http/Middleware/InvokeDeferredCallbacks.php(22): Illuminate/Pipeline/Pipeline->Illuminate/Pipeline/{closure}(Object(Illuminate/Http/Request))
#67 D:/Codingan/random/_client_projects/pos_tb_nur/webapp/vendor/laravel/framework/src/Illuminate/Pipeline/Pipeline.php(219): Illuminate/Foundation/Http/Middleware/InvokeDeferredCallbacks->handle(Object(Illuminate/Http/Request), Object(Closure))
#68 D:/Codingan/random/_client_projects/pos_tb_nur/webapp/vendor/laravel/framework/src/Illuminate/Http/Middleware/ValidatePathEncoding.php(26): Illuminate/Pipeline/Pipeline->Illuminate/Pipeline/{closure}(Object(Illuminate/Http/Request))
#69 D:/Codingan/random/_client_projects/pos_tb_nur/webapp/vendor/laravel/framework/src/Illuminate/Pipeline/Pipeline.php(219): Illuminate/Http/Middleware/ValidatePathEncoding->handle(Object(Illuminate/Http/Request), Object(Closure))
#70 D:/Codingan/random/_client_projects/pos_tb_nur/webapp/vendor/laravel/framework/src/Illuminate/Pipeline/Pipeline.php(137): Illuminate/Pipeline/Pipeline->Illuminate/Pipeline/{closure}(Object(Illuminate/Http/Request))
#71 D:/Codingan/random/_client_projects/pos_tb_nur/webapp/vendor/laravel/framework/src/Illuminate/Foundation/Http/Kernel.php(175): Illuminate/Pipeline/Pipeline->then(Object(Closure))
#72 D:/Codingan/random/_client_projects/pos_tb_nur/webapp/vendor/laravel/framework/src/Illuminate/Foundation/Http/Kernel.php(144): Illuminate/Foundation/Http/Kernel->sendRequestThroughRouter(Object(Illuminate/Http/Request))
#73 D:/Codingan/random/_client_projects/pos_tb_nur/webapp/vendor/laravel/framework/src/Illuminate/Foundation/Testing/Concerns/MakesHttpRequests.php(607): Illuminate/Foundation/Http/Kernel->handle(Object(Illuminate/Http/Request))
#74 D:/Codingan/random/_client_projects/pos_tb_nur/webapp/vendor/laravel/framework/src/Illuminate/Foundation/Testing/Concerns/MakesHttpRequests.php(573): Illuminate/Foundation/Testing/TestCase->call('POST', '/api/backend/st...', Array, Array, Array, Array, '{\"branch_id\":1,...')
#75 D:/Codingan/random/_client_projects/pos_tb_nur/webapp/vendor/laravel/framework/src/Illuminate/Foundation/Testing/Concerns/MakesHttpRequests.php(411): Illuminate/Foundation/Testing/TestCase->json('POST', '/api/backend/st...', Array, Array, 0)
#76 D:/Codingan/random/_client_projects/pos_tb_nur/webapp/tests/Feature/InventoryBackendResourceApiTest.php(88): Illuminate/Foundation/Testing/TestCase->postJson('/api/backend/st...', Array)
#77 D:/Codingan/random/_client_projects/pos_tb_nur/webapp/vendor/phpunit/phpunit/src/Framework/TestCase.php(1667): Tests/Feature/InventoryBackendResourceApiTest->test_stock_opname_resources_can_link_order_result_and_workers()
#78 D:/Codingan/random/_client_projects/pos_tb_nur/webapp/vendor/phpunit/phpunit/src/Framework/TestCase.php(519): PHPUnit/Framework/TestCase->runTest()
#79 D:/Codingan/random/_client_projects/pos_tb_nur/webapp/vendor/phpunit/phpunit/src/Framework/TestRunner/TestRunner.php(87): PHPUnit/Framework/TestCase->runBare()
#80 D:/Codingan/random/_client_projects/pos_tb_nur/webapp/vendor/phpunit/phpunit/src/Framework/TestCase.php(365): PHPUnit/Framework/TestRunner->run(Object(Tests/Feature/InventoryBackendResourceApiTest))
#81 D:/Codingan/random/_client_projects/pos_tb_nur/webapp/vendor/phpunit/phpunit/src/Framework/TestSuite.php(369): PHPUnit/Framework/TestCase->run()
#82 D:/Codingan/random/_client_projects/pos_tb_nur/webapp/vendor/phpunit/phpunit/src/Framework/TestSuite.php(369): PHPUnit/Framework/TestSuite->run()
#83 D:/Codingan/random/_client_projects/pos_tb_nur/webapp/vendor/phpunit/phpunit/src/Framework/TestSuite.php(369): PHPUnit/Framework/TestSuite->run()
#84 D:/Codingan/random/_client_projects/pos_tb_nur/webapp/vendor/phpunit/phpunit/src/TextUI/TestRunner.php(64): PHPUnit/Framework/TestSuite->run()
#85 D:/Codingan/random/_client_projects/pos_tb_nur/webapp/vendor/phpunit/phpunit/src/TextUI/Application.php(211): PHPUnit/TextUI/TestRunner->run(Object(PHPUnit/TextUI/Configuration/Configuration), Object(PHPUnit/Runner/ResultCache/DefaultResultCache), Object(PHPUnit/Framework/TestSuite))
#86 D:/Codingan/random/_client_projects/pos_tb_nur/webapp/vendor/phpunit/phpunit/phpunit(104): PHPUnit/TextUI/Application->run(Array)
#87 {main}
"} 
[2026-07-31 17:44:59] testing.ERROR: Call to undefined method App\Domain\Catalog\Models\Product::supplierPrices() {"userId":1,"exception":"[object] (BadMethodCallException(code: 0): Call to undefined method App\\Domain\\Catalog\\Models\\Product::supplierPrices() at D:/Codingan/random/_client_projects/pos_tb_nur/webapp/vendor/laravel/framework/src/Illuminate/Support/Traits/ForwardsCalls.php:67)
[stacktrace]
#0 D:/Codingan/random/_client_projects/pos_tb_nur/webapp/vendor/laravel/framework/src/Illuminate/Support/Traits/ForwardsCalls.php(36): Illuminate/Database/Eloquent/Model::throwBadMethodCallException('supplierPrices')
#1 D:/Codingan/random/_client_projects/pos_tb_nur/webapp/vendor/laravel/framework/src/Illuminate/Database/Eloquent/Model.php(2540): Illuminate/Database/Eloquent/Model->forwardCallTo(Object(Illuminate/Database/Eloquent/Builder), 'supplierPrices', Array)
#2 D:/Codingan/random/_client_projects/pos_tb_nur/webapp/app/Domain/Catalog/Models/Product.php(48): Illuminate/Database/Eloquent/Model->__call('supplierPrices', Array)
#3 D:/Codingan/random/_client_projects/pos_tb_nur/webapp/vendor/laravel/framework/src/Illuminate/Database/Eloquent/Concerns/HasAttributes.php(717): App/Domain/Catalog/Models/Product->getMainSupplierAttribute(NULL)
#4 D:/Codingan/random/_client_projects/pos_tb_nur/webapp/vendor/laravel/framework/src/Illuminate/Database/Eloquent/Concerns/HasAttributes.php(769): Illuminate/Database/Eloquent/Model->mutateAttribute('main_supplier', NULL)
#5 D:/Codingan/random/_client_projects/pos_tb_nur/webapp/vendor/laravel/framework/src/Illuminate/Database/Eloquent/Concerns/HasAttributes.php(239): Illuminate/Database/Eloquent/Model->mutateAttributeForArray('main_supplier', NULL)
#6 D:/Codingan/random/_client_projects/pos_tb_nur/webapp/vendor/laravel/framework/src/Illuminate/Database/Eloquent/Model.php(1781): Illuminate/Database/Eloquent/Model->attributesToArray()
#7 [internal function]: Illuminate/Database/Eloquent/Model->Illuminate/Database/Eloquent/{closure}()
#8 D:/Codingan/random/_client_projects/pos_tb_nur/webapp/vendor/laravel/framework/src/Illuminate/Database/Eloquent/Concerns/PreventsCircularRecursion.php(46): call_user_func(Object(Closure))
#9 D:/Codingan/random/_client_projects/pos_tb_nur/webapp/vendor/laravel/framework/src/Illuminate/Database/Eloquent/Model.php(1780): Illuminate/Database/Eloquent/Model->withoutRecursion(Object(Closure), Object(Closure))
#10 D:/Codingan/random/_client_projects/pos_tb_nur/webapp/vendor/laravel/framework/src/Illuminate/Database/Eloquent/Concerns/HasAttributes.php(389): Illuminate/Database/Eloquent/Model->toArray()
#11 D:/Codingan/random/_client_projects/pos_tb_nur/webapp/vendor/laravel/framework/src/Illuminate/Database/Eloquent/Model.php(1781): Illuminate/Database/Eloquent/Model->relationsToArray()
#12 [internal function]: Illuminate/Database/Eloquent/Model->Illuminate/Database/Eloquent/{closure}()
#13 D:/Codingan/random/_client_projects/pos_tb_nur/webapp/vendor/laravel/framework/src/Illuminate/Database/Eloquent/Concerns/PreventsCircularRecursion.php(46): call_user_func(Object(Closure))
#14 D:/Codingan/random/_client_projects/pos_tb_nur/webapp/vendor/laravel/framework/src/Illuminate/Database/Eloquent/Model.php(1780): Illuminate/Database/Eloquent/Model->withoutRecursion(Object(Closure), Object(Closure))
#15 D:/Codingan/random/_client_projects/pos_tb_nur/webapp/vendor/laravel/framework/src/Illuminate/Collections/Traits/EnumeratesValues.php(978): Illuminate/Database/Eloquent/Model->toArray()
#16 [internal function]: Illuminate/Support/Collection->Illuminate/Support/Traits/{closure}(Object(App/Domain/Support/Models/OperationDocumentLine), 0)
#17 D:/Codingan/random/_client_projects/pos_tb_nur/webapp/vendor/laravel/framework/src/Illuminate/Collections/Arr.php(841): array_map(Object(Closure), Array, Array)
#18 D:/Codingan/random/_client_projects/pos_tb_nur/webapp/vendor/laravel/framework/src/Illuminate/Collections/Collection.php(829): Illuminate/Support/Arr::map(Array, Object(Closure))
#19 D:/Codingan/random/_client_projects/pos_tb_nur/webapp/vendor/laravel/framework/src/Illuminate/Database/Eloquent/Collection.php(421): Illuminate/Support/Collection->map(Object(Closure))
#20 D:/Codingan/random/_client_projects/pos_tb_nur/webapp/vendor/laravel/framework/src/Illuminate/Collections/Traits/EnumeratesValues.php(978): Illuminate/Database/Eloquent/Collection->map(Object(Closure))
#21 D:/Codingan/random/_client_projects/pos_tb_nur/webapp/vendor/laravel/framework/src/Illuminate/Database/Eloquent/Concerns/HasAttributes.php(389): Illuminate/Support/Collection->toArray()
#22 D:/Codingan/random/_client_projects/pos_tb_nur/webapp/vendor/laravel/framework/src/Illuminate/Database/Eloquent/Model.php(1781): Illuminate/Database/Eloquent/Model->relationsToArray()
#23 [internal function]: Illuminate/Database/Eloquent/Model->Illuminate/Database/Eloquent/{closure}()
#24 D:/Codingan/random/_client_projects/pos_tb_nur/webapp/vendor/laravel/framework/src/Illuminate/Database/Eloquent/Concerns/PreventsCircularRecursion.php(46): call_user_func(Object(Closure))
#25 D:/Codingan/random/_client_projects/pos_tb_nur/webapp/vendor/laravel/framework/src/Illuminate/Database/Eloquent/Model.php(1780): Illuminate/Database/Eloquent/Model->withoutRecursion(Object(Closure), Object(Closure))
#26 D:/Codingan/random/_client_projects/pos_tb_nur/webapp/vendor/laravel/framework/src/Illuminate/Database/Eloquent/Model.php(1825): Illuminate/Database/Eloquent/Model->toArray()
#27 [internal function]: Illuminate/Database/Eloquent/Model->jsonSerialize()
#28 D:/Codingan/random/_client_projects/pos_tb_nur/webapp/vendor/laravel/framework/src/Illuminate/Http/JsonResponse.php(87): json_encode(Array, 0)
#29 D:/Codingan/random/_client_projects/pos_tb_nur/webapp/vendor/symfony/http-foundation/JsonResponse.php(49): Illuminate/Http/JsonResponse->setData(Array)
#30 D:/Codingan/random/_client_projects/pos_tb_nur/webapp/vendor/laravel/framework/src/Illuminate/Http/JsonResponse.php(31): Symfony/Component/HttpFoundation/JsonResponse->__construct(Array, 201, Array, false)
#31 D:/Codingan/random/_client_projects/pos_tb_nur/webapp/vendor/laravel/framework/src/Illuminate/Routing/ResponseFactory.php(105): Illuminate/Http/JsonResponse->__construct(Array, 201, Array, 0)
#32 D:/Codingan/random/_client_projects/pos_tb_nur/webapp/app/Http/Controllers/Api/BackendResourceController.php(89): Illuminate/Routing/ResponseFactory->json(Array, 201)
#33 D:/Codingan/random/_client_projects/pos_tb_nur/webapp/vendor/laravel/framework/src/Illuminate/Routing/ControllerDispatcher.php(46): App/Http/Controllers/Api/BackendResourceController->store(Object(App/Http/Requests/Api/Backend/BackendResourceStoreRequest), 'goods-receipts')
#34 D:/Codingan/random/_client_projects/pos_tb_nur/webapp/vendor/laravel/framework/src/Illuminate/Routing/Route.php(265): Illuminate/Routing/ControllerDispatcher->dispatch(Object(Illuminate/Routing/Route), Object(App/Http/Controllers/Api/BackendResourceController), 'store')
#35 D:/Codingan/random/_client_projects/pos_tb_nur/webapp/vendor/laravel/framework/src/Illuminate/Routing/Route.php(211): Illuminate/Routing/Route->runController()
#36 D:/Codingan/random/_client_projects/pos_tb_nur/webapp/vendor/laravel/framework/src/Illuminate/Routing/Router.php(822): Illuminate/Routing/Route->run()
#37 D:/Codingan/random/_client_projects/pos_tb_nur/webapp/vendor/laravel/framework/src/Illuminate/Pipeline/Pipeline.php(180): Illuminate/Routing/Router->Illuminate/Routing/{closure}(Object(Illuminate/Http/Request))
#38 D:/Codingan/random/_client_projects/pos_tb_nur/webapp/app/Http/Middleware/SecureHeaders.php(16): Illuminate/Pipeline/Pipeline->Illuminate/Pipeline/{closure}(Object(Illuminate/Http/Request))
#39 D:/Codingan/random/_client_projects/pos_tb_nur/webapp/vendor/laravel/framework/src/Illuminate/Pipeline/Pipeline.php(219): App/Http/Middleware/SecureHeaders->handle(Object(Illuminate/Http/Request), Object(Closure))
#40 D:/Codingan/random/_client_projects/pos_tb_nur/webapp/vendor/inertiajs/inertia-laravel/src/Middleware.php(138): Illuminate/Pipeline/Pipeline->Illuminate/Pipeline/{closure}(Object(Illuminate/Http/Request))
#41 D:/Codingan/random/_client_projects/pos_tb_nur/webapp/vendor/laravel/framework/src/Illuminate/Pipeline/Pipeline.php(219): Inertia/Middleware->handle(Object(Illuminate/Http/Request), Object(Closure))
#42 D:/Codingan/random/_client_projects/pos_tb_nur/webapp/vendor/laravel/framework/src/Illuminate/Foundation/Http/Middleware/VerifyCsrfToken.php(87): Illuminate/Pipeline/Pipeline->Illuminate/Pipeline/{closure}(Object(Illuminate/Http/Request))
#43 D:/Codingan/random/_client_projects/pos_tb_nur/webapp/vendor/laravel/framework/src/Illuminate/Pipeline/Pipeline.php(219): Illuminate/Foundation/Http/Middleware/VerifyCsrfToken->handle(Object(Illuminate/Http/Request), Object(Closure))
#44 D:/Codingan/random/_client_projects/pos_tb_nur/webapp/vendor/laravel/framework/src/Illuminate/Routing/Middleware/SubstituteBindings.php(50): Illuminate/Pipeline/Pipeline->Illuminate/Pipeline/{closure}(Object(Illuminate/Http/Request))
#45 D:/Codingan/random/_client_projects/pos_tb_nur/webapp/vendor/laravel/framework/src/Illuminate/Pipeline/Pipeline.php(219): Illuminate/Routing/Middleware/SubstituteBindings->handle(Object(Illuminate/Http/Request), Object(Closure))
#46 D:/Codingan/random/_client_projects/pos_tb_nur/webapp/vendor/laravel/framework/src/Illuminate/Routing/Middleware/ThrottleRequests.php(166): Illuminate/Pipeline/Pipeline->Illuminate/Pipeline/{closure}(Object(Illuminate/Http/Request))
#47 D:/Codingan/random/_client_projects/pos_tb_nur/webapp/vendor/laravel/framework/src/Illuminate/Routing/Middleware/ThrottleRequests.php(129): Illuminate/Routing/Middleware/ThrottleRequests->handleRequest(Object(Illuminate/Http/Request), Object(Closure), Array)
#48 D:/Codingan/random/_client_projects/pos_tb_nur/webapp/vendor/laravel/framework/src/Illuminate/Routing/Middleware/ThrottleRequests.php(90): Illuminate/Routing/Middleware/ThrottleRequests->handleRequestUsingNamedLimiter(Object(Illuminate/Http/Request), Object(Closure), 'api', Object(Closure))
#49 D:/Codingan/random/_client_projects/pos_tb_nur/webapp/vendor/laravel/framework/src/Illuminate/Pipeline/Pipeline.php(219): Illuminate/Routing/Middleware/ThrottleRequests->handle(Object(Illuminate/Http/Request), Object(Closure), 'api')
#50 D:/Codingan/random/_client_projects/pos_tb_nur/webapp/vendor/laravel/framework/src/Illuminate/Auth/Middleware/Authenticate.php(63): Illuminate/Pipeline/Pipeline->Illuminate/Pipeline/{closure}(Object(Illuminate/Http/Request))
#51 D:/Codingan/random/_client_projects/pos_tb_nur/webapp/vendor/laravel/framework/src/Illuminate/Pipeline/Pipeline.php(219): Illuminate/Auth/Middleware/Authenticate->handle(Object(Illuminate/Http/Request), Object(Closure))
#52 D:/Codingan/random/_client_projects/pos_tb_nur/webapp/vendor/laravel/framework/src/Illuminate/View/Middleware/ShareErrorsFromSession.php(48): Illuminate/Pipeline/Pipeline->Illuminate/Pipeline/{closure}(Object(Illuminate/Http/Request))
#53 D:/Codingan/random/_client_projects/pos_tb_nur/webapp/vendor/laravel/framework/src/Illuminate/Pipeline/Pipeline.php(219): Illuminate/View/Middleware/ShareErrorsFromSession->handle(Object(Illuminate/Http/Request), Object(Closure))
#54 D:/Codingan/random/_client_projects/pos_tb_nur/webapp/vendor/laravel/framework/src/Illuminate/Session/Middleware/StartSession.php(120): Illuminate/Pipeline/Pipeline->Illuminate/Pipeline/{closure}(Object(Illuminate/Http/Request))
#55 D:/Codingan/random/_client_projects/pos_tb_nur/webapp/vendor/laravel/framework/src/Illuminate/Session/Middleware/StartSession.php(63): Illuminate/Session/Middleware/StartSession->handleStatefulRequest(Object(Illuminate/Http/Request), Object(Illuminate/Session/Store), Object(Closure))
#56 D:/Codingan/random/_client_projects/pos_tb_nur/webapp/vendor/laravel/framework/src/Illuminate/Pipeline/Pipeline.php(219): Illuminate/Session/Middleware/StartSession->handle(Object(Illuminate/Http/Request), Object(Closure))
#57 D:/Codingan/random/_client_projects/pos_tb_nur/webapp/vendor/laravel/framework/src/Illuminate/Cookie/Middleware/AddQueuedCookiesToResponse.php(36): Illuminate/Pipeline/Pipeline->Illuminate/Pipeline/{closure}(Object(Illuminate/Http/Request))
#58 D:/Codingan/random/_client_projects/pos_tb_nur/webapp/vendor/laravel/framework/src/Illuminate/Pipeline/Pipeline.php(219): Illuminate/Cookie/Middleware/AddQueuedCookiesToResponse->handle(Object(Illuminate/Http/Request), Object(Closure))
#59 D:/Codingan/random/_client_projects/pos_tb_nur/webapp/vendor/laravel/framework/src/Illuminate/Cookie/Middleware/EncryptCookies.php(74): Illuminate/Pipeline/Pipeline->Illuminate/Pipeline/{closure}(Object(Illuminate/Http/Request))
#60 D:/Codingan/random/_client_projects/pos_tb_nur/webapp/vendor/laravel/framework/src/Illuminate/Pipeline/Pipeline.php(219): Illuminate/Cookie/Middleware/EncryptCookies->handle(Object(Illuminate/Http/Request), Object(Closure))
#61 D:/Codingan/random/_client_projects/pos_tb_nur/webapp/vendor/laravel/framework/src/Illuminate/Pipeline/Pipeline.php(137): Illuminate/Pipeline/Pipeline->Illuminate/Pipeline/{closure}(Object(Illuminate/Http/Request))
#62 D:/Codingan/random/_client_projects/pos_tb_nur/webapp/vendor/laravel/framework/src/Illuminate/Routing/Router.php(821): Illuminate/Pipeline/Pipeline->then(Object(Closure))
#63 D:/Codingan/random/_client_projects/pos_tb_nur/webapp/vendor/laravel/framework/src/Illuminate/Routing/Router.php(800): Illuminate/Routing/Router->runRouteWithinStack(Object(Illuminate/Routing/Route), Object(Illuminate/Http/Request))
#64 D:/Codingan/random/_client_projects/pos_tb_nur/webapp/vendor/laravel/framework/src/Illuminate/Routing/Router.php(764): Illuminate/Routing/Router->runRoute(Object(Illuminate/Http/Request), Object(Illuminate/Routing/Route))
#65 D:/Codingan/random/_client_projects/pos_tb_nur/webapp/vendor/laravel/framework/src/Illuminate/Routing/Router.php(753): Illuminate/Routing/Router->dispatchToRoute(Object(Illuminate/Http/Request))
#66 D:/Codingan/random/_client_projects/pos_tb_nur/webapp/vendor/laravel/framework/src/Illuminate/Foundation/Http/Kernel.php(200): Illuminate/Routing/Router->dispatch(Object(Illuminate/Http/Request))
#67 D:/Codingan/random/_client_projects/pos_tb_nur/webapp/vendor/laravel/framework/src/Illuminate/Pipeline/Pipeline.php(180): Illuminate/Foundation/Http/Kernel->Illuminate/Foundation/Http/{closure}(Object(Illuminate/Http/Request))
#68 D:/Codingan/random/_client_projects/pos_tb_nur/webapp/vendor/inertiajs/inertia-laravel/src/Middleware/EnsureGetOnRedirect.php(19): Illuminate/Pipeline/Pipeline->Illuminate/Pipeline/{closure}(Object(Illuminate/Http/Request))
#69 D:/Codingan/random/_client_projects/pos_tb_nur/webapp/vendor/laravel/framework/src/Illuminate/Pipeline/Pipeline.php(219): Inertia/Middleware/EnsureGetOnRedirect->handle(Object(Illuminate/Http/Request), Object(Closure))
#70 D:/Codingan/random/_client_projects/pos_tb_nur/webapp/vendor/laravel/framework/src/Illuminate/Foundation/Http/Middleware/TransformsRequest.php(21): Illuminate/Pipeline/Pipeline->Illuminate/Pipeline/{closure}(Object(Illuminate/Http/Request))
#71 D:/Codingan/random/_client_projects/pos_tb_nur/webapp/vendor/laravel/framework/src/Illuminate/Foundation/Http/Middleware/ConvertEmptyStringsToNull.php(31): Illuminate/Foundation/Http/Middleware/TransformsRequest->handle(Object(Illuminate/Http/Request), Object(Closure))
#72 D:/Codingan/random/_client_projects/pos_tb_nur/webapp/vendor/laravel/framework/src/Illuminate/Pipeline/Pipeline.php(219): Illuminate/Foundation/Http/Middleware/ConvertEmptyStringsToNull->handle(Object(Illuminate/Http/Request), Object(Closure))
#73 D:/Codingan/random/_client_projects/pos_tb_nur/webapp/vendor/laravel/framework/src/Illuminate/Foundation/Http/Middleware/TransformsRequest.php(21): Illuminate/Pipeline/Pipeline->Illuminate/Pipeline/{closure}(Object(Illuminate/Http/Request))
#74 D:/Codingan/random/_client_projects/pos_tb_nur/webapp/vendor/laravel/framework/src/Illuminate/Foundation/Http/Middleware/TrimStrings.php(51): Illuminate/Foundation/Http/Middleware/TransformsRequest->handle(Object(Illuminate/Http/Request), Object(Closure))
#75 D:/Codingan/random/_client_projects/pos_tb_nur/webapp/vendor/laravel/framework/src/Illuminate/Pipeline/Pipeline.php(219): Illuminate/Foundation/Http/Middleware/TrimStrings->handle(Object(Illuminate/Http/Request), Object(Closure))
#76 D:/Codingan/random/_client_projects/pos_tb_nur/webapp/vendor/laravel/framework/src/Illuminate/Http/Middleware/ValidatePostSize.php(27): Illuminate/Pipeline/Pipeline->Illuminate/Pipeline/{closure}(Object(Illuminate/Http/Request))
#77 D:/Codingan/random/_client_projects/pos_tb_nur/webapp/vendor/laravel/framework/src/Illuminate/Pipeline/Pipeline.php(219): Illuminate/Http/Middleware/ValidatePostSize->handle(Object(Illuminate/Http/Request), Object(Closure))
#78 D:/Codingan/random/_client_projects/pos_tb_nur/webapp/vendor/laravel/framework/src/Illuminate/Foundation/Http/Middleware/PreventRequestsDuringMaintenance.php(109): Illuminate/Pipeline/Pipeline->Illuminate/Pipeline/{closure}(Object(Illuminate/Http/Request))
#79 D:/Codingan/random/_client_projects/pos_tb_nur/webapp/vendor/laravel/framework/src/Illuminate/Pipeline/Pipeline.php(219): Illuminate/Foundation/Http/Middleware/PreventRequestsDuringMaintenance->handle(Object(Illuminate/Http/Request), Object(Closure))
#80 D:/Codingan/random/_client_projects/pos_tb_nur/webapp/vendor/laravel/framework/src/Illuminate/Http/Middleware/HandleCors.php(74): Illuminate/Pipeline/Pipeline->Illuminate/Pipeline/{closure}(Object(Illuminate/Http/Request))
#81 D:/Codingan/random/_client_projects/pos_tb_nur/webapp/vendor/laravel/framework/src/Illuminate/Pipeline/Pipeline.php(219): Illuminate/Http/Middleware/HandleCors->handle(Object(Illuminate/Http/Request), Object(Closure))
#82 D:/Codingan/random/_client_projects/pos_tb_nur/webapp/vendor/laravel/framework/src/Illuminate/Http/Middleware/TrustProxies.php(58): Illuminate/Pipeline/Pipeline->Illuminate/Pipeline/{closure}(Object(Illuminate/Http/Request))
#83 D:/Codingan/random/_client_projects/pos_tb_nur/webapp/vendor/laravel/framework/src/Illuminate/Pipeline/Pipeline.php(219): Illuminate/Http/Middleware/TrustProxies->handle(Object(Illuminate/Http/Request), Object(Closure))
#84 D:/Codingan/random/_client_projects/pos_tb_nur/webapp/vendor/laravel/framework/src/Illuminate/Foundation/Http/Middleware/InvokeDeferredCallbacks.php(22): Illuminate/Pipeline/Pipeline->Illuminate/Pipeline/{closure}(Object(Illuminate/Http/Request))
#85 D:/Codingan/random/_client_projects/pos_tb_nur/webapp/vendor/laravel/framework/src/Illuminate/Pipeline/Pipeline.php(219): Illuminate/Foundation/Http/Middleware/InvokeDeferredCallbacks->handle(Object(Illuminate/Http/Request), Object(Closure))
#86 D:/Codingan/random/_client_projects/pos_tb_nur/webapp/vendor/laravel/framework/src/Illuminate/Http/Middleware/ValidatePathEncoding.php(26): Illuminate/Pipeline/Pipeline->Illuminate/Pipeline/{closure}(Object(Illuminate/Http/Request))
#87 D:/Codingan/random/_client_projects/pos_tb_nur/webapp/vendor/laravel/framework/src/Illuminate/Pipeline/Pipeline.php(219): Illuminate/Http/Middleware/ValidatePathEncoding->handle(Object(Illuminate/Http/Request), Object(Closure))
#88 D:/Codingan/random/_client_projects/pos_tb_nur/webapp/vendor/laravel/framework/src/Illuminate/Pipeline/Pipeline.php(137): Illuminate/Pipeline/Pipeline->Illuminate/Pipeline/{closure}(Object(Illuminate/Http/Request))
#89 D:/Codingan/random/_client_projects/pos_tb_nur/webapp/vendor/laravel/framework/src/Illuminate/Foundation/Http/Kernel.php(175): Illuminate/Pipeline/Pipeline->then(Object(Closure))
#90 D:/Codingan/random/_client_projects/pos_tb_nur/webapp/vendor/laravel/framework/src/Illuminate/Foundation/Http/Kernel.php(144): Illuminate/Foundation/Http/Kernel->sendRequestThroughRouter(Object(Illuminate/Http/Request))
#91 D:/Codingan/random/_client_projects/pos_tb_nur/webapp/vendor/laravel/framework/src/Illuminate/Foundation/Testing/Concerns/MakesHttpRequests.php(607): Illuminate/Foundation/Http/Kernel->handle(Object(Illuminate/Http/Request))
#92 D:/Codingan/random/_client_projects/pos_tb_nur/webapp/vendor/laravel/framework/src/Illuminate/Foundation/Testing/Concerns/MakesHttpRequests.php(573): Illuminate/Foundation/Testing/TestCase->call('POST', '/api/backend/go...', Array, Array, Array, Array, '{\"warehouse_id\"...')
#93 D:/Codingan/random/_client_projects/pos_tb_nur/webapp/vendor/laravel/framework/src/Illuminate/Foundation/Testing/Concerns/MakesHttpRequests.php(411): Illuminate/Foundation/Testing/TestCase->json('POST', '/api/backend/go...', Array, Array, 0)
#94 D:/Codingan/random/_client_projects/pos_tb_nur/webapp/tests/Feature/InventoryCostingTest.php(92): Illuminate/Foundation/Testing/TestCase->postJson('/api/backend/go...', Array)
#95 D:/Codingan/random/_client_projects/pos_tb_nur/webapp/vendor/phpunit/phpunit/src/Framework/TestCase.php(1667): Tests/Feature/InventoryCostingTest->test_goods_receipt_creates_inventory_batches()
#96 D:/Codingan/random/_client_projects/pos_tb_nur/webapp/vendor/phpunit/phpunit/src/Framework/TestCase.php(519): PHPUnit/Framework/TestCase->runTest()
#97 D:/Codingan/random/_client_projects/pos_tb_nur/webapp/vendor/phpunit/phpunit/src/Framework/TestRunner/TestRunner.php(87): PHPUnit/Framework/TestCase->runBare()
#98 D:/Codingan/random/_client_projects/pos_tb_nur/webapp/vendor/phpunit/phpunit/src/Framework/TestCase.php(365): PHPUnit/Framework/TestRunner->run(Object(Tests/Feature/InventoryCostingTest))
#99 D:/Codingan/random/_client_projects/pos_tb_nur/webapp/vendor/phpunit/phpunit/src/Framework/TestSuite.php(369): PHPUnit/Framework/TestCase->run()
#100 D:/Codingan/random/_client_projects/pos_tb_nur/webapp/vendor/phpunit/phpunit/src/Framework/TestSuite.php(369): PHPUnit/Framework/TestSuite->run()
#101 D:/Codingan/random/_client_projects/pos_tb_nur/webapp/vendor/phpunit/phpunit/src/Framework/TestSuite.php(369): PHPUnit/Framework/TestSuite->run()
#102 D:/Codingan/random/_client_projects/pos_tb_nur/webapp/vendor/phpunit/phpunit/src/TextUI/TestRunner.php(64): PHPUnit/Framework/TestSuite->run()
#103 D:/Codingan/random/_client_projects/pos_tb_nur/webapp/vendor/phpunit/phpunit/src/TextUI/Application.php(211): PHPUnit/TextUI/TestRunner->run(Object(PHPUnit/TextUI/Configuration/Configuration), Object(PHPUnit/Runner/ResultCache/DefaultResultCache), Object(PHPUnit/Framework/TestSuite))
#104 D:/Codingan/random/_client_projects/pos_tb_nur/webapp/vendor/phpunit/phpunit/phpunit(104): PHPUnit/TextUI/Application->run(Array)
#105 {main}
"} 
[2026-07-31 17:44:59] testing.ERROR: Call to undefined method App\Domain\Catalog\Models\Product::supplierPrices() {"userId":1,"exception":"[object] (BadMethodCallException(code: 0): Call to undefined method App\\Domain\\Catalog\\Models\\Product::supplierPrices() at D:/Codingan/random/_client_projects/pos_tb_nur/webapp/vendor/laravel/framework/src/Illuminate/Support/Traits/ForwardsCalls.php:67)
[stacktrace]
#0 D:/Codingan/random/_client_projects/pos_tb_nur/webapp/vendor/laravel/framework/src/Illuminate/Support/Traits/ForwardsCalls.php(36): Illuminate/Database/Eloquent/Model::throwBadMethodCallException('supplierPrices')
#1 D:/Codingan/random/_client_projects/pos_tb_nur/webapp/vendor/laravel/framework/src/Illuminate/Database/Eloquent/Model.php(2540): Illuminate/Database/Eloquent/Model->forwardCallTo(Object(Illuminate/Database/Eloquent/Builder), 'supplierPrices', Array)
#2 D:/Codingan/random/_client_projects/pos_tb_nur/webapp/app/Domain/Catalog/Models/Product.php(48): Illuminate/Database/Eloquent/Model->__call('supplierPrices', Array)
#3 D:/Codingan/random/_client_projects/pos_tb_nur/webapp/vendor/laravel/framework/src/Illuminate/Database/Eloquent/Concerns/HasAttributes.php(717): App/Domain/Catalog/Models/Product->getMainSupplierAttribute(NULL)
#4 D:/Codingan/random/_client_projects/pos_tb_nur/webapp/vendor/laravel/framework/src/Illuminate/Database/Eloquent/Concerns/HasAttributes.php(769): Illuminate/Database/Eloquent/Model->mutateAttribute('main_supplier', NULL)
#5 D:/Codingan/random/_client_projects/pos_tb_nur/webapp/vendor/laravel/framework/src/Illuminate/Database/Eloquent/Concerns/HasAttributes.php(239): Illuminate/Database/Eloquent/Model->mutateAttributeForArray('main_supplier', NULL)
#6 D:/Codingan/random/_client_projects/pos_tb_nur/webapp/vendor/laravel/framework/src/Illuminate/Database/Eloquent/Model.php(1781): Illuminate/Database/Eloquent/Model->attributesToArray()
#7 [internal function]: Illuminate/Database/Eloquent/Model->Illuminate/Database/Eloquent/{closure}()
#8 D:/Codingan/random/_client_projects/pos_tb_nur/webapp/vendor/laravel/framework/src/Illuminate/Database/Eloquent/Concerns/PreventsCircularRecursion.php(46): call_user_func(Object(Closure))
#9 D:/Codingan/random/_client_projects/pos_tb_nur/webapp/vendor/laravel/framework/src/Illuminate/Database/Eloquent/Model.php(1780): Illuminate/Database/Eloquent/Model->withoutRecursion(Object(Closure), Object(Closure))
#10 D:/Codingan/random/_client_projects/pos_tb_nur/webapp/vendor/laravel/framework/src/Illuminate/Database/Eloquent/Concerns/HasAttributes.php(389): Illuminate/Database/Eloquent/Model->toArray()
#11 D:/Codingan/random/_client_projects/pos_tb_nur/webapp/vendor/laravel/framework/src/Illuminate/Database/Eloquent/Model.php(1781): Illuminate/Database/Eloquent/Model->relationsToArray()
#12 [internal function]: Illuminate/Database/Eloquent/Model->Illuminate/Database/Eloquent/{closure}()
#13 D:/Codingan/random/_client_projects/pos_tb_nur/webapp/vendor/laravel/framework/src/Illuminate/Database/Eloquent/Concerns/PreventsCircularRecursion.php(46): call_user_func(Object(Closure))
#14 D:/Codingan/random/_client_projects/pos_tb_nur/webapp/vendor/laravel/framework/src/Illuminate/Database/Eloquent/Model.php(1780): Illuminate/Database/Eloquent/Model->withoutRecursion(Object(Closure), Object(Closure))
#15 D:/Codingan/random/_client_projects/pos_tb_nur/webapp/vendor/laravel/framework/src/Illuminate/Collections/Traits/EnumeratesValues.php(978): Illuminate/Database/Eloquent/Model->toArray()
#16 [internal function]: Illuminate/Support/Collection->Illuminate/Support/Traits/{closure}(Object(App/Domain/Support/Models/OperationDocumentLine), 0)
#17 D:/Codingan/random/_client_projects/pos_tb_nur/webapp/vendor/laravel/framework/src/Illuminate/Collections/Arr.php(841): array_map(Object(Closure), Array, Array)
#18 D:/Codingan/random/_client_projects/pos_tb_nur/webapp/vendor/laravel/framework/src/Illuminate/Collections/Collection.php(829): Illuminate/Support/Arr::map(Array, Object(Closure))
#19 D:/Codingan/random/_client_projects/pos_tb_nur/webapp/vendor/laravel/framework/src/Illuminate/Database/Eloquent/Collection.php(421): Illuminate/Support/Collection->map(Object(Closure))
#20 D:/Codingan/random/_client_projects/pos_tb_nur/webapp/vendor/laravel/framework/src/Illuminate/Collections/Traits/EnumeratesValues.php(978): Illuminate/Database/Eloquent/Collection->map(Object(Closure))
#21 D:/Codingan/random/_client_projects/pos_tb_nur/webapp/vendor/laravel/framework/src/Illuminate/Database/Eloquent/Concerns/HasAttributes.php(389): Illuminate/Support/Collection->toArray()
#22 D:/Codingan/random/_client_projects/pos_tb_nur/webapp/vendor/laravel/framework/src/Illuminate/Database/Eloquent/Model.php(1781): Illuminate/Database/Eloquent/Model->relationsToArray()
#23 [internal function]: Illuminate/Database/Eloquent/Model->Illuminate/Database/Eloquent/{closure}()
#24 D:/Codingan/random/_client_projects/pos_tb_nur/webapp/vendor/laravel/framework/src/Illuminate/Database/Eloquent/Concerns/PreventsCircularRecursion.php(46): call_user_func(Object(Closure))
#25 D:/Codingan/random/_client_projects/pos_tb_nur/webapp/vendor/laravel/framework/src/Illuminate/Database/Eloquent/Model.php(1780): Illuminate/Database/Eloquent/Model->withoutRecursion(Object(Closure), Object(Closure))
#26 D:/Codingan/random/_client_projects/pos_tb_nur/webapp/vendor/laravel/framework/src/Illuminate/Database/Eloquent/Model.php(1825): Illuminate/Database/Eloquent/Model->toArray()
#27 [internal function]: Illuminate/Database/Eloquent/Model->jsonSerialize()
#28 D:/Codingan/random/_client_projects/pos_tb_nur/webapp/vendor/laravel/framework/src/Illuminate/Http/JsonResponse.php(87): json_encode(Array, 0)
#29 D:/Codingan/random/_client_projects/pos_tb_nur/webapp/vendor/symfony/http-foundation/JsonResponse.php(49): Illuminate/Http/JsonResponse->setData(Array)
#30 D:/Codingan/random/_client_projects/pos_tb_nur/webapp/vendor/laravel/framework/src/Illuminate/Http/JsonResponse.php(31): Symfony/Component/HttpFoundation/JsonResponse->__construct(Array, 201, Array, false)
#31 D:/Codingan/random/_client_projects/pos_tb_nur/webapp/vendor/laravel/framework/src/Illuminate/Routing/ResponseFactory.php(105): Illuminate/Http/JsonResponse->__construct(Array, 201, Array, 0)
#32 D:/Codingan/random/_client_projects/pos_tb_nur/webapp/app/Http/Controllers/Api/BackendResourceController.php(89): Illuminate/Routing/ResponseFactory->json(Array, 201)
#33 D:/Codingan/random/_client_projects/pos_tb_nur/webapp/vendor/laravel/framework/src/Illuminate/Routing/ControllerDispatcher.php(46): App/Http/Controllers/Api/BackendResourceController->store(Object(App/Http/Requests/Api/Backend/BackendResourceStoreRequest), 'goods-receipts')
#34 D:/Codingan/random/_client_projects/pos_tb_nur/webapp/vendor/laravel/framework/src/Illuminate/Routing/Route.php(265): Illuminate/Routing/ControllerDispatcher->dispatch(Object(Illuminate/Routing/Route), Object(App/Http/Controllers/Api/BackendResourceController), 'store')
#35 D:/Codingan/random/_client_projects/pos_tb_nur/webapp/vendor/laravel/framework/src/Illuminate/Routing/Route.php(211): Illuminate/Routing/Route->runController()
#36 D:/Codingan/random/_client_projects/pos_tb_nur/webapp/vendor/laravel/framework/src/Illuminate/Routing/Router.php(822): Illuminate/Routing/Route->run()
#37 D:/Codingan/random/_client_projects/pos_tb_nur/webapp/vendor/laravel/framework/src/Illuminate/Pipeline/Pipeline.php(180): Illuminate/Routing/Router->Illuminate/Routing/{closure}(Object(Illuminate/Http/Request))
#38 D:/Codingan/random/_client_projects/pos_tb_nur/webapp/app/Http/Middleware/SecureHeaders.php(16): Illuminate/Pipeline/Pipeline->Illuminate/Pipeline/{closure}(Object(Illuminate/Http/Request))
#39 D:/Codingan/random/_client_projects/pos_tb_nur/webapp/vendor/laravel/framework/src/Illuminate/Pipeline/Pipeline.php(219): App/Http/Middleware/SecureHeaders->handle(Object(Illuminate/Http/Request), Object(Closure))
#40 D:/Codingan/random/_client_projects/pos_tb_nur/webapp/vendor/inertiajs/inertia-laravel/src/Middleware.php(138): Illuminate/Pipeline/Pipeline->Illuminate/Pipeline/{closure}(Object(Illuminate/Http/Request))
#41 D:/Codingan/random/_client_projects/pos_tb_nur/webapp/vendor/laravel/framework/src/Illuminate/Pipeline/Pipeline.php(219): Inertia/Middleware->handle(Object(Illuminate/Http/Request), Object(Closure))
#42 D:/Codingan/random/_client_projects/pos_tb_nur/webapp/vendor/laravel/framework/src/Illuminate/Foundation/Http/Middleware/VerifyCsrfToken.php(87): Illuminate/Pipeline/Pipeline->Illuminate/Pipeline/{closure}(Object(Illuminate/Http/Request))
#43 D:/Codingan/random/_client_projects/pos_tb_nur/webapp/vendor/laravel/framework/src/Illuminate/Pipeline/Pipeline.php(219): Illuminate/Foundation/Http/Middleware/VerifyCsrfToken->handle(Object(Illuminate/Http/Request), Object(Closure))
#44 D:/Codingan/random/_client_projects/pos_tb_nur/webapp/vendor/laravel/framework/src/Illuminate/Routing/Middleware/SubstituteBindings.php(50): Illuminate/Pipeline/Pipeline->Illuminate/Pipeline/{closure}(Object(Illuminate/Http/Request))
#45 D:/Codingan/random/_client_projects/pos_tb_nur/webapp/vendor/laravel/framework/src/Illuminate/Pipeline/Pipeline.php(219): Illuminate/Routing/Middleware/SubstituteBindings->handle(Object(Illuminate/Http/Request), Object(Closure))
#46 D:/Codingan/random/_client_projects/pos_tb_nur/webapp/vendor/laravel/framework/src/Illuminate/Routing/Middleware/ThrottleRequests.php(166): Illuminate/Pipeline/Pipeline->Illuminate/Pipeline/{closure}(Object(Illuminate/Http/Request))
#47 D:/Codingan/random/_client_projects/pos_tb_nur/webapp/vendor/laravel/framework/src/Illuminate/Routing/Middleware/ThrottleRequests.php(129): Illuminate/Routing/Middleware/ThrottleRequests->handleRequest(Object(Illuminate/Http/Request), Object(Closure), Array)
#48 D:/Codingan/random/_client_projects/pos_tb_nur/webapp/vendor/laravel/framework/src/Illuminate/Routing/Middleware/ThrottleRequests.php(90): Illuminate/Routing/Middleware/ThrottleRequests->handleRequestUsingNamedLimiter(Object(Illuminate/Http/Request), Object(Closure), 'api', Object(Closure))
#49 D:/Codingan/random/_client_projects/pos_tb_nur/webapp/vendor/laravel/framework/src/Illuminate/Pipeline/Pipeline.php(219): Illuminate/Routing/Middleware/ThrottleRequests->handle(Object(Illuminate/Http/Request), Object(Closure), 'api')
#50 D:/Codingan/random/_client_projects/pos_tb_nur/webapp/vendor/laravel/framework/src/Illuminate/Auth/Middleware/Authenticate.php(63): Illuminate/Pipeline/Pipeline->Illuminate/Pipeline/{closure}(Object(Illuminate/Http/Request))
#51 D:/Codingan/random/_client_projects/pos_tb_nur/webapp/vendor/laravel/framework/src/Illuminate/Pipeline/Pipeline.php(219): Illuminate/Auth/Middleware/Authenticate->handle(Object(Illuminate/Http/Request), Object(Closure))
#52 D:/Codingan/random/_client_projects/pos_tb_nur/webapp/vendor/laravel/framework/src/Illuminate/View/Middleware/ShareErrorsFromSession.php(48): Illuminate/Pipeline/Pipeline->Illuminate/Pipeline/{closure}(Object(Illuminate/Http/Request))
#53 D:/Codingan/random/_client_projects/pos_tb_nur/webapp/vendor/laravel/framework/src/Illuminate/Pipeline/Pipeline.php(219): Illuminate/View/Middleware/ShareErrorsFromSession->handle(Object(Illuminate/Http/Request), Object(Closure))
#54 D:/Codingan/random/_client_projects/pos_tb_nur/webapp/vendor/laravel/framework/src/Illuminate/Session/Middleware/StartSession.php(120): Illuminate/Pipeline/Pipeline->Illuminate/Pipeline/{closure}(Object(Illuminate/Http/Request))
#55 D:/Codingan/random/_client_projects/pos_tb_nur/webapp/vendor/laravel/framework/src/Illuminate/Session/Middleware/StartSession.php(63): Illuminate/Session/Middleware/StartSession->handleStatefulRequest(Object(Illuminate/Http/Request), Object(Illuminate/Session/Store), Object(Closure))
#56 D:/Codingan/random/_client_projects/pos_tb_nur/webapp/vendor/laravel/framework/src/Illuminate/Pipeline/Pipeline.php(219): Illuminate/Session/Middleware/StartSession->handle(Object(Illuminate/Http/Request), Object(Closure))
#57 D:/Codingan/random/_client_projects/pos_tb_nur/webapp/vendor/laravel/framework/src/Illuminate/Cookie/Middleware/AddQueuedCookiesToResponse.php(36): Illuminate/Pipeline/Pipeline->Illuminate/Pipeline/{closure}(Object(Illuminate/Http/Request))
#58 D:/Codingan/random/_client_projects/pos_tb_nur/webapp/vendor/laravel/framework/src/Illuminate/Pipeline/Pipeline.php(219): Illuminate/Cookie/Middleware/AddQueuedCookiesToResponse->handle(Object(Illuminate/Http/Request), Object(Closure))
#59 D:/Codingan/random/_client_projects/pos_tb_nur/webapp/vendor/laravel/framework/src/Illuminate/Cookie/Middleware/EncryptCookies.php(74): Illuminate/Pipeline/Pipeline->Illuminate/Pipeline/{closure}(Object(Illuminate/Http/Request))
#60 D:/Codingan/random/_client_projects/pos_tb_nur/webapp/vendor/laravel/framework/src/Illuminate/Pipeline/Pipeline.php(219): Illuminate/Cookie/Middleware/EncryptCookies->handle(Object(Illuminate/Http/Request), Object(Closure))
#61 D:/Codingan/random/_client_projects/pos_tb_nur/webapp/vendor/laravel/framework/src/Illuminate/Pipeline/Pipeline.php(137): Illuminate/Pipeline/Pipeline->Illuminate/Pipeline/{closure}(Object(Illuminate/Http/Request))
#62 D:/Codingan/random/_client_projects/pos_tb_nur/webapp/vendor/laravel/framework/src/Illuminate/Routing/Router.php(821): Illuminate/Pipeline/Pipeline->then(Object(Closure))
#63 D:/Codingan/random/_client_projects/pos_tb_nur/webapp/vendor/laravel/framework/src/Illuminate/Routing/Router.php(800): Illuminate/Routing/Router->runRouteWithinStack(Object(Illuminate/Routing/Route), Object(Illuminate/Http/Request))
#64 D:/Codingan/random/_client_projects/pos_tb_nur/webapp/vendor/laravel/framework/src/Illuminate/Routing/Router.php(764): Illuminate/Routing/Router->runRoute(Object(Illuminate/Http/Request), Object(Illuminate/Routing/Route))
#65 D:/Codingan/random/_client_projects/pos_tb_nur/webapp/vendor/laravel/framework/src/Illuminate/Routing/Router.php(753): Illuminate/Routing/Router->dispatchToRoute(Object(Illuminate/Http/Request))
#66 D:/Codingan/random/_client_projects/pos_tb_nur/webapp/vendor/laravel/framework/src/Illuminate/Foundation/Http/Kernel.php(200): Illuminate/Routing/Router->dispatch(Object(Illuminate/Http/Request))
#67 D:/Codingan/random/_client_projects/pos_tb_nur/webapp/vendor/laravel/framework/src/Illuminate/Pipeline/Pipeline.php(180): Illuminate/Foundation/Http/Kernel->Illuminate/Foundation/Http/{closure}(Object(Illuminate/Http/Request))
#68 D:/Codingan/random/_client_projects/pos_tb_nur/webapp/vendor/inertiajs/inertia-laravel/src/Middleware/EnsureGetOnRedirect.php(19): Illuminate/Pipeline/Pipeline->Illuminate/Pipeline/{closure}(Object(Illuminate/Http/Request))
#69 D:/Codingan/random/_client_projects/pos_tb_nur/webapp/vendor/laravel/framework/src/Illuminate/Pipeline/Pipeline.php(219): Inertia/Middleware/EnsureGetOnRedirect->handle(Object(Illuminate/Http/Request), Object(Closure))
#70 D:/Codingan/random/_client_projects/pos_tb_nur/webapp/vendor/laravel/framework/src/Illuminate/Foundation/Http/Middleware/TransformsRequest.php(21): Illuminate/Pipeline/Pipeline->Illuminate/Pipeline/{closure}(Object(Illuminate/Http/Request))
#71 D:/Codingan/random/_client_projects/pos_tb_nur/webapp/vendor/laravel/framework/src/Illuminate/Foundation/Http/Middleware/ConvertEmptyStringsToNull.php(31): Illuminate/Foundation/Http/Middleware/TransformsRequest->handle(Object(Illuminate/Http/Request), Object(Closure))
#72 D:/Codingan/random/_client_projects/pos_tb_nur/webapp/vendor/laravel/framework/src/Illuminate/Pipeline/Pipeline.php(219): Illuminate/Foundation/Http/Middleware/ConvertEmptyStringsToNull->handle(Object(Illuminate/Http/Request), Object(Closure))
#73 D:/Codingan/random/_client_projects/pos_tb_nur/webapp/vendor/laravel/framework/src/Illuminate/Foundation/Http/Middleware/TransformsRequest.php(21): Illuminate/Pipeline/Pipeline->Illuminate/Pipeline/{closure}(Object(Illuminate/Http/Request))
#74 D:/Codingan/random/_client_projects/pos_tb_nur/webapp/vendor/laravel/framework/src/Illuminate/Foundation/Http/Middleware/TrimStrings.php(51): Illuminate/Foundation/Http/Middleware/TransformsRequest->handle(Object(Illuminate/Http/Request), Object(Closure))
#75 D:/Codingan/random/_client_projects/pos_tb_nur/webapp/vendor/laravel/framework/src/Illuminate/Pipeline/Pipeline.php(219): Illuminate/Foundation/Http/Middleware/TrimStrings->handle(Object(Illuminate/Http/Request), Object(Closure))
#76 D:/Codingan/random/_client_projects/pos_tb_nur/webapp/vendor/laravel/framework/src/Illuminate/Http/Middleware/ValidatePostSize.php(27): Illuminate/Pipeline/Pipeline->Illuminate/Pipeline/{closure}(Object(Illuminate/Http/Request))
#77 D:/Codingan/random/_client_projects/pos_tb_nur/webapp/vendor/laravel/framework/src/Illuminate/Pipeline/Pipeline.php(219): Illuminate/Http/Middleware/ValidatePostSize->handle(Object(Illuminate/Http/Request), Object(Closure))
#78 D:/Codingan/random/_client_projects/pos_tb_nur/webapp/vendor/laravel/framework/src/Illuminate/Foundation/Http/Middleware/PreventRequestsDuringMaintenance.php(109): Illuminate/Pipeline/Pipeline->Illuminate/Pipeline/{closure}(Object(Illuminate/Http/Request))
#79 D:/Codingan/random/_client_projects/pos_tb_nur/webapp/vendor/laravel/framework/src/Illuminate/Pipeline/Pipeline.php(219): Illuminate/Foundation/Http/Middleware/PreventRequestsDuringMaintenance->handle(Object(Illuminate/Http/Request), Object(Closure))
#80 D:/Codingan/random/_client_projects/pos_tb_nur/webapp/vendor/laravel/framework/src/Illuminate/Http/Middleware/HandleCors.php(74): Illuminate/Pipeline/Pipeline->Illuminate/Pipeline/{closure}(Object(Illuminate/Http/Request))
#81 D:/Codingan/random/_client_projects/pos_tb_nur/webapp/vendor/laravel/framework/src/Illuminate/Pipeline/Pipeline.php(219): Illuminate/Http/Middleware/HandleCors->handle(Object(Illuminate/Http/Request), Object(Closure))
#82 D:/Codingan/random/_client_projects/pos_tb_nur/webapp/vendor/laravel/framework/src/Illuminate/Http/Middleware/TrustProxies.php(58): Illuminate/Pipeline/Pipeline->Illuminate/Pipeline/{closure}(Object(Illuminate/Http/Request))
#83 D:/Codingan/random/_client_projects/pos_tb_nur/webapp/vendor/laravel/framework/src/Illuminate/Pipeline/Pipeline.php(219): Illuminate/Http/Middleware/TrustProxies->handle(Object(Illuminate/Http/Request), Object(Closure))
#84 D:/Codingan/random/_client_projects/pos_tb_nur/webapp/vendor/laravel/framework/src/Illuminate/Foundation/Http/Middleware/InvokeDeferredCallbacks.php(22): Illuminate/Pipeline/Pipeline->Illuminate/Pipeline/{closure}(Object(Illuminate/Http/Request))
#85 D:/Codingan/random/_client_projects/pos_tb_nur/webapp/vendor/laravel/framework/src/Illuminate/Pipeline/Pipeline.php(219): Illuminate/Foundation/Http/Middleware/InvokeDeferredCallbacks->handle(Object(Illuminate/Http/Request), Object(Closure))
#86 D:/Codingan/random/_client_projects/pos_tb_nur/webapp/vendor/laravel/framework/src/Illuminate/Http/Middleware/ValidatePathEncoding.php(26): Illuminate/Pipeline/Pipeline->Illuminate/Pipeline/{closure}(Object(Illuminate/Http/Request))
#87 D:/Codingan/random/_client_projects/pos_tb_nur/webapp/vendor/laravel/framework/src/Illuminate/Pipeline/Pipeline.php(219): Illuminate/Http/Middleware/ValidatePathEncoding->handle(Object(Illuminate/Http/Request), Object(Closure))
#88 D:/Codingan/random/_client_projects/pos_tb_nur/webapp/vendor/laravel/framework/src/Illuminate/Pipeline/Pipeline.php(137): Illuminate/Pipeline/Pipeline->Illuminate/Pipeline/{closure}(Object(Illuminate/Http/Request))
#89 D:/Codingan/random/_client_projects/pos_tb_nur/webapp/vendor/laravel/framework/src/Illuminate/Foundation/Http/Kernel.php(175): Illuminate/Pipeline/Pipeline->then(Object(Closure))
#90 D:/Codingan/random/_client_projects/pos_tb_nur/webapp/vendor/laravel/framework/src/Illuminate/Foundation/Http/Kernel.php(144): Illuminate/Foundation/Http/Kernel->sendRequestThroughRouter(Object(Illuminate/Http/Request))
#91 D:/Codingan/random/_client_projects/pos_tb_nur/webapp/vendor/laravel/framework/src/Illuminate/Foundation/Testing/Concerns/MakesHttpRequests.php(607): Illuminate/Foundation/Http/Kernel->handle(Object(Illuminate/Http/Request))
#92 D:/Codingan/random/_client_projects/pos_tb_nur/webapp/vendor/laravel/framework/src/Illuminate/Foundation/Testing/Concerns/MakesHttpRequests.php(573): Illuminate/Foundation/Testing/TestCase->call('POST', '/api/backend/go...', Array, Array, Array, Array, '{\"warehouse_id\"...')
#93 D:/Codingan/random/_client_projects/pos_tb_nur/webapp/vendor/laravel/framework/src/Illuminate/Foundation/Testing/Concerns/MakesHttpRequests.php(411): Illuminate/Foundation/Testing/TestCase->json('POST', '/api/backend/go...', Array, Array, 0)
#94 D:/Codingan/random/_client_projects/pos_tb_nur/webapp/tests/Feature/InventoryCostingTest.php(124): Illuminate/Foundation/Testing/TestCase->postJson('/api/backend/go...', Array)
#95 D:/Codingan/random/_client_projects/pos_tb_nur/webapp/vendor/phpunit/phpunit/src/Framework/TestCase.php(1667): Tests/Feature/InventoryCostingTest->test_sales_delivery_consumes_inventory_batches_fifo()
#96 D:/Codingan/random/_client_projects/pos_tb_nur/webapp/vendor/phpunit/phpunit/src/Framework/TestCase.php(519): PHPUnit/Framework/TestCase->runTest()
#97 D:/Codingan/random/_client_projects/pos_tb_nur/webapp/vendor/phpunit/phpunit/src/Framework/TestRunner/TestRunner.php(87): PHPUnit/Framework/TestCase->runBare()
#98 D:/Codingan/random/_client_projects/pos_tb_nur/webapp/vendor/phpunit/phpunit/src/Framework/TestCase.php(365): PHPUnit/Framework/TestRunner->run(Object(Tests/Feature/InventoryCostingTest))
#99 D:/Codingan/random/_client_projects/pos_tb_nur/webapp/vendor/phpunit/phpunit/src/Framework/TestSuite.php(369): PHPUnit/Framework/TestCase->run()
#100 D:/Codingan/random/_client_projects/pos_tb_nur/webapp/vendor/phpunit/phpunit/src/Framework/TestSuite.php(369): PHPUnit/Framework/TestSuite->run()
#101 D:/Codingan/random/_client_projects/pos_tb_nur/webapp/vendor/phpunit/phpunit/src/Framework/TestSuite.php(369): PHPUnit/Framework/TestSuite->run()
#102 D:/Codingan/random/_client_projects/pos_tb_nur/webapp/vendor/phpunit/phpunit/src/TextUI/TestRunner.php(64): PHPUnit/Framework/TestSuite->run()
#103 D:/Codingan/random/_client_projects/pos_tb_nur/webapp/vendor/phpunit/phpunit/src/TextUI/Application.php(211): PHPUnit/TextUI/TestRunner->run(Object(PHPUnit/TextUI/Configuration/Configuration), Object(PHPUnit/Runner/ResultCache/DefaultResultCache), Object(PHPUnit/Framework/TestSuite))
#104 D:/Codingan/random/_client_projects/pos_tb_nur/webapp/vendor/phpunit/phpunit/phpunit(104): PHPUnit/TextUI/Application->run(Array)
#105 {main}
"} 
[2026-07-31 17:44:59] testing.ERROR: Call to undefined method App\Domain\Catalog\Models\Product::supplierPrices() {"userId":1,"exception":"[object] (BadMethodCallException(code: 0): Call to undefined method App\\Domain\\Catalog\\Models\\Product::supplierPrices() at D:/Codingan/random/_client_projects/pos_tb_nur/webapp/vendor/laravel/framework/src/Illuminate/Support/Traits/ForwardsCalls.php:67)
[stacktrace]
#0 D:/Codingan/random/_client_projects/pos_tb_nur/webapp/vendor/laravel/framework/src/Illuminate/Support/Traits/ForwardsCalls.php(36): Illuminate/Database/Eloquent/Model::throwBadMethodCallException('supplierPrices')
#1 D:/Codingan/random/_client_projects/pos_tb_nur/webapp/vendor/laravel/framework/src/Illuminate/Database/Eloquent/Model.php(2540): Illuminate/Database/Eloquent/Model->forwardCallTo(Object(Illuminate/Database/Eloquent/Builder), 'supplierPrices', Array)
#2 D:/Codingan/random/_client_projects/pos_tb_nur/webapp/app/Domain/Catalog/Models/Product.php(48): Illuminate/Database/Eloquent/Model->__call('supplierPrices', Array)
#3 D:/Codingan/random/_client_projects/pos_tb_nur/webapp/vendor/laravel/framework/src/Illuminate/Database/Eloquent/Concerns/HasAttributes.php(717): App/Domain/Catalog/Models/Product->getMainSupplierAttribute(NULL)
#4 D:/Codingan/random/_client_projects/pos_tb_nur/webapp/vendor/laravel/framework/src/Illuminate/Database/Eloquent/Concerns/HasAttributes.php(769): Illuminate/Database/Eloquent/Model->mutateAttribute('main_supplier', NULL)
#5 D:/Codingan/random/_client_projects/pos_tb_nur/webapp/vendor/laravel/framework/src/Illuminate/Database/Eloquent/Concerns/HasAttributes.php(239): Illuminate/Database/Eloquent/Model->mutateAttributeForArray('main_supplier', NULL)
#6 D:/Codingan/random/_client_projects/pos_tb_nur/webapp/vendor/laravel/framework/src/Illuminate/Database/Eloquent/Model.php(1781): Illuminate/Database/Eloquent/Model->attributesToArray()
#7 [internal function]: Illuminate/Database/Eloquent/Model->Illuminate/Database/Eloquent/{closure}()
#8 D:/Codingan/random/_client_projects/pos_tb_nur/webapp/vendor/laravel/framework/src/Illuminate/Database/Eloquent/Concerns/PreventsCircularRecursion.php(46): call_user_func(Object(Closure))
#9 D:/Codingan/random/_client_projects/pos_tb_nur/webapp/vendor/laravel/framework/src/Illuminate/Database/Eloquent/Model.php(1780): Illuminate/Database/Eloquent/Model->withoutRecursion(Object(Closure), Object(Closure))
#10 D:/Codingan/random/_client_projects/pos_tb_nur/webapp/vendor/laravel/framework/src/Illuminate/Database/Eloquent/Concerns/HasAttributes.php(389): Illuminate/Database/Eloquent/Model->toArray()
#11 D:/Codingan/random/_client_projects/pos_tb_nur/webapp/vendor/laravel/framework/src/Illuminate/Database/Eloquent/Model.php(1781): Illuminate/Database/Eloquent/Model->relationsToArray()
#12 [internal function]: Illuminate/Database/Eloquent/Model->Illuminate/Database/Eloquent/{closure}()
#13 D:/Codingan/random/_client_projects/pos_tb_nur/webapp/vendor/laravel/framework/src/Illuminate/Database/Eloquent/Concerns/PreventsCircularRecursion.php(46): call_user_func(Object(Closure))
#14 D:/Codingan/random/_client_projects/pos_tb_nur/webapp/vendor/laravel/framework/src/Illuminate/Database/Eloquent/Model.php(1780): Illuminate/Database/Eloquent/Model->withoutRecursion(Object(Closure), Object(Closure))
#15 D:/Codingan/random/_client_projects/pos_tb_nur/webapp/vendor/laravel/framework/src/Illuminate/Collections/Traits/EnumeratesValues.php(978): Illuminate/Database/Eloquent/Model->toArray()
#16 [internal function]: Illuminate/Support/Collection->Illuminate/Support/Traits/{closure}(Object(App/Domain/Support/Models/OperationDocumentLine), 0)
#17 D:/Codingan/random/_client_projects/pos_tb_nur/webapp/vendor/laravel/framework/src/Illuminate/Collections/Arr.php(841): array_map(Object(Closure), Array, Array)
#18 D:/Codingan/random/_client_projects/pos_tb_nur/webapp/vendor/laravel/framework/src/Illuminate/Collections/Collection.php(829): Illuminate/Support/Arr::map(Array, Object(Closure))
#19 D:/Codingan/random/_client_projects/pos_tb_nur/webapp/vendor/laravel/framework/src/Illuminate/Database/Eloquent/Collection.php(421): Illuminate/Support/Collection->map(Object(Closure))
#20 D:/Codingan/random/_client_projects/pos_tb_nur/webapp/vendor/laravel/framework/src/Illuminate/Collections/Traits/EnumeratesValues.php(978): Illuminate/Database/Eloquent/Collection->map(Object(Closure))
#21 D:/Codingan/random/_client_projects/pos_tb_nur/webapp/vendor/laravel/framework/src/Illuminate/Database/Eloquent/Concerns/HasAttributes.php(389): Illuminate/Support/Collection->toArray()
#22 D:/Codingan/random/_client_projects/pos_tb_nur/webapp/vendor/laravel/framework/src/Illuminate/Database/Eloquent/Model.php(1781): Illuminate/Database/Eloquent/Model->relationsToArray()
#23 [internal function]: Illuminate/Database/Eloquent/Model->Illuminate/Database/Eloquent/{closure}()
#24 D:/Codingan/random/_client_projects/pos_tb_nur/webapp/vendor/laravel/framework/src/Illuminate/Database/Eloquent/Concerns/PreventsCircularRecursion.php(46): call_user_func(Object(Closure))
#25 D:/Codingan/random/_client_projects/pos_tb_nur/webapp/vendor/laravel/framework/src/Illuminate/Database/Eloquent/Model.php(1780): Illuminate/Database/Eloquent/Model->withoutRecursion(Object(Closure), Object(Closure))
#26 D:/Codingan/random/_client_projects/pos_tb_nur/webapp/vendor/laravel/framework/src/Illuminate/Database/Eloquent/Model.php(1825): Illuminate/Database/Eloquent/Model->toArray()
#27 [internal function]: Illuminate/Database/Eloquent/Model->jsonSerialize()
#28 D:/Codingan/random/_client_projects/pos_tb_nur/webapp/vendor/laravel/framework/src/Illuminate/Http/JsonResponse.php(87): json_encode(Array, 0)
#29 D:/Codingan/random/_client_projects/pos_tb_nur/webapp/vendor/symfony/http-foundation/JsonResponse.php(49): Illuminate/Http/JsonResponse->setData(Array)
#30 D:/Codingan/random/_client_projects/pos_tb_nur/webapp/vendor/laravel/framework/src/Illuminate/Http/JsonResponse.php(31): Symfony/Component/HttpFoundation/JsonResponse->__construct(Array, 201, Array, false)
#31 D:/Codingan/random/_client_projects/pos_tb_nur/webapp/vendor/laravel/framework/src/Illuminate/Routing/ResponseFactory.php(105): Illuminate/Http/JsonResponse->__construct(Array, 201, Array, 0)
#32 D:/Codingan/random/_client_projects/pos_tb_nur/webapp/app/Http/Controllers/Api/BackendResourceController.php(89): Illuminate/Routing/ResponseFactory->json(Array, 201)
#33 D:/Codingan/random/_client_projects/pos_tb_nur/webapp/vendor/laravel/framework/src/Illuminate/Routing/ControllerDispatcher.php(46): App/Http/Controllers/Api/BackendResourceController->store(Object(App/Http/Requests/Api/Backend/BackendResourceStoreRequest), 'goods-receipts')
#34 D:/Codingan/random/_client_projects/pos_tb_nur/webapp/vendor/laravel/framework/src/Illuminate/Routing/Route.php(265): Illuminate/Routing/ControllerDispatcher->dispatch(Object(Illuminate/Routing/Route), Object(App/Http/Controllers/Api/BackendResourceController), 'store')
#35 D:/Codingan/random/_client_projects/pos_tb_nur/webapp/vendor/laravel/framework/src/Illuminate/Routing/Route.php(211): Illuminate/Routing/Route->runController()
#36 D:/Codingan/random/_client_projects/pos_tb_nur/webapp/vendor/laravel/framework/src/Illuminate/Routing/Router.php(822): Illuminate/Routing/Route->run()
#37 D:/Codingan/random/_client_projects/pos_tb_nur/webapp/vendor/laravel/framework/src/Illuminate/Pipeline/Pipeline.php(180): Illuminate/Routing/Router->Illuminate/Routing/{closure}(Object(Illuminate/Http/Request))
#38 D:/Codingan/random/_client_projects/pos_tb_nur/webapp/app/Http/Middleware/SecureHeaders.php(16): Illuminate/Pipeline/Pipeline->Illuminate/Pipeline/{closure}(Object(Illuminate/Http/Request))
#39 D:/Codingan/random/_client_projects/pos_tb_nur/webapp/vendor/laravel/framework/src/Illuminate/Pipeline/Pipeline.php(219): App/Http/Middleware/SecureHeaders->handle(Object(Illuminate/Http/Request), Object(Closure))
#40 D:/Codingan/random/_client_projects/pos_tb_nur/webapp/vendor/inertiajs/inertia-laravel/src/Middleware.php(138): Illuminate/Pipeline/Pipeline->Illuminate/Pipeline/{closure}(Object(Illuminate/Http/Request))
#41 D:/Codingan/random/_client_projects/pos_tb_nur/webapp/vendor/laravel/framework/src/Illuminate/Pipeline/Pipeline.php(219): Inertia/Middleware->handle(Object(Illuminate/Http/Request), Object(Closure))
#42 D:/Codingan/random/_client_projects/pos_tb_nur/webapp/vendor/laravel/framework/src/Illuminate/Foundation/Http/Middleware/VerifyCsrfToken.php(87): Illuminate/Pipeline/Pipeline->Illuminate/Pipeline/{closure}(Object(Illuminate/Http/Request))
#43 D:/Codingan/random/_client_projects/pos_tb_nur/webapp/vendor/laravel/framework/src/Illuminate/Pipeline/Pipeline.php(219): Illuminate/Foundation/Http/Middleware/VerifyCsrfToken->handle(Object(Illuminate/Http/Request), Object(Closure))
#44 D:/Codingan/random/_client_projects/pos_tb_nur/webapp/vendor/laravel/framework/src/Illuminate/Routing/Middleware/SubstituteBindings.php(50): Illuminate/Pipeline/Pipeline->Illuminate/Pipeline/{closure}(Object(Illuminate/Http/Request))
#45 D:/Codingan/random/_client_projects/pos_tb_nur/webapp/vendor/laravel/framework/src/Illuminate/Pipeline/Pipeline.php(219): Illuminate/Routing/Middleware/SubstituteBindings->handle(Object(Illuminate/Http/Request), Object(Closure))
#46 D:/Codingan/random/_client_projects/pos_tb_nur/webapp/vendor/laravel/framework/src/Illuminate/Routing/Middleware/ThrottleRequests.php(166): Illuminate/Pipeline/Pipeline->Illuminate/Pipeline/{closure}(Object(Illuminate/Http/Request))
#47 D:/Codingan/random/_client_projects/pos_tb_nur/webapp/vendor/laravel/framework/src/Illuminate/Routing/Middleware/ThrottleRequests.php(129): Illuminate/Routing/Middleware/ThrottleRequests->handleRequest(Object(Illuminate/Http/Request), Object(Closure), Array)
#48 D:/Codingan/random/_client_projects/pos_tb_nur/webapp/vendor/laravel/framework/src/Illuminate/Routing/Middleware/ThrottleRequests.php(90): Illuminate/Routing/Middleware/ThrottleRequests->handleRequestUsingNamedLimiter(Object(Illuminate/Http/Request), Object(Closure), 'api', Object(Closure))
#49 D:/Codingan/random/_client_projects/pos_tb_nur/webapp/vendor/laravel/framework/src/Illuminate/Pipeline/Pipeline.php(219): Illuminate/Routing/Middleware/ThrottleRequests->handle(Object(Illuminate/Http/Request), Object(Closure), 'api')
#50 D:/Codingan/random/_client_projects/pos_tb_nur/webapp/vendor/laravel/framework/src/Illuminate/Auth/Middleware/Authenticate.php(63): Illuminate/Pipeline/Pipeline->Illuminate/Pipeline/{closure}(Object(Illuminate/Http/Request))
#51 D:/Codingan/random/_client_projects/pos_tb_nur/webapp/vendor/laravel/framework/src/Illuminate/Pipeline/Pipeline.php(219): Illuminate/Auth/Middleware/Authenticate->handle(Object(Illuminate/Http/Request), Object(Closure))
#52 D:/Codingan/random/_client_projects/pos_tb_nur/webapp/vendor/laravel/framework/src/Illuminate/View/Middleware/ShareErrorsFromSession.php(48): Illuminate/Pipeline/Pipeline->Illuminate/Pipeline/{closure}(Object(Illuminate/Http/Request))
#53 D:/Codingan/random/_client_projects/pos_tb_nur/webapp/vendor/laravel/framework/src/Illuminate/Pipeline/Pipeline.php(219): Illuminate/View/Middleware/ShareErrorsFromSession->handle(Object(Illuminate/Http/Request), Object(Closure))
#54 D:/Codingan/random/_client_projects/pos_tb_nur/webapp/vendor/laravel/framework/src/Illuminate/Session/Middleware/StartSession.php(120): Illuminate/Pipeline/Pipeline->Illuminate/Pipeline/{closure}(Object(Illuminate/Http/Request))
#55 D:/Codingan/random/_client_projects/pos_tb_nur/webapp/vendor/laravel/framework/src/Illuminate/Session/Middleware/StartSession.php(63): Illuminate/Session/Middleware/StartSession->handleStatefulRequest(Object(Illuminate/Http/Request), Object(Illuminate/Session/Store), Object(Closure))
#56 D:/Codingan/random/_client_projects/pos_tb_nur/webapp/vendor/laravel/framework/src/Illuminate/Pipeline/Pipeline.php(219): Illuminate/Session/Middleware/StartSession->handle(Object(Illuminate/Http/Request), Object(Closure))
#57 D:/Codingan/random/_client_projects/pos_tb_nur/webapp/vendor/laravel/framework/src/Illuminate/Cookie/Middleware/AddQueuedCookiesToResponse.php(36): Illuminate/Pipeline/Pipeline->Illuminate/Pipeline/{closure}(Object(Illuminate/Http/Request))
#58 D:/Codingan/random/_client_projects/pos_tb_nur/webapp/vendor/laravel/framework/src/Illuminate/Pipeline/Pipeline.php(219): Illuminate/Cookie/Middleware/AddQueuedCookiesToResponse->handle(Object(Illuminate/Http/Request), Object(Closure))
#59 D:/Codingan/random/_client_projects/pos_tb_nur/webapp/vendor/laravel/framework/src/Illuminate/Cookie/Middleware/EncryptCookies.php(74): Illuminate/Pipeline/Pipeline->Illuminate/Pipeline/{closure}(Object(Illuminate/Http/Request))
#60 D:/Codingan/random/_client_projects/pos_tb_nur/webapp/vendor/laravel/framework/src/Illuminate/Pipeline/Pipeline.php(219): Illuminate/Cookie/Middleware/EncryptCookies->handle(Object(Illuminate/Http/Request), Object(Closure))
#61 D:/Codingan/random/_client_projects/pos_tb_nur/webapp/vendor/laravel/framework/src/Illuminate/Pipeline/Pipeline.php(137): Illuminate/Pipeline/Pipeline->Illuminate/Pipeline/{closure}(Object(Illuminate/Http/Request))
#62 D:/Codingan/random/_client_projects/pos_tb_nur/webapp/vendor/laravel/framework/src/Illuminate/Routing/Router.php(821): Illuminate/Pipeline/Pipeline->then(Object(Closure))
#63 D:/Codingan/random/_client_projects/pos_tb_nur/webapp/vendor/laravel/framework/src/Illuminate/Routing/Router.php(800): Illuminate/Routing/Router->runRouteWithinStack(Object(Illuminate/Routing/Route), Object(Illuminate/Http/Request))
#64 D:/Codingan/random/_client_projects/pos_tb_nur/webapp/vendor/laravel/framework/src/Illuminate/Routing/Router.php(764): Illuminate/Routing/Router->runRoute(Object(Illuminate/Http/Request), Object(Illuminate/Routing/Route))
#65 D:/Codingan/random/_client_projects/pos_tb_nur/webapp/vendor/laravel/framework/src/Illuminate/Routing/Router.php(753): Illuminate/Routing/Router->dispatchToRoute(Object(Illuminate/Http/Request))
#66 D:/Codingan/random/_client_projects/pos_tb_nur/webapp/vendor/laravel/framework/src/Illuminate/Foundation/Http/Kernel.php(200): Illuminate/Routing/Router->dispatch(Object(Illuminate/Http/Request))
#67 D:/Codingan/random/_client_projects/pos_tb_nur/webapp/vendor/laravel/framework/src/Illuminate/Pipeline/Pipeline.php(180): Illuminate/Foundation/Http/Kernel->Illuminate/Foundation/Http/{closure}(Object(Illuminate/Http/Request))
#68 D:/Codingan/random/_client_projects/pos_tb_nur/webapp/vendor/inertiajs/inertia-laravel/src/Middleware/EnsureGetOnRedirect.php(19): Illuminate/Pipeline/Pipeline->Illuminate/Pipeline/{closure}(Object(Illuminate/Http/Request))
#69 D:/Codingan/random/_client_projects/pos_tb_nur/webapp/vendor/laravel/framework/src/Illuminate/Pipeline/Pipeline.php(219): Inertia/Middleware/EnsureGetOnRedirect->handle(Object(Illuminate/Http/Request), Object(Closure))
#70 D:/Codingan/random/_client_projects/pos_tb_nur/webapp/vendor/laravel/framework/src/Illuminate/Foundation/Http/Middleware/TransformsRequest.php(21): Illuminate/Pipeline/Pipeline->Illuminate/Pipeline/{closure}(Object(Illuminate/Http/Request))
#71 D:/Codingan/random/_client_projects/pos_tb_nur/webapp/vendor/laravel/framework/src/Illuminate/Foundation/Http/Middleware/ConvertEmptyStringsToNull.php(31): Illuminate/Foundation/Http/Middleware/TransformsRequest->handle(Object(Illuminate/Http/Request), Object(Closure))
#72 D:/Codingan/random/_client_projects/pos_tb_nur/webapp/vendor/laravel/framework/src/Illuminate/Pipeline/Pipeline.php(219): Illuminate/Foundation/Http/Middleware/ConvertEmptyStringsToNull->handle(Object(Illuminate/Http/Request), Object(Closure))
#73 D:/Codingan/random/_client_projects/pos_tb_nur/webapp/vendor/laravel/framework/src/Illuminate/Foundation/Http/Middleware/TransformsRequest.php(21): Illuminate/Pipeline/Pipeline->Illuminate/Pipeline/{closure}(Object(Illuminate/Http/Request))
#74 D:/Codingan/random/_client_projects/pos_tb_nur/webapp/vendor/laravel/framework/src/Illuminate/Foundation/Http/Middleware/TrimStrings.php(51): Illuminate/Foundation/Http/Middleware/TransformsRequest->handle(Object(Illuminate/Http/Request), Object(Closure))
#75 D:/Codingan/random/_client_projects/pos_tb_nur/webapp/vendor/laravel/framework/src/Illuminate/Pipeline/Pipeline.php(219): Illuminate/Foundation/Http/Middleware/TrimStrings->handle(Object(Illuminate/Http/Request), Object(Closure))
#76 D:/Codingan/random/_client_projects/pos_tb_nur/webapp/vendor/laravel/framework/src/Illuminate/Http/Middleware/ValidatePostSize.php(27): Illuminate/Pipeline/Pipeline->Illuminate/Pipeline/{closure}(Object(Illuminate/Http/Request))
#77 D:/Codingan/random/_client_projects/pos_tb_nur/webapp/vendor/laravel/framework/src/Illuminate/Pipeline/Pipeline.php(219): Illuminate/Http/Middleware/ValidatePostSize->handle(Object(Illuminate/Http/Request), Object(Closure))
#78 D:/Codingan/random/_client_projects/pos_tb_nur/webapp/vendor/laravel/framework/src/Illuminate/Foundation/Http/Middleware/PreventRequestsDuringMaintenance.php(109): Illuminate/Pipeline/Pipeline->Illuminate/Pipeline/{closure}(Object(Illuminate/Http/Request))
#79 D:/Codingan/random/_client_projects/pos_tb_nur/webapp/vendor/laravel/framework/src/Illuminate/Pipeline/Pipeline.php(219): Illuminate/Foundation/Http/Middleware/PreventRequestsDuringMaintenance->handle(Object(Illuminate/Http/Request), Object(Closure))
#80 D:/Codingan/random/_client_projects/pos_tb_nur/webapp/vendor/laravel/framework/src/Illuminate/Http/Middleware/HandleCors.php(74): Illuminate/Pipeline/Pipeline->Illuminate/Pipeline/{closure}(Object(Illuminate/Http/Request))
#81 D:/Codingan/random/_client_projects/pos_tb_nur/webapp/vendor/laravel/framework/src/Illuminate/Pipeline/Pipeline.php(219): Illuminate/Http/Middleware/HandleCors->handle(Object(Illuminate/Http/Request), Object(Closure))
#82 D:/Codingan/random/_client_projects/pos_tb_nur/webapp/vendor/laravel/framework/src/Illuminate/Http/Middleware/TrustProxies.php(58): Illuminate/Pipeline/Pipeline->Illuminate/Pipeline/{closure}(Object(Illuminate/Http/Request))
#83 D:/Codingan/random/_client_projects/pos_tb_nur/webapp/vendor/laravel/framework/src/Illuminate/Pipeline/Pipeline.php(219): Illuminate/Http/Middleware/TrustProxies->handle(Object(Illuminate/Http/Request), Object(Closure))
#84 D:/Codingan/random/_client_projects/pos_tb_nur/webapp/vendor/laravel/framework/src/Illuminate/Foundation/Http/Middleware/InvokeDeferredCallbacks.php(22): Illuminate/Pipeline/Pipeline->Illuminate/Pipeline/{closure}(Object(Illuminate/Http/Request))
#85 D:/Codingan/random/_client_projects/pos_tb_nur/webapp/vendor/laravel/framework/src/Illuminate/Pipeline/Pipeline.php(219): Illuminate/Foundation/Http/Middleware/InvokeDeferredCallbacks->handle(Object(Illuminate/Http/Request), Object(Closure))
#86 D:/Codingan/random/_client_projects/pos_tb_nur/webapp/vendor/laravel/framework/src/Illuminate/Http/Middleware/ValidatePathEncoding.php(26): Illuminate/Pipeline/Pipeline->Illuminate/Pipeline/{closure}(Object(Illuminate/Http/Request))
#87 D:/Codingan/random/_client_projects/pos_tb_nur/webapp/vendor/laravel/framework/src/Illuminate/Pipeline/Pipeline.php(219): Illuminate/Http/Middleware/ValidatePathEncoding->handle(Object(Illuminate/Http/Request), Object(Closure))
#88 D:/Codingan/random/_client_projects/pos_tb_nur/webapp/vendor/laravel/framework/src/Illuminate/Pipeline/Pipeline.php(137): Illuminate/Pipeline/Pipeline->Illuminate/Pipeline/{closure}(Object(Illuminate/Http/Request))
#89 D:/Codingan/random/_client_projects/pos_tb_nur/webapp/vendor/laravel/framework/src/Illuminate/Foundation/Http/Kernel.php(175): Illuminate/Pipeline/Pipeline->then(Object(Closure))
#90 D:/Codingan/random/_client_projects/pos_tb_nur/webapp/vendor/laravel/framework/src/Illuminate/Foundation/Http/Kernel.php(144): Illuminate/Foundation/Http/Kernel->sendRequestThroughRouter(Object(Illuminate/Http/Request))
#91 D:/Codingan/random/_client_projects/pos_tb_nur/webapp/vendor/laravel/framework/src/Illuminate/Foundation/Testing/Concerns/MakesHttpRequests.php(607): Illuminate/Foundation/Http/Kernel->handle(Object(Illuminate/Http/Request))
#92 D:/Codingan/random/_client_projects/pos_tb_nur/webapp/vendor/laravel/framework/src/Illuminate/Foundation/Testing/Concerns/MakesHttpRequests.php(573): Illuminate/Foundation/Testing/TestCase->call('POST', '/api/backend/go...', Array, Array, Array, Array, '{\"warehouse_id\"...')
#93 D:/Codingan/random/_client_projects/pos_tb_nur/webapp/vendor/laravel/framework/src/Illuminate/Foundation/Testing/Concerns/MakesHttpRequests.php(411): Illuminate/Foundation/Testing/TestCase->json('POST', '/api/backend/go...', Array, Array, 0)
#94 D:/Codingan/random/_client_projects/pos_tb_nur/webapp/tests/Feature/InventoryCostingTest.php(200): Illuminate/Foundation/Testing/TestCase->postJson('/api/backend/go...', Array)
#95 D:/Codingan/random/_client_projects/pos_tb_nur/webapp/vendor/phpunit/phpunit/src/Framework/TestCase.php(1667): Tests/Feature/InventoryCostingTest->test_deleting_goods_receipt_reverts_inventory_batches()
#96 D:/Codingan/random/_client_projects/pos_tb_nur/webapp/vendor/phpunit/phpunit/src/Framework/TestCase.php(519): PHPUnit/Framework/TestCase->runTest()
#97 D:/Codingan/random/_client_projects/pos_tb_nur/webapp/vendor/phpunit/phpunit/src/Framework/TestRunner/TestRunner.php(87): PHPUnit/Framework/TestCase->runBare()
#98 D:/Codingan/random/_client_projects/pos_tb_nur/webapp/vendor/phpunit/phpunit/src/Framework/TestCase.php(365): PHPUnit/Framework/TestRunner->run(Object(Tests/Feature/InventoryCostingTest))
#99 D:/Codingan/random/_client_projects/pos_tb_nur/webapp/vendor/phpunit/phpunit/src/Framework/TestSuite.php(369): PHPUnit/Framework/TestCase->run()
#100 D:/Codingan/random/_client_projects/pos_tb_nur/webapp/vendor/phpunit/phpunit/src/Framework/TestSuite.php(369): PHPUnit/Framework/TestSuite->run()
#101 D:/Codingan/random/_client_projects/pos_tb_nur/webapp/vendor/phpunit/phpunit/src/Framework/TestSuite.php(369): PHPUnit/Framework/TestSuite->run()
#102 D:/Codingan/random/_client_projects/pos_tb_nur/webapp/vendor/phpunit/phpunit/src/TextUI/TestRunner.php(64): PHPUnit/Framework/TestSuite->run()
#103 D:/Codingan/random/_client_projects/pos_tb_nur/webapp/vendor/phpunit/phpunit/src/TextUI/Application.php(211): PHPUnit/TextUI/TestRunner->run(Object(PHPUnit/TextUI/Configuration/Configuration), Object(PHPUnit/Runner/ResultCache/DefaultResultCache), Object(PHPUnit/Framework/TestSuite))
#104 D:/Codingan/random/_client_projects/pos_tb_nur/webapp/vendor/phpunit/phpunit/phpunit(104): PHPUnit/TextUI/Application->run(Array)
#105 {main}
"} 
[2026-07-31 17:44:59] testing.ERROR: Call to undefined method App\Domain\Catalog\Models\Product::supplierPrices() {"userId":1,"exception":"[object] (BadMethodCallException(code: 0): Call to undefined method App\\Domain\\Catalog\\Models\\Product::supplierPrices() at D:/Codingan/random/_client_projects/pos_tb_nur/webapp/vendor/laravel/framework/src/Illuminate/Support/Traits/ForwardsCalls.php:67)
[stacktrace]
#0 D:/Codingan/random/_client_projects/pos_tb_nur/webapp/vendor/laravel/framework/src/Illuminate/Support/Traits/ForwardsCalls.php(36): Illuminate/Database/Eloquent/Model::throwBadMethodCallException('supplierPrices')
#1 D:/Codingan/random/_client_projects/pos_tb_nur/webapp/vendor/laravel/framework/src/Illuminate/Database/Eloquent/Model.php(2540): Illuminate/Database/Eloquent/Model->forwardCallTo(Object(Illuminate/Database/Eloquent/Builder), 'supplierPrices', Array)
#2 D:/Codingan/random/_client_projects/pos_tb_nur/webapp/app/Domain/Catalog/Models/Product.php(48): Illuminate/Database/Eloquent/Model->__call('supplierPrices', Array)
#3 D:/Codingan/random/_client_projects/pos_tb_nur/webapp/vendor/laravel/framework/src/Illuminate/Database/Eloquent/Concerns/HasAttributes.php(717): App/Domain/Catalog/Models/Product->getMainSupplierAttribute(NULL)
#4 D:/Codingan/random/_client_projects/pos_tb_nur/webapp/vendor/laravel/framework/src/Illuminate/Database/Eloquent/Concerns/HasAttributes.php(769): Illuminate/Database/Eloquent/Model->mutateAttribute('main_supplier', NULL)
#5 D:/Codingan/random/_client_projects/pos_tb_nur/webapp/vendor/laravel/framework/src/Illuminate/Database/Eloquent/Concerns/HasAttributes.php(239): Illuminate/Database/Eloquent/Model->mutateAttributeForArray('main_supplier', NULL)
#6 D:/Codingan/random/_client_projects/pos_tb_nur/webapp/vendor/laravel/framework/src/Illuminate/Database/Eloquent/Model.php(1781): Illuminate/Database/Eloquent/Model->attributesToArray()
#7 [internal function]: Illuminate/Database/Eloquent/Model->Illuminate/Database/Eloquent/{closure}()
#8 D:/Codingan/random/_client_projects/pos_tb_nur/webapp/vendor/laravel/framework/src/Illuminate/Database/Eloquent/Concerns/PreventsCircularRecursion.php(46): call_user_func(Object(Closure))
#9 D:/Codingan/random/_client_projects/pos_tb_nur/webapp/vendor/laravel/framework/src/Illuminate/Database/Eloquent/Model.php(1780): Illuminate/Database/Eloquent/Model->withoutRecursion(Object(Closure), Object(Closure))
#10 D:/Codingan/random/_client_projects/pos_tb_nur/webapp/vendor/laravel/framework/src/Illuminate/Database/Eloquent/Concerns/HasAttributes.php(389): Illuminate/Database/Eloquent/Model->toArray()
#11 D:/Codingan/random/_client_projects/pos_tb_nur/webapp/vendor/laravel/framework/src/Illuminate/Database/Eloquent/Model.php(1781): Illuminate/Database/Eloquent/Model->relationsToArray()
#12 [internal function]: Illuminate/Database/Eloquent/Model->Illuminate/Database/Eloquent/{closure}()
#13 D:/Codingan/random/_client_projects/pos_tb_nur/webapp/vendor/laravel/framework/src/Illuminate/Database/Eloquent/Concerns/PreventsCircularRecursion.php(46): call_user_func(Object(Closure))
#14 D:/Codingan/random/_client_projects/pos_tb_nur/webapp/vendor/laravel/framework/src/Illuminate/Database/Eloquent/Model.php(1780): Illuminate/Database/Eloquent/Model->withoutRecursion(Object(Closure), Object(Closure))
#15 D:/Codingan/random/_client_projects/pos_tb_nur/webapp/vendor/laravel/framework/src/Illuminate/Collections/Traits/EnumeratesValues.php(978): Illuminate/Database/Eloquent/Model->toArray()
#16 [internal function]: Illuminate/Support/Collection->Illuminate/Support/Traits/{closure}(Object(App/Domain/Support/Models/OperationDocumentLine), 0)
#17 D:/Codingan/random/_client_projects/pos_tb_nur/webapp/vendor/laravel/framework/src/Illuminate/Collections/Arr.php(841): array_map(Object(Closure), Array, Array)
#18 D:/Codingan/random/_client_projects/pos_tb_nur/webapp/vendor/laravel/framework/src/Illuminate/Collections/Collection.php(829): Illuminate/Support/Arr::map(Array, Object(Closure))
#19 D:/Codingan/random/_client_projects/pos_tb_nur/webapp/vendor/laravel/framework/src/Illuminate/Database/Eloquent/Collection.php(421): Illuminate/Support/Collection->map(Object(Closure))
#20 D:/Codingan/random/_client_projects/pos_tb_nur/webapp/vendor/laravel/framework/src/Illuminate/Collections/Traits/EnumeratesValues.php(978): Illuminate/Database/Eloquent/Collection->map(Object(Closure))
#21 D:/Codingan/random/_client_projects/pos_tb_nur/webapp/vendor/laravel/framework/src/Illuminate/Database/Eloquent/Concerns/HasAttributes.php(389): Illuminate/Support/Collection->toArray()
#22 D:/Codingan/random/_client_projects/pos_tb_nur/webapp/vendor/laravel/framework/src/Illuminate/Database/Eloquent/Model.php(1781): Illuminate/Database/Eloquent/Model->relationsToArray()
#23 [internal function]: Illuminate/Database/Eloquent/Model->Illuminate/Database/Eloquent/{closure}()
#24 D:/Codingan/random/_client_projects/pos_tb_nur/webapp/vendor/laravel/framework/src/Illuminate/Database/Eloquent/Concerns/PreventsCircularRecursion.php(46): call_user_func(Object(Closure))
#25 D:/Codingan/random/_client_projects/pos_tb_nur/webapp/vendor/laravel/framework/src/Illuminate/Database/Eloquent/Model.php(1780): Illuminate/Database/Eloquent/Model->withoutRecursion(Object(Closure), Object(Closure))
#26 D:/Codingan/random/_client_projects/pos_tb_nur/webapp/vendor/laravel/framework/src/Illuminate/Database/Eloquent/Model.php(1825): Illuminate/Database/Eloquent/Model->toArray()
#27 [internal function]: Illuminate/Database/Eloquent/Model->jsonSerialize()
#28 D:/Codingan/random/_client_projects/pos_tb_nur/webapp/vendor/laravel/framework/src/Illuminate/Http/JsonResponse.php(87): json_encode(Array, 0)
#29 D:/Codingan/random/_client_projects/pos_tb_nur/webapp/vendor/symfony/http-foundation/JsonResponse.php(49): Illuminate/Http/JsonResponse->setData(Array)
#30 D:/Codingan/random/_client_projects/pos_tb_nur/webapp/vendor/laravel/framework/src/Illuminate/Http/JsonResponse.php(31): Symfony/Component/HttpFoundation/JsonResponse->__construct(Array, 201, Array, false)
#31 D:/Codingan/random/_client_projects/pos_tb_nur/webapp/vendor/laravel/framework/src/Illuminate/Routing/ResponseFactory.php(105): Illuminate/Http/JsonResponse->__construct(Array, 201, Array, 0)
#32 D:/Codingan/random/_client_projects/pos_tb_nur/webapp/app/Http/Controllers/Api/BackendResourceController.php(89): Illuminate/Routing/ResponseFactory->json(Array, 201)
#33 D:/Codingan/random/_client_projects/pos_tb_nur/webapp/vendor/laravel/framework/src/Illuminate/Routing/ControllerDispatcher.php(46): App/Http/Controllers/Api/BackendResourceController->store(Object(App/Http/Requests/Api/Backend/BackendResourceStoreRequest), 'goods-receipts')
#34 D:/Codingan/random/_client_projects/pos_tb_nur/webapp/vendor/laravel/framework/src/Illuminate/Routing/Route.php(265): Illuminate/Routing/ControllerDispatcher->dispatch(Object(Illuminate/Routing/Route), Object(App/Http/Controllers/Api/BackendResourceController), 'store')
#35 D:/Codingan/random/_client_projects/pos_tb_nur/webapp/vendor/laravel/framework/src/Illuminate/Routing/Route.php(211): Illuminate/Routing/Route->runController()
#36 D:/Codingan/random/_client_projects/pos_tb_nur/webapp/vendor/laravel/framework/src/Illuminate/Routing/Router.php(822): Illuminate/Routing/Route->run()
#37 D:/Codingan/random/_client_projects/pos_tb_nur/webapp/vendor/laravel/framework/src/Illuminate/Pipeline/Pipeline.php(180): Illuminate/Routing/Router->Illuminate/Routing/{closure}(Object(Illuminate/Http/Request))
#38 D:/Codingan/random/_client_projects/pos_tb_nur/webapp/app/Http/Middleware/SecureHeaders.php(16): Illuminate/Pipeline/Pipeline->Illuminate/Pipeline/{closure}(Object(Illuminate/Http/Request))
#39 D:/Codingan/random/_client_projects/pos_tb_nur/webapp/vendor/laravel/framework/src/Illuminate/Pipeline/Pipeline.php(219): App/Http/Middleware/SecureHeaders->handle(Object(Illuminate/Http/Request), Object(Closure))
#40 D:/Codingan/random/_client_projects/pos_tb_nur/webapp/vendor/inertiajs/inertia-laravel/src/Middleware.php(138): Illuminate/Pipeline/Pipeline->Illuminate/Pipeline/{closure}(Object(Illuminate/Http/Request))
#41 D:/Codingan/random/_client_projects/pos_tb_nur/webapp/vendor/laravel/framework/src/Illuminate/Pipeline/Pipeline.php(219): Inertia/Middleware->handle(Object(Illuminate/Http/Request), Object(Closure))
#42 D:/Codingan/random/_client_projects/pos_tb_nur/webapp/vendor/laravel/framework/src/Illuminate/Foundation/Http/Middleware/VerifyCsrfToken.php(87): Illuminate/Pipeline/Pipeline->Illuminate/Pipeline/{closure}(Object(Illuminate/Http/Request))
#43 D:/Codingan/random/_client_projects/pos_tb_nur/webapp/vendor/laravel/framework/src/Illuminate/Pipeline/Pipeline.php(219): Illuminate/Foundation/Http/Middleware/VerifyCsrfToken->handle(Object(Illuminate/Http/Request), Object(Closure))
#44 D:/Codingan/random/_client_projects/pos_tb_nur/webapp/vendor/laravel/framework/src/Illuminate/Routing/Middleware/SubstituteBindings.php(50): Illuminate/Pipeline/Pipeline->Illuminate/Pipeline/{closure}(Object(Illuminate/Http/Request))
#45 D:/Codingan/random/_client_projects/pos_tb_nur/webapp/vendor/laravel/framework/src/Illuminate/Pipeline/Pipeline.php(219): Illuminate/Routing/Middleware/SubstituteBindings->handle(Object(Illuminate/Http/Request), Object(Closure))
#46 D:/Codingan/random/_client_projects/pos_tb_nur/webapp/vendor/laravel/framework/src/Illuminate/Routing/Middleware/ThrottleRequests.php(166): Illuminate/Pipeline/Pipeline->Illuminate/Pipeline/{closure}(Object(Illuminate/Http/Request))
#47 D:/Codingan/random/_client_projects/pos_tb_nur/webapp/vendor/laravel/framework/src/Illuminate/Routing/Middleware/ThrottleRequests.php(129): Illuminate/Routing/Middleware/ThrottleRequests->handleRequest(Object(Illuminate/Http/Request), Object(Closure), Array)
#48 D:/Codingan/random/_client_projects/pos_tb_nur/webapp/vendor/laravel/framework/src/Illuminate/Routing/Middleware/ThrottleRequests.php(90): Illuminate/Routing/Middleware/ThrottleRequests->handleRequestUsingNamedLimiter(Object(Illuminate/Http/Request), Object(Closure), 'api', Object(Closure))
#49 D:/Codingan/random/_client_projects/pos_tb_nur/webapp/vendor/laravel/framework/src/Illuminate/Pipeline/Pipeline.php(219): Illuminate/Routing/Middleware/ThrottleRequests->handle(Object(Illuminate/Http/Request), Object(Closure), 'api')
#50 D:/Codingan/random/_client_projects/pos_tb_nur/webapp/vendor/laravel/framework/src/Illuminate/Auth/Middleware/Authenticate.php(63): Illuminate/Pipeline/Pipeline->Illuminate/Pipeline/{closure}(Object(Illuminate/Http/Request))
#51 D:/Codingan/random/_client_projects/pos_tb_nur/webapp/vendor/laravel/framework/src/Illuminate/Pipeline/Pipeline.php(219): Illuminate/Auth/Middleware/Authenticate->handle(Object(Illuminate/Http/Request), Object(Closure))
#52 D:/Codingan/random/_client_projects/pos_tb_nur/webapp/vendor/laravel/framework/src/Illuminate/View/Middleware/ShareErrorsFromSession.php(48): Illuminate/Pipeline/Pipeline->Illuminate/Pipeline/{closure}(Object(Illuminate/Http/Request))
#53 D:/Codingan/random/_client_projects/pos_tb_nur/webapp/vendor/laravel/framework/src/Illuminate/Pipeline/Pipeline.php(219): Illuminate/View/Middleware/ShareErrorsFromSession->handle(Object(Illuminate/Http/Request), Object(Closure))
#54 D:/Codingan/random/_client_projects/pos_tb_nur/webapp/vendor/laravel/framework/src/Illuminate/Session/Middleware/StartSession.php(120): Illuminate/Pipeline/Pipeline->Illuminate/Pipeline/{closure}(Object(Illuminate/Http/Request))
#55 D:/Codingan/random/_client_projects/pos_tb_nur/webapp/vendor/laravel/framework/src/Illuminate/Session/Middleware/StartSession.php(63): Illuminate/Session/Middleware/StartSession->handleStatefulRequest(Object(Illuminate/Http/Request), Object(Illuminate/Session/Store), Object(Closure))
#56 D:/Codingan/random/_client_projects/pos_tb_nur/webapp/vendor/laravel/framework/src/Illuminate/Pipeline/Pipeline.php(219): Illuminate/Session/Middleware/StartSession->handle(Object(Illuminate/Http/Request), Object(Closure))
#57 D:/Codingan/random/_client_projects/pos_tb_nur/webapp/vendor/laravel/framework/src/Illuminate/Cookie/Middleware/AddQueuedCookiesToResponse.php(36): Illuminate/Pipeline/Pipeline->Illuminate/Pipeline/{closure}(Object(Illuminate/Http/Request))
#58 D:/Codingan/random/_client_projects/pos_tb_nur/webapp/vendor/laravel/framework/src/Illuminate/Pipeline/Pipeline.php(219): Illuminate/Cookie/Middleware/AddQueuedCookiesToResponse->handle(Object(Illuminate/Http/Request), Object(Closure))
#59 D:/Codingan/random/_client_projects/pos_tb_nur/webapp/vendor/laravel/framework/src/Illuminate/Cookie/Middleware/EncryptCookies.php(74): Illuminate/Pipeline/Pipeline->Illuminate/Pipeline/{closure}(Object(Illuminate/Http/Request))
#60 D:/Codingan/random/_client_projects/pos_tb_nur/webapp/vendor/laravel/framework/src/Illuminate/Pipeline/Pipeline.php(219): Illuminate/Cookie/Middleware/EncryptCookies->handle(Object(Illuminate/Http/Request), Object(Closure))
#61 D:/Codingan/random/_client_projects/pos_tb_nur/webapp/vendor/laravel/framework/src/Illuminate/Pipeline/Pipeline.php(137): Illuminate/Pipeline/Pipeline->Illuminate/Pipeline/{closure}(Object(Illuminate/Http/Request))
#62 D:/Codingan/random/_client_projects/pos_tb_nur/webapp/vendor/laravel/framework/src/Illuminate/Routing/Router.php(821): Illuminate/Pipeline/Pipeline->then(Object(Closure))
#63 D:/Codingan/random/_client_projects/pos_tb_nur/webapp/vendor/laravel/framework/src/Illuminate/Routing/Router.php(800): Illuminate/Routing/Router->runRouteWithinStack(Object(Illuminate/Routing/Route), Object(Illuminate/Http/Request))
#64 D:/Codingan/random/_client_projects/pos_tb_nur/webapp/vendor/laravel/framework/src/Illuminate/Routing/Router.php(764): Illuminate/Routing/Router->runRoute(Object(Illuminate/Http/Request), Object(Illuminate/Routing/Route))
#65 D:/Codingan/random/_client_projects/pos_tb_nur/webapp/vendor/laravel/framework/src/Illuminate/Routing/Router.php(753): Illuminate/Routing/Router->dispatchToRoute(Object(Illuminate/Http/Request))
#66 D:/Codingan/random/_client_projects/pos_tb_nur/webapp/vendor/laravel/framework/src/Illuminate/Foundation/Http/Kernel.php(200): Illuminate/Routing/Router->dispatch(Object(Illuminate/Http/Request))
#67 D:/Codingan/random/_client_projects/pos_tb_nur/webapp/vendor/laravel/framework/src/Illuminate/Pipeline/Pipeline.php(180): Illuminate/Foundation/Http/Kernel->Illuminate/Foundation/Http/{closure}(Object(Illuminate/Http/Request))
#68 D:/Codingan/random/_client_projects/pos_tb_nur/webapp/vendor/inertiajs/inertia-laravel/src/Middleware/EnsureGetOnRedirect.php(19): Illuminate/Pipeline/Pipeline->Illuminate/Pipeline/{closure}(Object(Illuminate/Http/Request))
#69 D:/Codingan/random/_client_projects/pos_tb_nur/webapp/vendor/laravel/framework/src/Illuminate/Pipeline/Pipeline.php(219): Inertia/Middleware/EnsureGetOnRedirect->handle(Object(Illuminate/Http/Request), Object(Closure))
#70 D:/Codingan/random/_client_projects/pos_tb_nur/webapp/vendor/laravel/framework/src/Illuminate/Foundation/Http/Middleware/TransformsRequest.php(21): Illuminate/Pipeline/Pipeline->Illuminate/Pipeline/{closure}(Object(Illuminate/Http/Request))
#71 D:/Codingan/random/_client_projects/pos_tb_nur/webapp/vendor/laravel/framework/src/Illuminate/Foundation/Http/Middleware/ConvertEmptyStringsToNull.php(31): Illuminate/Foundation/Http/Middleware/TransformsRequest->handle(Object(Illuminate/Http/Request), Object(Closure))
#72 D:/Codingan/random/_client_projects/pos_tb_nur/webapp/vendor/laravel/framework/src/Illuminate/Pipeline/Pipeline.php(219): Illuminate/Foundation/Http/Middleware/ConvertEmptyStringsToNull->handle(Object(Illuminate/Http/Request), Object(Closure))
#73 D:/Codingan/random/_client_projects/pos_tb_nur/webapp/vendor/laravel/framework/src/Illuminate/Foundation/Http/Middleware/TransformsRequest.php(21): Illuminate/Pipeline/Pipeline->Illuminate/Pipeline/{closure}(Object(Illuminate/Http/Request))
#74 D:/Codingan/random/_client_projects/pos_tb_nur/webapp/vendor/laravel/framework/src/Illuminate/Foundation/Http/Middleware/TrimStrings.php(51): Illuminate/Foundation/Http/Middleware/TransformsRequest->handle(Object(Illuminate/Http/Request), Object(Closure))
#75 D:/Codingan/random/_client_projects/pos_tb_nur/webapp/vendor/laravel/framework/src/Illuminate/Pipeline/Pipeline.php(219): Illuminate/Foundation/Http/Middleware/TrimStrings->handle(Object(Illuminate/Http/Request), Object(Closure))
#76 D:/Codingan/random/_client_projects/pos_tb_nur/webapp/vendor/laravel/framework/src/Illuminate/Http/Middleware/ValidatePostSize.php(27): Illuminate/Pipeline/Pipeline->Illuminate/Pipeline/{closure}(Object(Illuminate/Http/Request))
#77 D:/Codingan/random/_client_projects/pos_tb_nur/webapp/vendor/laravel/framework/src/Illuminate/Pipeline/Pipeline.php(219): Illuminate/Http/Middleware/ValidatePostSize->handle(Object(Illuminate/Http/Request), Object(Closure))
#78 D:/Codingan/random/_client_projects/pos_tb_nur/webapp/vendor/laravel/framework/src/Illuminate/Foundation/Http/Middleware/PreventRequestsDuringMaintenance.php(109): Illuminate/Pipeline/Pipeline->Illuminate/Pipeline/{closure}(Object(Illuminate/Http/Request))
#79 D:/Codingan/random/_client_projects/pos_tb_nur/webapp/vendor/laravel/framework/src/Illuminate/Pipeline/Pipeline.php(219): Illuminate/Foundation/Http/Middleware/PreventRequestsDuringMaintenance->handle(Object(Illuminate/Http/Request), Object(Closure))
#80 D:/Codingan/random/_client_projects/pos_tb_nur/webapp/vendor/laravel/framework/src/Illuminate/Http/Middleware/HandleCors.php(74): Illuminate/Pipeline/Pipeline->Illuminate/Pipeline/{closure}(Object(Illuminate/Http/Request))
#81 D:/Codingan/random/_client_projects/pos_tb_nur/webapp/vendor/laravel/framework/src/Illuminate/Pipeline/Pipeline.php(219): Illuminate/Http/Middleware/HandleCors->handle(Object(Illuminate/Http/Request), Object(Closure))
#82 D:/Codingan/random/_client_projects/pos_tb_nur/webapp/vendor/laravel/framework/src/Illuminate/Http/Middleware/TrustProxies.php(58): Illuminate/Pipeline/Pipeline->Illuminate/Pipeline/{closure}(Object(Illuminate/Http/Request))
#83 D:/Codingan/random/_client_projects/pos_tb_nur/webapp/vendor/laravel/framework/src/Illuminate/Pipeline/Pipeline.php(219): Illuminate/Http/Middleware/TrustProxies->handle(Object(Illuminate/Http/Request), Object(Closure))
#84 D:/Codingan/random/_client_projects/pos_tb_nur/webapp/vendor/laravel/framework/src/Illuminate/Foundation/Http/Middleware/InvokeDeferredCallbacks.php(22): Illuminate/Pipeline/Pipeline->Illuminate/Pipeline/{closure}(Object(Illuminate/Http/Request))
#85 D:/Codingan/random/_client_projects/pos_tb_nur/webapp/vendor/laravel/framework/src/Illuminate/Pipeline/Pipeline.php(219): Illuminate/Foundation/Http/Middleware/InvokeDeferredCallbacks->handle(Object(Illuminate/Http/Request), Object(Closure))
#86 D:/Codingan/random/_client_projects/pos_tb_nur/webapp/vendor/laravel/framework/src/Illuminate/Http/Middleware/ValidatePathEncoding.php(26): Illuminate/Pipeline/Pipeline->Illuminate/Pipeline/{closure}(Object(Illuminate/Http/Request))
#87 D:/Codingan/random/_client_projects/pos_tb_nur/webapp/vendor/laravel/framework/src/Illuminate/Pipeline/Pipeline.php(219): Illuminate/Http/Middleware/ValidatePathEncoding->handle(Object(Illuminate/Http/Request), Object(Closure))
#88 D:/Codingan/random/_client_projects/pos_tb_nur/webapp/vendor/laravel/framework/src/Illuminate/Pipeline/Pipeline.php(137): Illuminate/Pipeline/Pipeline->Illuminate/Pipeline/{closure}(Object(Illuminate/Http/Request))
#89 D:/Codingan/random/_client_projects/pos_tb_nur/webapp/vendor/laravel/framework/src/Illuminate/Foundation/Http/Kernel.php(175): Illuminate/Pipeline/Pipeline->then(Object(Closure))
#90 D:/Codingan/random/_client_projects/pos_tb_nur/webapp/vendor/laravel/framework/src/Illuminate/Foundation/Http/Kernel.php(144): Illuminate/Foundation/Http/Kernel->sendRequestThroughRouter(Object(Illuminate/Http/Request))
#91 D:/Codingan/random/_client_projects/pos_tb_nur/webapp/vendor/laravel/framework/src/Illuminate/Foundation/Testing/Concerns/MakesHttpRequests.php(607): Illuminate/Foundation/Http/Kernel->handle(Object(Illuminate/Http/Request))
#92 D:/Codingan/random/_client_projects/pos_tb_nur/webapp/vendor/laravel/framework/src/Illuminate/Foundation/Testing/Concerns/MakesHttpRequests.php(573): Illuminate/Foundation/Testing/TestCase->call('POST', '/api/backend/go...', Array, Array, Array, Array, '{\"warehouse_id\"...')
#93 D:/Codingan/random/_client_projects/pos_tb_nur/webapp/vendor/laravel/framework/src/Illuminate/Foundation/Testing/Concerns/MakesHttpRequests.php(411): Illuminate/Foundation/Testing/TestCase->json('POST', '/api/backend/go...', Array, Array, 0)
#94 D:/Codingan/random/_client_projects/pos_tb_nur/webapp/tests/Feature/InventoryCostingTest.php(237): Illuminate/Foundation/Testing/TestCase->postJson('/api/backend/go...', Array)
#95 D:/Codingan/random/_client_projects/pos_tb_nur/webapp/vendor/phpunit/phpunit/src/Framework/TestCase.php(1667): Tests/Feature/InventoryCostingTest->test_updating_sales_delivery_reverts_and_reapplies_costing()
#96 D:/Codingan/random/_client_projects/pos_tb_nur/webapp/vendor/phpunit/phpunit/src/Framework/TestCase.php(519): PHPUnit/Framework/TestCase->runTest()
#97 D:/Codingan/random/_client_projects/pos_tb_nur/webapp/vendor/phpunit/phpunit/src/Framework/TestRunner/TestRunner.php(87): PHPUnit/Framework/TestCase->runBare()
#98 D:/Codingan/random/_client_projects/pos_tb_nur/webapp/vendor/phpunit/phpunit/src/Framework/TestCase.php(365): PHPUnit/Framework/TestRunner->run(Object(Tests/Feature/InventoryCostingTest))
#99 D:/Codingan/random/_client_projects/pos_tb_nur/webapp/vendor/phpunit/phpunit/src/Framework/TestSuite.php(369): PHPUnit/Framework/TestCase->run()
#100 D:/Codingan/random/_client_projects/pos_tb_nur/webapp/vendor/phpunit/phpunit/src/Framework/TestSuite.php(369): PHPUnit/Framework/TestSuite->run()
#101 D:/Codingan/random/_client_projects/pos_tb_nur/webapp/vendor/phpunit/phpunit/src/Framework/TestSuite.php(369): PHPUnit/Framework/TestSuite->run()
#102 D:/Codingan/random/_client_projects/pos_tb_nur/webapp/vendor/phpunit/phpunit/src/TextUI/TestRunner.php(64): PHPUnit/Framework/TestSuite->run()
#103 D:/Codingan/random/_client_projects/pos_tb_nur/webapp/vendor/phpunit/phpunit/src/TextUI/Application.php(211): PHPUnit/TextUI/TestRunner->run(Object(PHPUnit/TextUI/Configuration/Configuration), Object(PHPUnit/Runner/ResultCache/DefaultResultCache), Object(PHPUnit/Framework/TestSuite))
#104 D:/Codingan/random/_client_projects/pos_tb_nur/webapp/vendor/phpunit/phpunit/phpunit(104): PHPUnit/TextUI/Application->run(Array)
#105 {main}
"} 
[2026-07-31 17:44:59] testing.ERROR: Call to undefined method App\Domain\Catalog\Models\Product::supplierPrices() {"userId":1,"exception":"[object] (BadMethodCallException(code: 0): Call to undefined method App\\Domain\\Catalog\\Models\\Product::supplierPrices() at D:/Codingan/random/_client_projects/pos_tb_nur/webapp/vendor/laravel/framework/src/Illuminate/Support/Traits/ForwardsCalls.php:67)
[stacktrace]
#0 D:/Codingan/random/_client_projects/pos_tb_nur/webapp/vendor/laravel/framework/src/Illuminate/Support/Traits/ForwardsCalls.php(36): Illuminate/Database/Eloquent/Model::throwBadMethodCallException('supplierPrices')
#1 D:/Codingan/random/_client_projects/pos_tb_nur/webapp/vendor/laravel/framework/src/Illuminate/Database/Eloquent/Model.php(2540): Illuminate/Database/Eloquent/Model->forwardCallTo(Object(Illuminate/Database/Eloquent/Builder), 'supplierPrices', Array)
#2 D:/Codingan/random/_client_projects/pos_tb_nur/webapp/app/Domain/Catalog/Models/Product.php(48): Illuminate/Database/Eloquent/Model->__call('supplierPrices', Array)
#3 D:/Codingan/random/_client_projects/pos_tb_nur/webapp/vendor/laravel/framework/src/Illuminate/Database/Eloquent/Concerns/HasAttributes.php(717): App/Domain/Catalog/Models/Product->getMainSupplierAttribute(NULL)
#4 D:/Codingan/random/_client_projects/pos_tb_nur/webapp/vendor/laravel/framework/src/Illuminate/Database/Eloquent/Concerns/HasAttributes.php(769): Illuminate/Database/Eloquent/Model->mutateAttribute('main_supplier', NULL)
#5 D:/Codingan/random/_client_projects/pos_tb_nur/webapp/vendor/laravel/framework/src/Illuminate/Database/Eloquent/Concerns/HasAttributes.php(239): Illuminate/Database/Eloquent/Model->mutateAttributeForArray('main_supplier', NULL)
#6 D:/Codingan/random/_client_projects/pos_tb_nur/webapp/vendor/laravel/framework/src/Illuminate/Database/Eloquent/Model.php(1781): Illuminate/Database/Eloquent/Model->attributesToArray()
#7 [internal function]: Illuminate/Database/Eloquent/Model->Illuminate/Database/Eloquent/{closure}()
#8 D:/Codingan/random/_client_projects/pos_tb_nur/webapp/vendor/laravel/framework/src/Illuminate/Database/Eloquent/Concerns/PreventsCircularRecursion.php(46): call_user_func(Object(Closure))
#9 D:/Codingan/random/_client_projects/pos_tb_nur/webapp/vendor/laravel/framework/src/Illuminate/Database/Eloquent/Model.php(1780): Illuminate/Database/Eloquent/Model->withoutRecursion(Object(Closure), Object(Closure))
#10 D:/Codingan/random/_client_projects/pos_tb_nur/webapp/vendor/laravel/framework/src/Illuminate/Database/Eloquent/Concerns/HasAttributes.php(389): Illuminate/Database/Eloquent/Model->toArray()
#11 D:/Codingan/random/_client_projects/pos_tb_nur/webapp/vendor/laravel/framework/src/Illuminate/Database/Eloquent/Model.php(1781): Illuminate/Database/Eloquent/Model->relationsToArray()
#12 [internal function]: Illuminate/Database/Eloquent/Model->Illuminate/Database/Eloquent/{closure}()
#13 D:/Codingan/random/_client_projects/pos_tb_nur/webapp/vendor/laravel/framework/src/Illuminate/Database/Eloquent/Concerns/PreventsCircularRecursion.php(46): call_user_func(Object(Closure))
#14 D:/Codingan/random/_client_projects/pos_tb_nur/webapp/vendor/laravel/framework/src/Illuminate/Database/Eloquent/Model.php(1780): Illuminate/Database/Eloquent/Model->withoutRecursion(Object(Closure), Object(Closure))
#15 D:/Codingan/random/_client_projects/pos_tb_nur/webapp/vendor/laravel/framework/src/Illuminate/Collections/Traits/EnumeratesValues.php(978): Illuminate/Database/Eloquent/Model->toArray()
#16 [internal function]: Illuminate/Support/Collection->Illuminate/Support/Traits/{closure}(Object(App/Domain/Support/Models/OperationDocumentLine), 0)
#17 D:/Codingan/random/_client_projects/pos_tb_nur/webapp/vendor/laravel/framework/src/Illuminate/Collections/Arr.php(841): array_map(Object(Closure), Array, Array)
#18 D:/Codingan/random/_client_projects/pos_tb_nur/webapp/vendor/laravel/framework/src/Illuminate/Collections/Collection.php(829): Illuminate/Support/Arr::map(Array, Object(Closure))
#19 D:/Codingan/random/_client_projects/pos_tb_nur/webapp/vendor/laravel/framework/src/Illuminate/Database/Eloquent/Collection.php(421): Illuminate/Support/Collection->map(Object(Closure))
#20 D:/Codingan/random/_client_projects/pos_tb_nur/webapp/vendor/laravel/framework/src/Illuminate/Collections/Traits/EnumeratesValues.php(978): Illuminate/Database/Eloquent/Collection->map(Object(Closure))
#21 D:/Codingan/random/_client_projects/pos_tb_nur/webapp/vendor/laravel/framework/src/Illuminate/Database/Eloquent/Concerns/HasAttributes.php(389): Illuminate/Support/Collection->toArray()
#22 D:/Codingan/random/_client_projects/pos_tb_nur/webapp/vendor/laravel/framework/src/Illuminate/Database/Eloquent/Model.php(1781): Illuminate/Database/Eloquent/Model->relationsToArray()
#23 [internal function]: Illuminate/Database/Eloquent/Model->Illuminate/Database/Eloquent/{closure}()
#24 D:/Codingan/random/_client_projects/pos_tb_nur/webapp/vendor/laravel/framework/src/Illuminate/Database/Eloquent/Concerns/PreventsCircularRecursion.php(46): call_user_func(Object(Closure))
#25 D:/Codingan/random/_client_projects/pos_tb_nur/webapp/vendor/laravel/framework/src/Illuminate/Database/Eloquent/Model.php(1780): Illuminate/Database/Eloquent/Model->withoutRecursion(Object(Closure), Object(Closure))
#26 D:/Codingan/random/_client_projects/pos_tb_nur/webapp/vendor/laravel/framework/src/Illuminate/Database/Eloquent/Model.php(1825): Illuminate/Database/Eloquent/Model->toArray()
#27 [internal function]: Illuminate/Database/Eloquent/Model->jsonSerialize()
#28 D:/Codingan/random/_client_projects/pos_tb_nur/webapp/vendor/laravel/framework/src/Illuminate/Http/JsonResponse.php(87): json_encode(Array, 0)
#29 D:/Codingan/random/_client_projects/pos_tb_nur/webapp/vendor/symfony/http-foundation/JsonResponse.php(49): Illuminate/Http/JsonResponse->setData(Array)
#30 D:/Codingan/random/_client_projects/pos_tb_nur/webapp/vendor/laravel/framework/src/Illuminate/Http/JsonResponse.php(31): Symfony/Component/HttpFoundation/JsonResponse->__construct(Array, 201, Array, false)
#31 D:/Codingan/random/_client_projects/pos_tb_nur/webapp/vendor/laravel/framework/src/Illuminate/Routing/ResponseFactory.php(105): Illuminate/Http/JsonResponse->__construct(Array, 201, Array, 0)
#32 D:/Codingan/random/_client_projects/pos_tb_nur/webapp/app/Http/Controllers/Api/BackendResourceController.php(89): Illuminate/Routing/ResponseFactory->json(Array, 201)
#33 D:/Codingan/random/_client_projects/pos_tb_nur/webapp/vendor/laravel/framework/src/Illuminate/Routing/ControllerDispatcher.php(46): App/Http/Controllers/Api/BackendResourceController->store(Object(App/Http/Requests/Api/Backend/BackendResourceStoreRequest), 'goods-receipts')
#34 D:/Codingan/random/_client_projects/pos_tb_nur/webapp/vendor/laravel/framework/src/Illuminate/Routing/Route.php(265): Illuminate/Routing/ControllerDispatcher->dispatch(Object(Illuminate/Routing/Route), Object(App/Http/Controllers/Api/BackendResourceController), 'store')
#35 D:/Codingan/random/_client_projects/pos_tb_nur/webapp/vendor/laravel/framework/src/Illuminate/Routing/Route.php(211): Illuminate/Routing/Route->runController()
#36 D:/Codingan/random/_client_projects/pos_tb_nur/webapp/vendor/laravel/framework/src/Illuminate/Routing/Router.php(822): Illuminate/Routing/Route->run()
#37 D:/Codingan/random/_client_projects/pos_tb_nur/webapp/vendor/laravel/framework/src/Illuminate/Pipeline/Pipeline.php(180): Illuminate/Routing/Router->Illuminate/Routing/{closure}(Object(Illuminate/Http/Request))
#38 D:/Codingan/random/_client_projects/pos_tb_nur/webapp/app/Http/Middleware/SecureHeaders.php(16): Illuminate/Pipeline/Pipeline->Illuminate/Pipeline/{closure}(Object(Illuminate/Http/Request))
#39 D:/Codingan/random/_client_projects/pos_tb_nur/webapp/vendor/laravel/framework/src/Illuminate/Pipeline/Pipeline.php(219): App/Http/Middleware/SecureHeaders->handle(Object(Illuminate/Http/Request), Object(Closure))
#40 D:/Codingan/random/_client_projects/pos_tb_nur/webapp/vendor/inertiajs/inertia-laravel/src/Middleware.php(138): Illuminate/Pipeline/Pipeline->Illuminate/Pipeline/{closure}(Object(Illuminate/Http/Request))
#41 D:/Codingan/random/_client_projects/pos_tb_nur/webapp/vendor/laravel/framework/src/Illuminate/Pipeline/Pipeline.php(219): Inertia/Middleware->handle(Object(Illuminate/Http/Request), Object(Closure))
#42 D:/Codingan/random/_client_projects/pos_tb_nur/webapp/vendor/laravel/framework/src/Illuminate/Foundation/Http/Middleware/VerifyCsrfToken.php(87): Illuminate/Pipeline/Pipeline->Illuminate/Pipeline/{closure}(Object(Illuminate/Http/Request))
#43 D:/Codingan/random/_client_projects/pos_tb_nur/webapp/vendor/laravel/framework/src/Illuminate/Pipeline/Pipeline.php(219): Illuminate/Foundation/Http/Middleware/VerifyCsrfToken->handle(Object(Illuminate/Http/Request), Object(Closure))
#44 D:/Codingan/random/_client_projects/pos_tb_nur/webapp/vendor/laravel/framework/src/Illuminate/Routing/Middleware/SubstituteBindings.php(50): Illuminate/Pipeline/Pipeline->Illuminate/Pipeline/{closure}(Object(Illuminate/Http/Request))
#45 D:/Codingan/random/_client_projects/pos_tb_nur/webapp/vendor/laravel/framework/src/Illuminate/Pipeline/Pipeline.php(219): Illuminate/Routing/Middleware/SubstituteBindings->handle(Object(Illuminate/Http/Request), Object(Closure))
#46 D:/Codingan/random/_client_projects/pos_tb_nur/webapp/vendor/laravel/framework/src/Illuminate/Routing/Middleware/ThrottleRequests.php(166): Illuminate/Pipeline/Pipeline->Illuminate/Pipeline/{closure}(Object(Illuminate/Http/Request))
#47 D:/Codingan/random/_client_projects/pos_tb_nur/webapp/vendor/laravel/framework/src/Illuminate/Routing/Middleware/ThrottleRequests.php(129): Illuminate/Routing/Middleware/ThrottleRequests->handleRequest(Object(Illuminate/Http/Request), Object(Closure), Array)
#48 D:/Codingan/random/_client_projects/pos_tb_nur/webapp/vendor/laravel/framework/src/Illuminate/Routing/Middleware/ThrottleRequests.php(90): Illuminate/Routing/Middleware/ThrottleRequests->handleRequestUsingNamedLimiter(Object(Illuminate/Http/Request), Object(Closure), 'api', Object(Closure))
#49 D:/Codingan/random/_client_projects/pos_tb_nur/webapp/vendor/laravel/framework/src/Illuminate/Pipeline/Pipeline.php(219): Illuminate/Routing/Middleware/ThrottleRequests->handle(Object(Illuminate/Http/Request), Object(Closure), 'api')
#50 D:/Codingan/random/_client_projects/pos_tb_nur/webapp/vendor/laravel/framework/src/Illuminate/Auth/Middleware/Authenticate.php(63): Illuminate/Pipeline/Pipeline->Illuminate/Pipeline/{closure}(Object(Illuminate/Http/Request))
#51 D:/Codingan/random/_client_projects/pos_tb_nur/webapp/vendor/laravel/framework/src/Illuminate/Pipeline/Pipeline.php(219): Illuminate/Auth/Middleware/Authenticate->handle(Object(Illuminate/Http/Request), Object(Closure))
#52 D:/Codingan/random/_client_projects/pos_tb_nur/webapp/vendor/laravel/framework/src/Illuminate/View/Middleware/ShareErrorsFromSession.php(48): Illuminate/Pipeline/Pipeline->Illuminate/Pipeline/{closure}(Object(Illuminate/Http/Request))
#53 D:/Codingan/random/_client_projects/pos_tb_nur/webapp/vendor/laravel/framework/src/Illuminate/Pipeline/Pipeline.php(219): Illuminate/View/Middleware/ShareErrorsFromSession->handle(Object(Illuminate/Http/Request), Object(Closure))
#54 D:/Codingan/random/_client_projects/pos_tb_nur/webapp/vendor/laravel/framework/src/Illuminate/Session/Middleware/StartSession.php(120): Illuminate/Pipeline/Pipeline->Illuminate/Pipeline/{closure}(Object(Illuminate/Http/Request))
#55 D:/Codingan/random/_client_projects/pos_tb_nur/webapp/vendor/laravel/framework/src/Illuminate/Session/Middleware/StartSession.php(63): Illuminate/Session/Middleware/StartSession->handleStatefulRequest(Object(Illuminate/Http/Request), Object(Illuminate/Session/Store), Object(Closure))
#56 D:/Codingan/random/_client_projects/pos_tb_nur/webapp/vendor/laravel/framework/src/Illuminate/Pipeline/Pipeline.php(219): Illuminate/Session/Middleware/StartSession->handle(Object(Illuminate/Http/Request), Object(Closure))
#57 D:/Codingan/random/_client_projects/pos_tb_nur/webapp/vendor/laravel/framework/src/Illuminate/Cookie/Middleware/AddQueuedCookiesToResponse.php(36): Illuminate/Pipeline/Pipeline->Illuminate/Pipeline/{closure}(Object(Illuminate/Http/Request))
#58 D:/Codingan/random/_client_projects/pos_tb_nur/webapp/vendor/laravel/framework/src/Illuminate/Pipeline/Pipeline.php(219): Illuminate/Cookie/Middleware/AddQueuedCookiesToResponse->handle(Object(Illuminate/Http/Request), Object(Closure))
#59 D:/Codingan/random/_client_projects/pos_tb_nur/webapp/vendor/laravel/framework/src/Illuminate/Cookie/Middleware/EncryptCookies.php(74): Illuminate/Pipeline/Pipeline->Illuminate/Pipeline/{closure}(Object(Illuminate/Http/Request))
#60 D:/Codingan/random/_client_projects/pos_tb_nur/webapp/vendor/laravel/framework/src/Illuminate/Pipeline/Pipeline.php(219): Illuminate/Cookie/Middleware/EncryptCookies->handle(Object(Illuminate/Http/Request), Object(Closure))
#61 D:/Codingan/random/_client_projects/pos_tb_nur/webapp/vendor/laravel/framework/src/Illuminate/Pipeline/Pipeline.php(137): Illuminate/Pipeline/Pipeline->Illuminate/Pipeline/{closure}(Object(Illuminate/Http/Request))
#62 D:/Codingan/random/_client_projects/pos_tb_nur/webapp/vendor/laravel/framework/src/Illuminate/Routing/Router.php(821): Illuminate/Pipeline/Pipeline->then(Object(Closure))
#63 D:/Codingan/random/_client_projects/pos_tb_nur/webapp/vendor/laravel/framework/src/Illuminate/Routing/Router.php(800): Illuminate/Routing/Router->runRouteWithinStack(Object(Illuminate/Routing/Route), Object(Illuminate/Http/Request))
#64 D:/Codingan/random/_client_projects/pos_tb_nur/webapp/vendor/laravel/framework/src/Illuminate/Routing/Router.php(764): Illuminate/Routing/Router->runRoute(Object(Illuminate/Http/Request), Object(Illuminate/Routing/Route))
#65 D:/Codingan/random/_client_projects/pos_tb_nur/webapp/vendor/laravel/framework/src/Illuminate/Routing/Router.php(753): Illuminate/Routing/Router->dispatchToRoute(Object(Illuminate/Http/Request))
#66 D:/Codingan/random/_client_projects/pos_tb_nur/webapp/vendor/laravel/framework/src/Illuminate/Foundation/Http/Kernel.php(200): Illuminate/Routing/Router->dispatch(Object(Illuminate/Http/Request))
#67 D:/Codingan/random/_client_projects/pos_tb_nur/webapp/vendor/laravel/framework/src/Illuminate/Pipeline/Pipeline.php(180): Illuminate/Foundation/Http/Kernel->Illuminate/Foundation/Http/{closure}(Object(Illuminate/Http/Request))
#68 D:/Codingan/random/_client_projects/pos_tb_nur/webapp/vendor/inertiajs/inertia-laravel/src/Middleware/EnsureGetOnRedirect.php(19): Illuminate/Pipeline/Pipeline->Illuminate/Pipeline/{closure}(Object(Illuminate/Http/Request))
#69 D:/Codingan/random/_client_projects/pos_tb_nur/webapp/vendor/laravel/framework/src/Illuminate/Pipeline/Pipeline.php(219): Inertia/Middleware/EnsureGetOnRedirect->handle(Object(Illuminate/Http/Request), Object(Closure))
#70 D:/Codingan/random/_client_projects/pos_tb_nur/webapp/vendor/laravel/framework/src/Illuminate/Foundation/Http/Middleware/TransformsRequest.php(21): Illuminate/Pipeline/Pipeline->Illuminate/Pipeline/{closure}(Object(Illuminate/Http/Request))
#71 D:/Codingan/random/_client_projects/pos_tb_nur/webapp/vendor/laravel/framework/src/Illuminate/Foundation/Http/Middleware/ConvertEmptyStringsToNull.php(31): Illuminate/Foundation/Http/Middleware/TransformsRequest->handle(Object(Illuminate/Http/Request), Object(Closure))
#72 D:/Codingan/random/_client_projects/pos_tb_nur/webapp/vendor/laravel/framework/src/Illuminate/Pipeline/Pipeline.php(219): Illuminate/Foundation/Http/Middleware/ConvertEmptyStringsToNull->handle(Object(Illuminate/Http/Request), Object(Closure))
#73 D:/Codingan/random/_client_projects/pos_tb_nur/webapp/vendor/laravel/framework/src/Illuminate/Foundation/Http/Middleware/TransformsRequest.php(21): Illuminate/Pipeline/Pipeline->Illuminate/Pipeline/{closure}(Object(Illuminate/Http/Request))
#74 D:/Codingan/random/_client_projects/pos_tb_nur/webapp/vendor/laravel/framework/src/Illuminate/Foundation/Http/Middleware/TrimStrings.php(51): Illuminate/Foundation/Http/Middleware/TransformsRequest->handle(Object(Illuminate/Http/Request), Object(Closure))
#75 D:/Codingan/random/_client_projects/pos_tb_nur/webapp/vendor/laravel/framework/src/Illuminate/Pipeline/Pipeline.php(219): Illuminate/Foundation/Http/Middleware/TrimStrings->handle(Object(Illuminate/Http/Request), Object(Closure))
#76 D:/Codingan/random/_client_projects/pos_tb_nur/webapp/vendor/laravel/framework/src/Illuminate/Http/Middleware/ValidatePostSize.php(27): Illuminate/Pipeline/Pipeline->Illuminate/Pipeline/{closure}(Object(Illuminate/Http/Request))
#77 D:/Codingan/random/_client_projects/pos_tb_nur/webapp/vendor/laravel/framework/src/Illuminate/Pipeline/Pipeline.php(219): Illuminate/Http/Middleware/ValidatePostSize->handle(Object(Illuminate/Http/Request), Object(Closure))
#78 D:/Codingan/random/_client_projects/pos_tb_nur/webapp/vendor/laravel/framework/src/Illuminate/Foundation/Http/Middleware/PreventRequestsDuringMaintenance.php(109): Illuminate/Pipeline/Pipeline->Illuminate/Pipeline/{closure}(Object(Illuminate/Http/Request))
#79 D:/Codingan/random/_client_projects/pos_tb_nur/webapp/vendor/laravel/framework/src/Illuminate/Pipeline/Pipeline.php(219): Illuminate/Foundation/Http/Middleware/PreventRequestsDuringMaintenance->handle(Object(Illuminate/Http/Request), Object(Closure))
#80 D:/Codingan/random/_client_projects/pos_tb_nur/webapp/vendor/laravel/framework/src/Illuminate/Http/Middleware/HandleCors.php(74): Illuminate/Pipeline/Pipeline->Illuminate/Pipeline/{closure}(Object(Illuminate/Http/Request))
#81 D:/Codingan/random/_client_projects/pos_tb_nur/webapp/vendor/laravel/framework/src/Illuminate/Pipeline/Pipeline.php(219): Illuminate/Http/Middleware/HandleCors->handle(Object(Illuminate/Http/Request), Object(Closure))
#82 D:/Codingan/random/_client_projects/pos_tb_nur/webapp/vendor/laravel/framework/src/Illuminate/Http/Middleware/TrustProxies.php(58): Illuminate/Pipeline/Pipeline->Illuminate/Pipeline/{closure}(Object(Illuminate/Http/Request))
#83 D:/Codingan/random/_client_projects/pos_tb_nur/webapp/vendor/laravel/framework/src/Illuminate/Pipeline/Pipeline.php(219): Illuminate/Http/Middleware/TrustProxies->handle(Object(Illuminate/Http/Request), Object(Closure))
#84 D:/Codingan/random/_client_projects/pos_tb_nur/webapp/vendor/laravel/framework/src/Illuminate/Foundation/Http/Middleware/InvokeDeferredCallbacks.php(22): Illuminate/Pipeline/Pipeline->Illuminate/Pipeline/{closure}(Object(Illuminate/Http/Request))
#85 D:/Codingan/random/_client_projects/pos_tb_nur/webapp/vendor/laravel/framework/src/Illuminate/Pipeline/Pipeline.php(219): Illuminate/Foundation/Http/Middleware/InvokeDeferredCallbacks->handle(Object(Illuminate/Http/Request), Object(Closure))
#86 D:/Codingan/random/_client_projects/pos_tb_nur/webapp/vendor/laravel/framework/src/Illuminate/Http/Middleware/ValidatePathEncoding.php(26): Illuminate/Pipeline/Pipeline->Illuminate/Pipeline/{closure}(Object(Illuminate/Http/Request))
#87 D:/Codingan/random/_client_projects/pos_tb_nur/webapp/vendor/laravel/framework/src/Illuminate/Pipeline/Pipeline.php(219): Illuminate/Http/Middleware/ValidatePathEncoding->handle(Object(Illuminate/Http/Request), Object(Closure))
#88 D:/Codingan/random/_client_projects/pos_tb_nur/webapp/vendor/laravel/framework/src/Illuminate/Pipeline/Pipeline.php(137): Illuminate/Pipeline/Pipeline->Illuminate/Pipeline/{closure}(Object(Illuminate/Http/Request))
#89 D:/Codingan/random/_client_projects/pos_tb_nur/webapp/vendor/laravel/framework/src/Illuminate/Foundation/Http/Kernel.php(175): Illuminate/Pipeline/Pipeline->then(Object(Closure))
#90 D:/Codingan/random/_client_projects/pos_tb_nur/webapp/vendor/laravel/framework/src/Illuminate/Foundation/Http/Kernel.php(144): Illuminate/Foundation/Http/Kernel->sendRequestThroughRouter(Object(Illuminate/Http/Request))
#91 D:/Codingan/random/_client_projects/pos_tb_nur/webapp/vendor/laravel/framework/src/Illuminate/Foundation/Testing/Concerns/MakesHttpRequests.php(607): Illuminate/Foundation/Http/Kernel->handle(Object(Illuminate/Http/Request))
#92 D:/Codingan/random/_client_projects/pos_tb_nur/webapp/vendor/laravel/framework/src/Illuminate/Foundation/Testing/Concerns/MakesHttpRequests.php(573): Illuminate/Foundation/Testing/TestCase->call('POST', '/api/backend/go...', Array, Array, Array, Array, '{\"warehouse_id\"...')
#93 D:/Codingan/random/_client_projects/pos_tb_nur/webapp/vendor/laravel/framework/src/Illuminate/Foundation/Testing/Concerns/MakesHttpRequests.php(411): Illuminate/Foundation/Testing/TestCase->json('POST', '/api/backend/go...', Array, Array, 0)
#94 D:/Codingan/random/_client_projects/pos_tb_nur/webapp/tests/Feature/InventoryCostingTest.php(331): Illuminate/Foundation/Testing/TestCase->postJson('/api/backend/go...', Array)
#95 D:/Codingan/random/_client_projects/pos_tb_nur/webapp/vendor/phpunit/phpunit/src/Framework/TestCase.php(1667): Tests/Feature/InventoryCostingTest->test_stock_transfer_consumes_from_origin_and_creates_batch_in_destination()
#96 D:/Codingan/random/_client_projects/pos_tb_nur/webapp/vendor/phpunit/phpunit/src/Framework/TestCase.php(519): PHPUnit/Framework/TestCase->runTest()
#97 D:/Codingan/random/_client_projects/pos_tb_nur/webapp/vendor/phpunit/phpunit/src/Framework/TestRunner/TestRunner.php(87): PHPUnit/Framework/TestCase->runBare()
#98 D:/Codingan/random/_client_projects/pos_tb_nur/webapp/vendor/phpunit/phpunit/src/Framework/TestCase.php(365): PHPUnit/Framework/TestRunner->run(Object(Tests/Feature/InventoryCostingTest))
#99 D:/Codingan/random/_client_projects/pos_tb_nur/webapp/vendor/phpunit/phpunit/src/Framework/TestSuite.php(369): PHPUnit/Framework/TestCase->run()
#100 D:/Codingan/random/_client_projects/pos_tb_nur/webapp/vendor/phpunit/phpunit/src/Framework/TestSuite.php(369): PHPUnit/Framework/TestSuite->run()
#101 D:/Codingan/random/_client_projects/pos_tb_nur/webapp/vendor/phpunit/phpunit/src/Framework/TestSuite.php(369): PHPUnit/Framework/TestSuite->run()
#102 D:/Codingan/random/_client_projects/pos_tb_nur/webapp/vendor/phpunit/phpunit/src/TextUI/TestRunner.php(64): PHPUnit/Framework/TestSuite->run()
#103 D:/Codingan/random/_client_projects/pos_tb_nur/webapp/vendor/phpunit/phpunit/src/TextUI/Application.php(211): PHPUnit/TextUI/TestRunner->run(Object(PHPUnit/TextUI/Configuration/Configuration), Object(PHPUnit/Runner/ResultCache/DefaultResultCache), Object(PHPUnit/Framework/TestSuite))
#104 D:/Codingan/random/_client_projects/pos_tb_nur/webapp/vendor/phpunit/phpunit/phpunit(104): PHPUnit/TextUI/Application->run(Array)
#105 {main}
"} 
[2026-07-31 17:45:00] testing.ERROR: Call to undefined method App\Domain\Catalog\Models\Product::supplierPrices() {"userId":1,"exception":"[object] (BadMethodCallException(code: 0): Call to undefined method App\\Domain\\Catalog\\Models\\Product::supplierPrices() at D:/Codingan/random/_client_projects/pos_tb_nur/webapp/vendor/laravel/framework/src/Illuminate/Support/Traits/ForwardsCalls.php:67)
[stacktrace]
#0 D:/Codingan/random/_client_projects/pos_tb_nur/webapp/vendor/laravel/framework/src/Illuminate/Support/Traits/ForwardsCalls.php(36): Illuminate/Database/Eloquent/Model::throwBadMethodCallException('supplierPrices')
#1 D:/Codingan/random/_client_projects/pos_tb_nur/webapp/vendor/laravel/framework/src/Illuminate/Database/Eloquent/Model.php(2540): Illuminate/Database/Eloquent/Model->forwardCallTo(Object(Illuminate/Database/Eloquent/Builder), 'supplierPrices', Array)
#2 D:/Codingan/random/_client_projects/pos_tb_nur/webapp/app/Domain/Catalog/Models/Product.php(48): Illuminate/Database/Eloquent/Model->__call('supplierPrices', Array)
#3 D:/Codingan/random/_client_projects/pos_tb_nur/webapp/vendor/laravel/framework/src/Illuminate/Database/Eloquent/Concerns/HasAttributes.php(717): App/Domain/Catalog/Models/Product->getMainSupplierAttribute(NULL)
#4 D:/Codingan/random/_client_projects/pos_tb_nur/webapp/vendor/laravel/framework/src/Illuminate/Database/Eloquent/Concerns/HasAttributes.php(769): Illuminate/Database/Eloquent/Model->mutateAttribute('main_supplier', NULL)
#5 D:/Codingan/random/_client_projects/pos_tb_nur/webapp/vendor/laravel/framework/src/Illuminate/Database/Eloquent/Concerns/HasAttributes.php(239): Illuminate/Database/Eloquent/Model->mutateAttributeForArray('main_supplier', NULL)
#6 D:/Codingan/random/_client_projects/pos_tb_nur/webapp/vendor/laravel/framework/src/Illuminate/Database/Eloquent/Model.php(1781): Illuminate/Database/Eloquent/Model->attributesToArray()
#7 [internal function]: Illuminate/Database/Eloquent/Model->Illuminate/Database/Eloquent/{closure}()
#8 D:/Codingan/random/_client_projects/pos_tb_nur/webapp/vendor/laravel/framework/src/Illuminate/Database/Eloquent/Concerns/PreventsCircularRecursion.php(46): call_user_func(Object(Closure))
#9 D:/Codingan/random/_client_projects/pos_tb_nur/webapp/vendor/laravel/framework/src/Illuminate/Database/Eloquent/Model.php(1780): Illuminate/Database/Eloquent/Model->withoutRecursion(Object(Closure), Object(Closure))
#10 D:/Codingan/random/_client_projects/pos_tb_nur/webapp/vendor/laravel/framework/src/Illuminate/Database/Eloquent/Concerns/HasAttributes.php(389): Illuminate/Database/Eloquent/Model->toArray()
#11 D:/Codingan/random/_client_projects/pos_tb_nur/webapp/vendor/laravel/framework/src/Illuminate/Database/Eloquent/Model.php(1781): Illuminate/Database/Eloquent/Model->relationsToArray()
#12 [internal function]: Illuminate/Database/Eloquent/Model->Illuminate/Database/Eloquent/{closure}()
#13 D:/Codingan/random/_client_projects/pos_tb_nur/webapp/vendor/laravel/framework/src/Illuminate/Database/Eloquent/Concerns/PreventsCircularRecursion.php(46): call_user_func(Object(Closure))
#14 D:/Codingan/random/_client_projects/pos_tb_nur/webapp/vendor/laravel/framework/src/Illuminate/Database/Eloquent/Model.php(1780): Illuminate/Database/Eloquent/Model->withoutRecursion(Object(Closure), Object(Closure))
#15 D:/Codingan/random/_client_projects/pos_tb_nur/webapp/vendor/laravel/framework/src/Illuminate/Collections/Traits/EnumeratesValues.php(978): Illuminate/Database/Eloquent/Model->toArray()
#16 [internal function]: Illuminate/Support/Collection->Illuminate/Support/Traits/{closure}(Object(App/Domain/Support/Models/OperationDocumentLine), 0)
#17 D:/Codingan/random/_client_projects/pos_tb_nur/webapp/vendor/laravel/framework/src/Illuminate/Collections/Arr.php(841): array_map(Object(Closure), Array, Array)
#18 D:/Codingan/random/_client_projects/pos_tb_nur/webapp/vendor/laravel/framework/src/Illuminate/Collections/Collection.php(829): Illuminate/Support/Arr::map(Array, Object(Closure))
#19 D:/Codingan/random/_client_projects/pos_tb_nur/webapp/vendor/laravel/framework/src/Illuminate/Database/Eloquent/Collection.php(421): Illuminate/Support/Collection->map(Object(Closure))
#20 D:/Codingan/random/_client_projects/pos_tb_nur/webapp/vendor/laravel/framework/src/Illuminate/Collections/Traits/EnumeratesValues.php(978): Illuminate/Database/Eloquent/Collection->map(Object(Closure))
#21 D:/Codingan/random/_client_projects/pos_tb_nur/webapp/vendor/laravel/framework/src/Illuminate/Database/Eloquent/Concerns/HasAttributes.php(389): Illuminate/Support/Collection->toArray()
#22 D:/Codingan/random/_client_projects/pos_tb_nur/webapp/vendor/laravel/framework/src/Illuminate/Database/Eloquent/Model.php(1781): Illuminate/Database/Eloquent/Model->relationsToArray()
#23 [internal function]: Illuminate/Database/Eloquent/Model->Illuminate/Database/Eloquent/{closure}()
#24 D:/Codingan/random/_client_projects/pos_tb_nur/webapp/vendor/laravel/framework/src/Illuminate/Database/Eloquent/Concerns/PreventsCircularRecursion.php(46): call_user_func(Object(Closure))
#25 D:/Codingan/random/_client_projects/pos_tb_nur/webapp/vendor/laravel/framework/src/Illuminate/Database/Eloquent/Model.php(1780): Illuminate/Database/Eloquent/Model->withoutRecursion(Object(Closure), Object(Closure))
#26 D:/Codingan/random/_client_projects/pos_tb_nur/webapp/vendor/laravel/framework/src/Illuminate/Database/Eloquent/Model.php(1825): Illuminate/Database/Eloquent/Model->toArray()
#27 [internal function]: Illuminate/Database/Eloquent/Model->jsonSerialize()
#28 D:/Codingan/random/_client_projects/pos_tb_nur/webapp/vendor/laravel/framework/src/Illuminate/Http/JsonResponse.php(87): json_encode(Array, 0)
#29 D:/Codingan/random/_client_projects/pos_tb_nur/webapp/vendor/symfony/http-foundation/JsonResponse.php(49): Illuminate/Http/JsonResponse->setData(Array)
#30 D:/Codingan/random/_client_projects/pos_tb_nur/webapp/vendor/laravel/framework/src/Illuminate/Http/JsonResponse.php(31): Symfony/Component/HttpFoundation/JsonResponse->__construct(Array, 201, Array, false)
#31 D:/Codingan/random/_client_projects/pos_tb_nur/webapp/vendor/laravel/framework/src/Illuminate/Routing/ResponseFactory.php(105): Illuminate/Http/JsonResponse->__construct(Array, 201, Array, 0)
#32 D:/Codingan/random/_client_projects/pos_tb_nur/webapp/app/Http/Controllers/Api/BackendResourceController.php(89): Illuminate/Routing/ResponseFactory->json(Array, 201)
#33 D:/Codingan/random/_client_projects/pos_tb_nur/webapp/vendor/laravel/framework/src/Illuminate/Routing/ControllerDispatcher.php(46): App/Http/Controllers/Api/BackendResourceController->store(Object(App/Http/Requests/Api/Backend/BackendResourceStoreRequest), 'goods-receipts')
#34 D:/Codingan/random/_client_projects/pos_tb_nur/webapp/vendor/laravel/framework/src/Illuminate/Routing/Route.php(265): Illuminate/Routing/ControllerDispatcher->dispatch(Object(Illuminate/Routing/Route), Object(App/Http/Controllers/Api/BackendResourceController), 'store')
#35 D:/Codingan/random/_client_projects/pos_tb_nur/webapp/vendor/laravel/framework/src/Illuminate/Routing/Route.php(211): Illuminate/Routing/Route->runController()
#36 D:/Codingan/random/_client_projects/pos_tb_nur/webapp/vendor/laravel/framework/src/Illuminate/Routing/Router.php(822): Illuminate/Routing/Route->run()
#37 D:/Codingan/random/_client_projects/pos_tb_nur/webapp/vendor/laravel/framework/src/Illuminate/Pipeline/Pipeline.php(180): Illuminate/Routing/Router->Illuminate/Routing/{closure}(Object(Illuminate/Http/Request))
#38 D:/Codingan/random/_client_projects/pos_tb_nur/webapp/app/Http/Middleware/SecureHeaders.php(16): Illuminate/Pipeline/Pipeline->Illuminate/Pipeline/{closure}(Object(Illuminate/Http/Request))
#39 D:/Codingan/random/_client_projects/pos_tb_nur/webapp/vendor/laravel/framework/src/Illuminate/Pipeline/Pipeline.php(219): App/Http/Middleware/SecureHeaders->handle(Object(Illuminate/Http/Request), Object(Closure))
#40 D:/Codingan/random/_client_projects/pos_tb_nur/webapp/vendor/inertiajs/inertia-laravel/src/Middleware.php(138): Illuminate/Pipeline/Pipeline->Illuminate/Pipeline/{closure}(Object(Illuminate/Http/Request))
#41 D:/Codingan/random/_client_projects/pos_tb_nur/webapp/vendor/laravel/framework/src/Illuminate/Pipeline/Pipeline.php(219): Inertia/Middleware->handle(Object(Illuminate/Http/Request), Object(Closure))
#42 D:/Codingan/random/_client_projects/pos_tb_nur/webapp/vendor/laravel/framework/src/Illuminate/Foundation/Http/Middleware/VerifyCsrfToken.php(87): Illuminate/Pipeline/Pipeline->Illuminate/Pipeline/{closure}(Object(Illuminate/Http/Request))
#43 D:/Codingan/random/_client_projects/pos_tb_nur/webapp/vendor/laravel/framework/src/Illuminate/Pipeline/Pipeline.php(219): Illuminate/Foundation/Http/Middleware/VerifyCsrfToken->handle(Object(Illuminate/Http/Request), Object(Closure))
#44 D:/Codingan/random/_client_projects/pos_tb_nur/webapp/vendor/laravel/framework/src/Illuminate/Routing/Middleware/SubstituteBindings.php(50): Illuminate/Pipeline/Pipeline->Illuminate/Pipeline/{closure}(Object(Illuminate/Http/Request))
#45 D:/Codingan/random/_client_projects/pos_tb_nur/webapp/vendor/laravel/framework/src/Illuminate/Pipeline/Pipeline.php(219): Illuminate/Routing/Middleware/SubstituteBindings->handle(Object(Illuminate/Http/Request), Object(Closure))
#46 D:/Codingan/random/_client_projects/pos_tb_nur/webapp/vendor/laravel/framework/src/Illuminate/Routing/Middleware/ThrottleRequests.php(166): Illuminate/Pipeline/Pipeline->Illuminate/Pipeline/{closure}(Object(Illuminate/Http/Request))
#47 D:/Codingan/random/_client_projects/pos_tb_nur/webapp/vendor/laravel/framework/src/Illuminate/Routing/Middleware/ThrottleRequests.php(129): Illuminate/Routing/Middleware/ThrottleRequests->handleRequest(Object(Illuminate/Http/Request), Object(Closure), Array)
#48 D:/Codingan/random/_client_projects/pos_tb_nur/webapp/vendor/laravel/framework/src/Illuminate/Routing/Middleware/ThrottleRequests.php(90): Illuminate/Routing/Middleware/ThrottleRequests->handleRequestUsingNamedLimiter(Object(Illuminate/Http/Request), Object(Closure), 'api', Object(Closure))
#49 D:/Codingan/random/_client_projects/pos_tb_nur/webapp/vendor/laravel/framework/src/Illuminate/Pipeline/Pipeline.php(219): Illuminate/Routing/Middleware/ThrottleRequests->handle(Object(Illuminate/Http/Request), Object(Closure), 'api')
#50 D:/Codingan/random/_client_projects/pos_tb_nur/webapp/vendor/laravel/framework/src/Illuminate/Auth/Middleware/Authenticate.php(63): Illuminate/Pipeline/Pipeline->Illuminate/Pipeline/{closure}(Object(Illuminate/Http/Request))
#51 D:/Codingan/random/_client_projects/pos_tb_nur/webapp/vendor/laravel/framework/src/Illuminate/Pipeline/Pipeline.php(219): Illuminate/Auth/Middleware/Authenticate->handle(Object(Illuminate/Http/Request), Object(Closure))
#52 D:/Codingan/random/_client_projects/pos_tb_nur/webapp/vendor/laravel/framework/src/Illuminate/View/Middleware/ShareErrorsFromSession.php(48): Illuminate/Pipeline/Pipeline->Illuminate/Pipeline/{closure}(Object(Illuminate/Http/Request))
#53 D:/Codingan/random/_client_projects/pos_tb_nur/webapp/vendor/laravel/framework/src/Illuminate/Pipeline/Pipeline.php(219): Illuminate/View/Middleware/ShareErrorsFromSession->handle(Object(Illuminate/Http/Request), Object(Closure))
#54 D:/Codingan/random/_client_projects/pos_tb_nur/webapp/vendor/laravel/framework/src/Illuminate/Session/Middleware/StartSession.php(120): Illuminate/Pipeline/Pipeline->Illuminate/Pipeline/{closure}(Object(Illuminate/Http/Request))
#55 D:/Codingan/random/_client_projects/pos_tb_nur/webapp/vendor/laravel/framework/src/Illuminate/Session/Middleware/StartSession.php(63): Illuminate/Session/Middleware/StartSession->handleStatefulRequest(Object(Illuminate/Http/Request), Object(Illuminate/Session/Store), Object(Closure))
#56 D:/Codingan/random/_client_projects/pos_tb_nur/webapp/vendor/laravel/framework/src/Illuminate/Pipeline/Pipeline.php(219): Illuminate/Session/Middleware/StartSession->handle(Object(Illuminate/Http/Request), Object(Closure))
#57 D:/Codingan/random/_client_projects/pos_tb_nur/webapp/vendor/laravel/framework/src/Illuminate/Cookie/Middleware/AddQueuedCookiesToResponse.php(36): Illuminate/Pipeline/Pipeline->Illuminate/Pipeline/{closure}(Object(Illuminate/Http/Request))
#58 D:/Codingan/random/_client_projects/pos_tb_nur/webapp/vendor/laravel/framework/src/Illuminate/Pipeline/Pipeline.php(219): Illuminate/Cookie/Middleware/AddQueuedCookiesToResponse->handle(Object(Illuminate/Http/Request), Object(Closure))
#59 D:/Codingan/random/_client_projects/pos_tb_nur/webapp/vendor/laravel/framework/src/Illuminate/Cookie/Middleware/EncryptCookies.php(74): Illuminate/Pipeline/Pipeline->Illuminate/Pipeline/{closure}(Object(Illuminate/Http/Request))
#60 D:/Codingan/random/_client_projects/pos_tb_nur/webapp/vendor/laravel/framework/src/Illuminate/Pipeline/Pipeline.php(219): Illuminate/Cookie/Middleware/EncryptCookies->handle(Object(Illuminate/Http/Request), Object(Closure))
#61 D:/Codingan/random/_client_projects/pos_tb_nur/webapp/vendor/laravel/framework/src/Illuminate/Pipeline/Pipeline.php(137): Illuminate/Pipeline/Pipeline->Illuminate/Pipeline/{closure}(Object(Illuminate/Http/Request))
#62 D:/Codingan/random/_client_projects/pos_tb_nur/webapp/vendor/laravel/framework/src/Illuminate/Routing/Router.php(821): Illuminate/Pipeline/Pipeline->then(Object(Closure))
#63 D:/Codingan/random/_client_projects/pos_tb_nur/webapp/vendor/laravel/framework/src/Illuminate/Routing/Router.php(800): Illuminate/Routing/Router->runRouteWithinStack(Object(Illuminate/Routing/Route), Object(Illuminate/Http/Request))
#64 D:/Codingan/random/_client_projects/pos_tb_nur/webapp/vendor/laravel/framework/src/Illuminate/Routing/Router.php(764): Illuminate/Routing/Router->runRoute(Object(Illuminate/Http/Request), Object(Illuminate/Routing/Route))
#65 D:/Codingan/random/_client_projects/pos_tb_nur/webapp/vendor/laravel/framework/src/Illuminate/Routing/Router.php(753): Illuminate/Routing/Router->dispatchToRoute(Object(Illuminate/Http/Request))
#66 D:/Codingan/random/_client_projects/pos_tb_nur/webapp/vendor/laravel/framework/src/Illuminate/Foundation/Http/Kernel.php(200): Illuminate/Routing/Router->dispatch(Object(Illuminate/Http/Request))
#67 D:/Codingan/random/_client_projects/pos_tb_nur/webapp/vendor/laravel/framework/src/Illuminate/Pipeline/Pipeline.php(180): Illuminate/Foundation/Http/Kernel->Illuminate/Foundation/Http/{closure}(Object(Illuminate/Http/Request))
#68 D:/Codingan/random/_client_projects/pos_tb_nur/webapp/vendor/inertiajs/inertia-laravel/src/Middleware/EnsureGetOnRedirect.php(19): Illuminate/Pipeline/Pipeline->Illuminate/Pipeline/{closure}(Object(Illuminate/Http/Request))
#69 D:/Codingan/random/_client_projects/pos_tb_nur/webapp/vendor/laravel/framework/src/Illuminate/Pipeline/Pipeline.php(219): Inertia/Middleware/EnsureGetOnRedirect->handle(Object(Illuminate/Http/Request), Object(Closure))
#70 D:/Codingan/random/_client_projects/pos_tb_nur/webapp/vendor/laravel/framework/src/Illuminate/Foundation/Http/Middleware/TransformsRequest.php(21): Illuminate/Pipeline/Pipeline->Illuminate/Pipeline/{closure}(Object(Illuminate/Http/Request))
#71 D:/Codingan/random/_client_projects/pos_tb_nur/webapp/vendor/laravel/framework/src/Illuminate/Foundation/Http/Middleware/ConvertEmptyStringsToNull.php(31): Illuminate/Foundation/Http/Middleware/TransformsRequest->handle(Object(Illuminate/Http/Request), Object(Closure))
#72 D:/Codingan/random/_client_projects/pos_tb_nur/webapp/vendor/laravel/framework/src/Illuminate/Pipeline/Pipeline.php(219): Illuminate/Foundation/Http/Middleware/ConvertEmptyStringsToNull->handle(Object(Illuminate/Http/Request), Object(Closure))
#73 D:/Codingan/random/_client_projects/pos_tb_nur/webapp/vendor/laravel/framework/src/Illuminate/Foundation/Http/Middleware/TransformsRequest.php(21): Illuminate/Pipeline/Pipeline->Illuminate/Pipeline/{closure}(Object(Illuminate/Http/Request))
#74 D:/Codingan/random/_client_projects/pos_tb_nur/webapp/vendor/laravel/framework/src/Illuminate/Foundation/Http/Middleware/TrimStrings.php(51): Illuminate/Foundation/Http/Middleware/TransformsRequest->handle(Object(Illuminate/Http/Request), Object(Closure))
#75 D:/Codingan/random/_client_projects/pos_tb_nur/webapp/vendor/laravel/framework/src/Illuminate/Pipeline/Pipeline.php(219): Illuminate/Foundation/Http/Middleware/TrimStrings->handle(Object(Illuminate/Http/Request), Object(Closure))
#76 D:/Codingan/random/_client_projects/pos_tb_nur/webapp/vendor/laravel/framework/src/Illuminate/Http/Middleware/ValidatePostSize.php(27): Illuminate/Pipeline/Pipeline->Illuminate/Pipeline/{closure}(Object(Illuminate/Http/Request))
#77 D:/Codingan/random/_client_projects/pos_tb_nur/webapp/vendor/laravel/framework/src/Illuminate/Pipeline/Pipeline.php(219): Illuminate/Http/Middleware/ValidatePostSize->handle(Object(Illuminate/Http/Request), Object(Closure))
#78 D:/Codingan/random/_client_projects/pos_tb_nur/webapp/vendor/laravel/framework/src/Illuminate/Foundation/Http/Middleware/PreventRequestsDuringMaintenance.php(109): Illuminate/Pipeline/Pipeline->Illuminate/Pipeline/{closure}(Object(Illuminate/Http/Request))
#79 D:/Codingan/random/_client_projects/pos_tb_nur/webapp/vendor/laravel/framework/src/Illuminate/Pipeline/Pipeline.php(219): Illuminate/Foundation/Http/Middleware/PreventRequestsDuringMaintenance->handle(Object(Illuminate/Http/Request), Object(Closure))
#80 D:/Codingan/random/_client_projects/pos_tb_nur/webapp/vendor/laravel/framework/src/Illuminate/Http/Middleware/HandleCors.php(74): Illuminate/Pipeline/Pipeline->Illuminate/Pipeline/{closure}(Object(Illuminate/Http/Request))
#81 D:/Codingan/random/_client_projects/pos_tb_nur/webapp/vendor/laravel/framework/src/Illuminate/Pipeline/Pipeline.php(219): Illuminate/Http/Middleware/HandleCors->handle(Object(Illuminate/Http/Request), Object(Closure))
#82 D:/Codingan/random/_client_projects/pos_tb_nur/webapp/vendor/laravel/framework/src/Illuminate/Http/Middleware/TrustProxies.php(58): Illuminate/Pipeline/Pipeline->Illuminate/Pipeline/{closure}(Object(Illuminate/Http/Request))
#83 D:/Codingan/random/_client_projects/pos_tb_nur/webapp/vendor/laravel/framework/src/Illuminate/Pipeline/Pipeline.php(219): Illuminate/Http/Middleware/TrustProxies->handle(Object(Illuminate/Http/Request), Object(Closure))
#84 D:/Codingan/random/_client_projects/pos_tb_nur/webapp/vendor/laravel/framework/src/Illuminate/Foundation/Http/Middleware/InvokeDeferredCallbacks.php(22): Illuminate/Pipeline/Pipeline->Illuminate/Pipeline/{closure}(Object(Illuminate/Http/Request))
#85 D:/Codingan/random/_client_projects/pos_tb_nur/webapp/vendor/laravel/framework/src/Illuminate/Pipeline/Pipeline.php(219): Illuminate/Foundation/Http/Middleware/InvokeDeferredCallbacks->handle(Object(Illuminate/Http/Request), Object(Closure))
#86 D:/Codingan/random/_client_projects/pos_tb_nur/webapp/vendor/laravel/framework/src/Illuminate/Http/Middleware/ValidatePathEncoding.php(26): Illuminate/Pipeline/Pipeline->Illuminate/Pipeline/{closure}(Object(Illuminate/Http/Request))
#87 D:/Codingan/random/_client_projects/pos_tb_nur/webapp/vendor/laravel/framework/src/Illuminate/Pipeline/Pipeline.php(219): Illuminate/Http/Middleware/ValidatePathEncoding->handle(Object(Illuminate/Http/Request), Object(Closure))
#88 D:/Codingan/random/_client_projects/pos_tb_nur/webapp/vendor/laravel/framework/src/Illuminate/Pipeline/Pipeline.php(137): Illuminate/Pipeline/Pipeline->Illuminate/Pipeline/{closure}(Object(Illuminate/Http/Request))
#89 D:/Codingan/random/_client_projects/pos_tb_nur/webapp/vendor/laravel/framework/src/Illuminate/Foundation/Http/Kernel.php(175): Illuminate/Pipeline/Pipeline->then(Object(Closure))
#90 D:/Codingan/random/_client_projects/pos_tb_nur/webapp/vendor/laravel/framework/src/Illuminate/Foundation/Http/Kernel.php(144): Illuminate/Foundation/Http/Kernel->sendRequestThroughRouter(Object(Illuminate/Http/Request))
#91 D:/Codingan/random/_client_projects/pos_tb_nur/webapp/vendor/laravel/framework/src/Illuminate/Foundation/Testing/Concerns/MakesHttpRequests.php(607): Illuminate/Foundation/Http/Kernel->handle(Object(Illuminate/Http/Request))
#92 D:/Codingan/random/_client_projects/pos_tb_nur/webapp/vendor/laravel/framework/src/Illuminate/Foundation/Testing/Concerns/MakesHttpRequests.php(573): Illuminate/Foundation/Testing/TestCase->call('POST', '/api/backend/go...', Array, Array, Array, Array, '{\"warehouse_id\"...')
#93 D:/Codingan/random/_client_projects/pos_tb_nur/webapp/vendor/laravel/framework/src/Illuminate/Foundation/Testing/Concerns/MakesHttpRequests.php(411): Illuminate/Foundation/Testing/TestCase->json('POST', '/api/backend/go...', Array, Array, 0)
#94 D:/Codingan/random/_client_projects/pos_tb_nur/webapp/tests/Feature/WorkspaceBackendResourceApiTest.php(229): Illuminate/Foundation/Testing/TestCase->postJson('/api/backend/go...', Array)
#95 D:/Codingan/random/_client_projects/pos_tb_nur/webapp/vendor/phpunit/phpunit/src/Framework/TestCase.php(1667): Tests/Feature/WorkspaceBackendResourceApiTest->test_item_location_and_minimum_stock_resources_can_return_inventory_inquiry_rows()
#96 D:/Codingan/random/_client_projects/pos_tb_nur/webapp/vendor/phpunit/phpunit/src/Framework/TestCase.php(519): PHPUnit/Framework/TestCase->runTest()
#97 D:/Codingan/random/_client_projects/pos_tb_nur/webapp/vendor/phpunit/phpunit/src/Framework/TestRunner/TestRunner.php(87): PHPUnit/Framework/TestCase->runBare()
#98 D:/Codingan/random/_client_projects/pos_tb_nur/webapp/vendor/phpunit/phpunit/src/Framework/TestCase.php(365): PHPUnit/Framework/TestRunner->run(Object(Tests/Feature/WorkspaceBackendResourceApiTest))
#99 D:/Codingan/random/_client_projects/pos_tb_nur/webapp/vendor/phpunit/phpunit/src/Framework/TestSuite.php(369): PHPUnit/Framework/TestCase->run()
#100 D:/Codingan/random/_client_projects/pos_tb_nur/webapp/vendor/phpunit/phpunit/src/Framework/TestSuite.php(369): PHPUnit/Framework/TestSuite->run()
#101 D:/Codingan/random/_client_projects/pos_tb_nur/webapp/vendor/phpunit/phpunit/src/Framework/TestSuite.php(369): PHPUnit/Framework/TestSuite->run()
#102 D:/Codingan/random/_client_projects/pos_tb_nur/webapp/vendor/phpunit/phpunit/src/TextUI/TestRunner.php(64): PHPUnit/Framework/TestSuite->run()
#103 D:/Codingan/random/_client_projects/pos_tb_nur/webapp/vendor/phpunit/phpunit/src/TextUI/Application.php(211): PHPUnit/TextUI/TestRunner->run(Object(PHPUnit/TextUI/Configuration/Configuration), Object(PHPUnit/Runner/ResultCache/DefaultResultCache), Object(PHPUnit/Framework/TestSuite))
#104 D:/Codingan/random/_client_projects/pos_tb_nur/webapp/vendor/phpunit/phpunit/phpunit(104): PHPUnit/TextUI/Application->run(Array)
#105 {main}
"} 
[2026-07-31 17:45:32] testing.ERROR: forced failure {"exception":"[object] (RuntimeException(code: 0): forced failure at D:/Codingan/random/_client_projects/pos_tb_nur/webapp/tests/Feature/ErrorPageTest.php:35)
[stacktrace]
#0 D:/Codingan/random/_client_projects/pos_tb_nur/webapp/vendor/laravel/framework/src/Illuminate/Routing/CallableDispatcher.php(39): Tests/Feature/ErrorPageTest->Tests/Feature/{closure}()
#1 D:/Codingan/random/_client_projects/pos_tb_nur/webapp/vendor/laravel/framework/src/Illuminate/Routing/Route.php(243): Illuminate/Routing/CallableDispatcher->dispatch(Object(Illuminate/Routing/Route), Object(Closure))
#2 D:/Codingan/random/_client_projects/pos_tb_nur/webapp/vendor/laravel/framework/src/Illuminate/Routing/Route.php(214): Illuminate/Routing/Route->runCallable()
#3 D:/Codingan/random/_client_projects/pos_tb_nur/webapp/vendor/laravel/framework/src/Illuminate/Routing/Router.php(822): Illuminate/Routing/Route->run()
#4 D:/Codingan/random/_client_projects/pos_tb_nur/webapp/vendor/laravel/framework/src/Illuminate/Pipeline/Pipeline.php(180): Illuminate/Routing/Router->Illuminate/Routing/{closure}(Object(Illuminate/Http/Request))
#5 D:/Codingan/random/_client_projects/pos_tb_nur/webapp/app/Http/Middleware/SecureHeaders.php(16): Illuminate/Pipeline/Pipeline->Illuminate/Pipeline/{closure}(Object(Illuminate/Http/Request))
#6 D:/Codingan/random/_client_projects/pos_tb_nur/webapp/vendor/laravel/framework/src/Illuminate/Pipeline/Pipeline.php(219): App/Http/Middleware/SecureHeaders->handle(Object(Illuminate/Http/Request), Object(Closure))
#7 D:/Codingan/random/_client_projects/pos_tb_nur/webapp/vendor/inertiajs/inertia-laravel/src/Middleware.php(138): Illuminate/Pipeline/Pipeline->Illuminate/Pipeline/{closure}(Object(Illuminate/Http/Request))
#8 D:/Codingan/random/_client_projects/pos_tb_nur/webapp/vendor/laravel/framework/src/Illuminate/Pipeline/Pipeline.php(219): Inertia/Middleware->handle(Object(Illuminate/Http/Request), Object(Closure))
#9 D:/Codingan/random/_client_projects/pos_tb_nur/webapp/vendor/laravel/framework/src/Illuminate/Routing/Middleware/SubstituteBindings.php(50): Illuminate/Pipeline/Pipeline->Illuminate/Pipeline/{closure}(Object(Illuminate/Http/Request))
#10 D:/Codingan/random/_client_projects/pos_tb_nur/webapp/vendor/laravel/framework/src/Illuminate/Pipeline/Pipeline.php(219): Illuminate/Routing/Middleware/SubstituteBindings->handle(Object(Illuminate/Http/Request), Object(Closure))
#11 D:/Codingan/random/_client_projects/pos_tb_nur/webapp/vendor/laravel/framework/src/Illuminate/Foundation/Http/Middleware/VerifyCsrfToken.php(87): Illuminate/Pipeline/Pipeline->Illuminate/Pipeline/{closure}(Object(Illuminate/Http/Request))
#12 D:/Codingan/random/_client_projects/pos_tb_nur/webapp/vendor/laravel/framework/src/Illuminate/Pipeline/Pipeline.php(219): Illuminate/Foundation/Http/Middleware/VerifyCsrfToken->handle(Object(Illuminate/Http/Request), Object(Closure))
#13 D:/Codingan/random/_client_projects/pos_tb_nur/webapp/vendor/laravel/framework/src/Illuminate/View/Middleware/ShareErrorsFromSession.php(48): Illuminate/Pipeline/Pipeline->Illuminate/Pipeline/{closure}(Object(Illuminate/Http/Request))
#14 D:/Codingan/random/_client_projects/pos_tb_nur/webapp/vendor/laravel/framework/src/Illuminate/Pipeline/Pipeline.php(219): Illuminate/View/Middleware/ShareErrorsFromSession->handle(Object(Illuminate/Http/Request), Object(Closure))
#15 D:/Codingan/random/_client_projects/pos_tb_nur/webapp/vendor/laravel/framework/src/Illuminate/Session/Middleware/StartSession.php(120): Illuminate/Pipeline/Pipeline->Illuminate/Pipeline/{closure}(Object(Illuminate/Http/Request))
#16 D:/Codingan/random/_client_projects/pos_tb_nur/webapp/vendor/laravel/framework/src/Illuminate/Session/Middleware/StartSession.php(63): Illuminate/Session/Middleware/StartSession->handleStatefulRequest(Object(Illuminate/Http/Request), Object(Illuminate/Session/Store), Object(Closure))
#17 D:/Codingan/random/_client_projects/pos_tb_nur/webapp/vendor/laravel/framework/src/Illuminate/Pipeline/Pipeline.php(219): Illuminate/Session/Middleware/StartSession->handle(Object(Illuminate/Http/Request), Object(Closure))
#18 D:/Codingan/random/_client_projects/pos_tb_nur/webapp/vendor/laravel/framework/src/Illuminate/Cookie/Middleware/AddQueuedCookiesToResponse.php(36): Illuminate/Pipeline/Pipeline->Illuminate/Pipeline/{closure}(Object(Illuminate/Http/Request))
#19 D:/Codingan/random/_client_projects/pos_tb_nur/webapp/vendor/laravel/framework/src/Illuminate/Pipeline/Pipeline.php(219): Illuminate/Cookie/Middleware/AddQueuedCookiesToResponse->handle(Object(Illuminate/Http/Request), Object(Closure))
#20 D:/Codingan/random/_client_projects/pos_tb_nur/webapp/vendor/laravel/framework/src/Illuminate/Cookie/Middleware/EncryptCookies.php(74): Illuminate/Pipeline/Pipeline->Illuminate/Pipeline/{closure}(Object(Illuminate/Http/Request))
#21 D:/Codingan/random/_client_projects/pos_tb_nur/webapp/vendor/laravel/framework/src/Illuminate/Pipeline/Pipeline.php(219): Illuminate/Cookie/Middleware/EncryptCookies->handle(Object(Illuminate/Http/Request), Object(Closure))
#22 D:/Codingan/random/_client_projects/pos_tb_nur/webapp/vendor/laravel/framework/src/Illuminate/Pipeline/Pipeline.php(137): Illuminate/Pipeline/Pipeline->Illuminate/Pipeline/{closure}(Object(Illuminate/Http/Request))
#23 D:/Codingan/random/_client_projects/pos_tb_nur/webapp/vendor/laravel/framework/src/Illuminate/Routing/Router.php(821): Illuminate/Pipeline/Pipeline->then(Object(Closure))
#24 D:/Codingan/random/_client_projects/pos_tb_nur/webapp/vendor/laravel/framework/src/Illuminate/Routing/Router.php(800): Illuminate/Routing/Router->runRouteWithinStack(Object(Illuminate/Routing/Route), Object(Illuminate/Http/Request))
#25 D:/Codingan/random/_client_projects/pos_tb_nur/webapp/vendor/laravel/framework/src/Illuminate/Routing/Router.php(764): Illuminate/Routing/Router->runRoute(Object(Illuminate/Http/Request), Object(Illuminate/Routing/Route))
#26 D:/Codingan/random/_client_projects/pos_tb_nur/webapp/vendor/laravel/framework/src/Illuminate/Routing/Router.php(753): Illuminate/Routing/Router->dispatchToRoute(Object(Illuminate/Http/Request))
#27 D:/Codingan/random/_client_projects/pos_tb_nur/webapp/vendor/laravel/framework/src/Illuminate/Foundation/Http/Kernel.php(200): Illuminate/Routing/Router->dispatch(Object(Illuminate/Http/Request))
#28 D:/Codingan/random/_client_projects/pos_tb_nur/webapp/vendor/laravel/framework/src/Illuminate/Pipeline/Pipeline.php(180): Illuminate/Foundation/Http/Kernel->Illuminate/Foundation/Http/{closure}(Object(Illuminate/Http/Request))
#29 D:/Codingan/random/_client_projects/pos_tb_nur/webapp/vendor/inertiajs/inertia-laravel/src/Middleware/EnsureGetOnRedirect.php(19): Illuminate/Pipeline/Pipeline->Illuminate/Pipeline/{closure}(Object(Illuminate/Http/Request))
#30 D:/Codingan/random/_client_projects/pos_tb_nur/webapp/vendor/laravel/framework/src/Illuminate/Pipeline/Pipeline.php(219): Inertia/Middleware/EnsureGetOnRedirect->handle(Object(Illuminate/Http/Request), Object(Closure))
#31 D:/Codingan/random/_client_projects/pos_tb_nur/webapp/vendor/laravel/framework/src/Illuminate/Foundation/Http/Middleware/TransformsRequest.php(21): Illuminate/Pipeline/Pipeline->Illuminate/Pipeline/{closure}(Object(Illuminate/Http/Request))
#32 D:/Codingan/random/_client_projects/pos_tb_nur/webapp/vendor/laravel/framework/src/Illuminate/Foundation/Http/Middleware/ConvertEmptyStringsToNull.php(31): Illuminate/Foundation/Http/Middleware/TransformsRequest->handle(Object(Illuminate/Http/Request), Object(Closure))
#33 D:/Codingan/random/_client_projects/pos_tb_nur/webapp/vendor/laravel/framework/src/Illuminate/Pipeline/Pipeline.php(219): Illuminate/Foundation/Http/Middleware/ConvertEmptyStringsToNull->handle(Object(Illuminate/Http/Request), Object(Closure))
#34 D:/Codingan/random/_client_projects/pos_tb_nur/webapp/vendor/laravel/framework/src/Illuminate/Foundation/Http/Middleware/TransformsRequest.php(21): Illuminate/Pipeline/Pipeline->Illuminate/Pipeline/{closure}(Object(Illuminate/Http/Request))
#35 D:/Codingan/random/_client_projects/pos_tb_nur/webapp/vendor/laravel/framework/src/Illuminate/Foundation/Http/Middleware/TrimStrings.php(51): Illuminate/Foundation/Http/Middleware/TransformsRequest->handle(Object(Illuminate/Http/Request), Object(Closure))
#36 D:/Codingan/random/_client_projects/pos_tb_nur/webapp/vendor/laravel/framework/src/Illuminate/Pipeline/Pipeline.php(219): Illuminate/Foundation/Http/Middleware/TrimStrings->handle(Object(Illuminate/Http/Request), Object(Closure))
#37 D:/Codingan/random/_client_projects/pos_tb_nur/webapp/vendor/laravel/framework/src/Illuminate/Http/Middleware/ValidatePostSize.php(27): Illuminate/Pipeline/Pipeline->Illuminate/Pipeline/{closure}(Object(Illuminate/Http/Request))
#38 D:/Codingan/random/_client_projects/pos_tb_nur/webapp/vendor/laravel/framework/src/Illuminate/Pipeline/Pipeline.php(219): Illuminate/Http/Middleware/ValidatePostSize->handle(Object(Illuminate/Http/Request), Object(Closure))
#39 D:/Codingan/random/_client_projects/pos_tb_nur/webapp/vendor/laravel/framework/src/Illuminate/Foundation/Http/Middleware/PreventRequestsDuringMaintenance.php(109): Illuminate/Pipeline/Pipeline->Illuminate/Pipeline/{closure}(Object(Illuminate/Http/Request))
#40 D:/Codingan/random/_client_projects/pos_tb_nur/webapp/vendor/laravel/framework/src/Illuminate/Pipeline/Pipeline.php(219): Illuminate/Foundation/Http/Middleware/PreventRequestsDuringMaintenance->handle(Object(Illuminate/Http/Request), Object(Closure))
#41 D:/Codingan/random/_client_projects/pos_tb_nur/webapp/vendor/laravel/framework/src/Illuminate/Http/Middleware/HandleCors.php(61): Illuminate/Pipeline/Pipeline->Illuminate/Pipeline/{closure}(Object(Illuminate/Http/Request))
#42 D:/Codingan/random/_client_projects/pos_tb_nur/webapp/vendor/laravel/framework/src/Illuminate/Pipeline/Pipeline.php(219): Illuminate/Http/Middleware/HandleCors->handle(Object(Illuminate/Http/Request), Object(Closure))
#43 D:/Codingan/random/_client_projects/pos_tb_nur/webapp/vendor/laravel/framework/src/Illuminate/Http/Middleware/TrustProxies.php(58): Illuminate/Pipeline/Pipeline->Illuminate/Pipeline/{closure}(Object(Illuminate/Http/Request))
#44 D:/Codingan/random/_client_projects/pos_tb_nur/webapp/vendor/laravel/framework/src/Illuminate/Pipeline/Pipeline.php(219): Illuminate/Http/Middleware/TrustProxies->handle(Object(Illuminate/Http/Request), Object(Closure))
#45 D:/Codingan/random/_client_projects/pos_tb_nur/webapp/vendor/laravel/framework/src/Illuminate/Foundation/Http/Middleware/InvokeDeferredCallbacks.php(22): Illuminate/Pipeline/Pipeline->Illuminate/Pipeline/{closure}(Object(Illuminate/Http/Request))
#46 D:/Codingan/random/_client_projects/pos_tb_nur/webapp/vendor/laravel/framework/src/Illuminate/Pipeline/Pipeline.php(219): Illuminate/Foundation/Http/Middleware/InvokeDeferredCallbacks->handle(Object(Illuminate/Http/Request), Object(Closure))
#47 D:/Codingan/random/_client_projects/pos_tb_nur/webapp/vendor/laravel/framework/src/Illuminate/Http/Middleware/ValidatePathEncoding.php(26): Illuminate/Pipeline/Pipeline->Illuminate/Pipeline/{closure}(Object(Illuminate/Http/Request))
#48 D:/Codingan/random/_client_projects/pos_tb_nur/webapp/vendor/laravel/framework/src/Illuminate/Pipeline/Pipeline.php(219): Illuminate/Http/Middleware/ValidatePathEncoding->handle(Object(Illuminate/Http/Request), Object(Closure))
#49 D:/Codingan/random/_client_projects/pos_tb_nur/webapp/vendor/laravel/framework/src/Illuminate/Pipeline/Pipeline.php(137): Illuminate/Pipeline/Pipeline->Illuminate/Pipeline/{closure}(Object(Illuminate/Http/Request))
#50 D:/Codingan/random/_client_projects/pos_tb_nur/webapp/vendor/laravel/framework/src/Illuminate/Foundation/Http/Kernel.php(175): Illuminate/Pipeline/Pipeline->then(Object(Closure))
#51 D:/Codingan/random/_client_projects/pos_tb_nur/webapp/vendor/laravel/framework/src/Illuminate/Foundation/Http/Kernel.php(144): Illuminate/Foundation/Http/Kernel->sendRequestThroughRouter(Object(Illuminate/Http/Request))
#52 D:/Codingan/random/_client_projects/pos_tb_nur/webapp/vendor/laravel/framework/src/Illuminate/Foundation/Testing/Concerns/MakesHttpRequests.php(607): Illuminate/Foundation/Http/Kernel->handle(Object(Illuminate/Http/Request))
#53 D:/Codingan/random/_client_projects/pos_tb_nur/webapp/vendor/laravel/framework/src/Illuminate/Foundation/Testing/Concerns/MakesHttpRequests.php(368): Illuminate/Foundation/Testing/TestCase->call('GET', '/_test/error-50...', Array, Array, Array, Array)
#54 D:/Codingan/random/_client_projects/pos_tb_nur/webapp/tests/Feature/ErrorPageTest.php(38): Illuminate/Foundation/Testing/TestCase->get('/_test/error-50...')
#55 D:/Codingan/random/_client_projects/pos_tb_nur/webapp/vendor/phpunit/phpunit/src/Framework/TestCase.php(1667): Tests/Feature/ErrorPageTest->test_server_exception_renders_the_friendly_error_page()
#56 D:/Codingan/random/_client_projects/pos_tb_nur/webapp/vendor/phpunit/phpunit/src/Framework/TestCase.php(519): PHPUnit/Framework/TestCase->runTest()
#57 D:/Codingan/random/_client_projects/pos_tb_nur/webapp/vendor/phpunit/phpunit/src/Framework/TestRunner/TestRunner.php(87): PHPUnit/Framework/TestCase->runBare()
#58 D:/Codingan/random/_client_projects/pos_tb_nur/webapp/vendor/phpunit/phpunit/src/Framework/TestCase.php(365): PHPUnit/Framework/TestRunner->run(Object(Tests/Feature/ErrorPageTest))
#59 D:/Codingan/random/_client_projects/pos_tb_nur/webapp/vendor/phpunit/phpunit/src/Framework/TestSuite.php(369): PHPUnit/Framework/TestCase->run()
#60 D:/Codingan/random/_client_projects/pos_tb_nur/webapp/vendor/phpunit/phpunit/src/Framework/TestSuite.php(369): PHPUnit/Framework/TestSuite->run()
#61 D:/Codingan/random/_client_projects/pos_tb_nur/webapp/vendor/phpunit/phpunit/src/Framework/TestSuite.php(369): PHPUnit/Framework/TestSuite->run()
#62 D:/Codingan/random/_client_projects/pos_tb_nur/webapp/vendor/phpunit/phpunit/src/TextUI/TestRunner.php(64): PHPUnit/Framework/TestSuite->run()
#63 D:/Codingan/random/_client_projects/pos_tb_nur/webapp/vendor/phpunit/phpunit/src/TextUI/Application.php(211): PHPUnit/TextUI/TestRunner->run(Object(PHPUnit/TextUI/Configuration/Configuration), Object(PHPUnit/Runner/ResultCache/DefaultResultCache), Object(PHPUnit/Framework/TestSuite))
#64 D:/Codingan/random/_client_projects/pos_tb_nur/webapp/vendor/phpunit/phpunit/phpunit(104): PHPUnit/TextUI/Application->run(Array)
#65 {main}
"} 
[2026-07-31 17:45:36] testing.ERROR: Call to undefined relationship [productCategory] on model [App\Domain\Inventory\Models\StockOpnameOrder]. {"userId":1,"exception":"[object] (Illuminate\\Database\\Eloquent\\RelationNotFoundException(code: 0): Call to undefined relationship [productCategory] on model [App\\Domain\\Inventory\\Models\\StockOpnameOrder]. at D:/Codingan/random/_client_projects/pos_tb_nur/webapp/vendor/laravel/framework/src/Illuminate/Database/Eloquent/RelationNotFoundException.php:35)
[stacktrace]
#0 D:/Codingan/random/_client_projects/pos_tb_nur/webapp/vendor/laravel/framework/src/Illuminate/Database/Eloquent/Builder.php(969): Illuminate/Database/Eloquent/RelationNotFoundException::make(Object(App/Domain/Inventory/Models/StockOpnameOrder), 'productCategory')
#1 D:/Codingan/random/_client_projects/pos_tb_nur/webapp/vendor/laravel/framework/src/Illuminate/Database/Eloquent/Relations/Relation.php(119): Illuminate/Database/Eloquent/Builder->Illuminate/Database/Eloquent/{closure}()
#2 D:/Codingan/random/_client_projects/pos_tb_nur/webapp/vendor/laravel/framework/src/Illuminate/Database/Eloquent/Builder.php(965): Illuminate/Database/Eloquent/Relations/Relation::noConstraints(Object(Closure))
#3 D:/Codingan/random/_client_projects/pos_tb_nur/webapp/vendor/laravel/framework/src/Illuminate/Database/Eloquent/Builder.php(939): Illuminate/Database/Eloquent/Builder->getRelation('productCategory')
#4 D:/Codingan/random/_client_projects/pos_tb_nur/webapp/vendor/laravel/framework/src/Illuminate/Database/Eloquent/Builder.php(919): Illuminate/Database/Eloquent/Builder->eagerLoadRelation(Array, 'productCategory', Object(Closure))
#5 D:/Codingan/random/_client_projects/pos_tb_nur/webapp/vendor/laravel/framework/src/Illuminate/Database/Eloquent/Builder.php(885): Illuminate/Database/Eloquent/Builder->eagerLoadRelations(Array)
#6 D:/Codingan/random/_client_projects/pos_tb_nur/webapp/vendor/laravel/framework/src/Illuminate/Database/Concerns/BuildsQueries.php(366): Illuminate/Database/Eloquent/Builder->get(Array)
#7 D:/Codingan/random/_client_projects/pos_tb_nur/webapp/vendor/laravel/framework/src/Illuminate/Database/Eloquent/Model.php(1843): Illuminate/Database/Eloquent/Builder->first()
#8 D:/Codingan/random/_client_projects/pos_tb_nur/webapp/app/Support/Backend/BackendResourceWriter.php(544): Illuminate/Database/Eloquent/Model->fresh(Array)
#9 D:/Codingan/random/_client_projects/pos_tb_nur/webapp/vendor/laravel/framework/src/Illuminate/Database/Concerns/ManagesTransactions.php(35): App/Support/Backend/BackendResourceWriter->App/Support/Backend/{closure}(Object(Illuminate/Database/SQLiteConnection))
#10 D:/Codingan/random/_client_projects/pos_tb_nur/webapp/vendor/laravel/framework/src/Illuminate/Database/DatabaseManager.php(491): Illuminate/Database/Connection->transaction(Object(Closure))
#11 D:/Codingan/random/_client_projects/pos_tb_nur/webapp/vendor/laravel/framework/src/Illuminate/Support/Facades/Facade.php(363): Illuminate/Database/DatabaseManager->__call('transaction', Array)
#12 D:/Codingan/random/_client_projects/pos_tb_nur/webapp/app/Support/Backend/BackendResourceWriter.php(132): Illuminate/Support/Facades/Facade::__callStatic('transaction', Array)
#13 D:/Codingan/random/_client_projects/pos_tb_nur/webapp/app/Support/Backend/BackendResourceWriter.php(28): App/Support/Backend/BackendResourceWriter->persist(Object(App/Support/Backend/BackendResourceBlueprint), Object(App/Domain/Inventory/Models/StockOpnameOrder), Array)
#14 D:/Codingan/random/_client_projects/pos_tb_nur/webapp/app/Http/Controllers/Api/BackendResourceController.php(84): App/Support/Backend/BackendResourceWriter->create(Object(App/Support/Backend/BackendResourceBlueprint), Array)
#15 D:/Codingan/random/_client_projects/pos_tb_nur/webapp/vendor/laravel/framework/src/Illuminate/Routing/ControllerDispatcher.php(46): App/Http/Controllers/Api/BackendResourceController->store(Object(App/Http/Requests/Api/Backend/BackendResourceStoreRequest), 'stock-opname-or...')
#16 D:/Codingan/random/_client_projects/pos_tb_nur/webapp/vendor/laravel/framework/src/Illuminate/Routing/Route.php(265): Illuminate/Routing/ControllerDispatcher->dispatch(Object(Illuminate/Routing/Route), Object(App/Http/Controllers/Api/BackendResourceController), 'store')
#17 D:/Codingan/random/_client_projects/pos_tb_nur/webapp/vendor/laravel/framework/src/Illuminate/Routing/Route.php(211): Illuminate/Routing/Route->runController()
#18 D:/Codingan/random/_client_projects/pos_tb_nur/webapp/vendor/laravel/framework/src/Illuminate/Routing/Router.php(822): Illuminate/Routing/Route->run()
#19 D:/Codingan/random/_client_projects/pos_tb_nur/webapp/vendor/laravel/framework/src/Illuminate/Pipeline/Pipeline.php(180): Illuminate/Routing/Router->Illuminate/Routing/{closure}(Object(Illuminate/Http/Request))
#20 D:/Codingan/random/_client_projects/pos_tb_nur/webapp/app/Http/Middleware/SecureHeaders.php(16): Illuminate/Pipeline/Pipeline->Illuminate/Pipeline/{closure}(Object(Illuminate/Http/Request))
#21 D:/Codingan/random/_client_projects/pos_tb_nur/webapp/vendor/laravel/framework/src/Illuminate/Pipeline/Pipeline.php(219): App/Http/Middleware/SecureHeaders->handle(Object(Illuminate/Http/Request), Object(Closure))
#22 D:/Codingan/random/_client_projects/pos_tb_nur/webapp/vendor/inertiajs/inertia-laravel/src/Middleware.php(138): Illuminate/Pipeline/Pipeline->Illuminate/Pipeline/{closure}(Object(Illuminate/Http/Request))
#23 D:/Codingan/random/_client_projects/pos_tb_nur/webapp/vendor/laravel/framework/src/Illuminate/Pipeline/Pipeline.php(219): Inertia/Middleware->handle(Object(Illuminate/Http/Request), Object(Closure))
#24 D:/Codingan/random/_client_projects/pos_tb_nur/webapp/vendor/laravel/framework/src/Illuminate/Foundation/Http/Middleware/VerifyCsrfToken.php(87): Illuminate/Pipeline/Pipeline->Illuminate/Pipeline/{closure}(Object(Illuminate/Http/Request))
#25 D:/Codingan/random/_client_projects/pos_tb_nur/webapp/vendor/laravel/framework/src/Illuminate/Pipeline/Pipeline.php(219): Illuminate/Foundation/Http/Middleware/VerifyCsrfToken->handle(Object(Illuminate/Http/Request), Object(Closure))
#26 D:/Codingan/random/_client_projects/pos_tb_nur/webapp/vendor/laravel/framework/src/Illuminate/Routing/Middleware/SubstituteBindings.php(50): Illuminate/Pipeline/Pipeline->Illuminate/Pipeline/{closure}(Object(Illuminate/Http/Request))
#27 D:/Codingan/random/_client_projects/pos_tb_nur/webapp/vendor/laravel/framework/src/Illuminate/Pipeline/Pipeline.php(219): Illuminate/Routing/Middleware/SubstituteBindings->handle(Object(Illuminate/Http/Request), Object(Closure))
#28 D:/Codingan/random/_client_projects/pos_tb_nur/webapp/vendor/laravel/framework/src/Illuminate/Routing/Middleware/ThrottleRequests.php(166): Illuminate/Pipeline/Pipeline->Illuminate/Pipeline/{closure}(Object(Illuminate/Http/Request))
#29 D:/Codingan/random/_client_projects/pos_tb_nur/webapp/vendor/laravel/framework/src/Illuminate/Routing/Middleware/ThrottleRequests.php(129): Illuminate/Routing/Middleware/ThrottleRequests->handleRequest(Object(Illuminate/Http/Request), Object(Closure), Array)
#30 D:/Codingan/random/_client_projects/pos_tb_nur/webapp/vendor/laravel/framework/src/Illuminate/Routing/Middleware/ThrottleRequests.php(90): Illuminate/Routing/Middleware/ThrottleRequests->handleRequestUsingNamedLimiter(Object(Illuminate/Http/Request), Object(Closure), 'api', Object(Closure))
#31 D:/Codingan/random/_client_projects/pos_tb_nur/webapp/vendor/laravel/framework/src/Illuminate/Pipeline/Pipeline.php(219): Illuminate/Routing/Middleware/ThrottleRequests->handle(Object(Illuminate/Http/Request), Object(Closure), 'api')
#32 D:/Codingan/random/_client_projects/pos_tb_nur/webapp/vendor/laravel/framework/src/Illuminate/Auth/Middleware/Authenticate.php(63): Illuminate/Pipeline/Pipeline->Illuminate/Pipeline/{closure}(Object(Illuminate/Http/Request))
#33 D:/Codingan/random/_client_projects/pos_tb_nur/webapp/vendor/laravel/framework/src/Illuminate/Pipeline/Pipeline.php(219): Illuminate/Auth/Middleware/Authenticate->handle(Object(Illuminate/Http/Request), Object(Closure))
#34 D:/Codingan/random/_client_projects/pos_tb_nur/webapp/vendor/laravel/framework/src/Illuminate/View/Middleware/ShareErrorsFromSession.php(48): Illuminate/Pipeline/Pipeline->Illuminate/Pipeline/{closure}(Object(Illuminate/Http/Request))
#35 D:/Codingan/random/_client_projects/pos_tb_nur/webapp/vendor/laravel/framework/src/Illuminate/Pipeline/Pipeline.php(219): Illuminate/View/Middleware/ShareErrorsFromSession->handle(Object(Illuminate/Http/Request), Object(Closure))
#36 D:/Codingan/random/_client_projects/pos_tb_nur/webapp/vendor/laravel/framework/src/Illuminate/Session/Middleware/StartSession.php(120): Illuminate/Pipeline/Pipeline->Illuminate/Pipeline/{closure}(Object(Illuminate/Http/Request))
#37 D:/Codingan/random/_client_projects/pos_tb_nur/webapp/vendor/laravel/framework/src/Illuminate/Session/Middleware/StartSession.php(63): Illuminate/Session/Middleware/StartSession->handleStatefulRequest(Object(Illuminate/Http/Request), Object(Illuminate/Session/Store), Object(Closure))
#38 D:/Codingan/random/_client_projects/pos_tb_nur/webapp/vendor/laravel/framework/src/Illuminate/Pipeline/Pipeline.php(219): Illuminate/Session/Middleware/StartSession->handle(Object(Illuminate/Http/Request), Object(Closure))
#39 D:/Codingan/random/_client_projects/pos_tb_nur/webapp/vendor/laravel/framework/src/Illuminate/Cookie/Middleware/AddQueuedCookiesToResponse.php(36): Illuminate/Pipeline/Pipeline->Illuminate/Pipeline/{closure}(Object(Illuminate/Http/Request))
#40 D:/Codingan/random/_client_projects/pos_tb_nur/webapp/vendor/laravel/framework/src/Illuminate/Pipeline/Pipeline.php(219): Illuminate/Cookie/Middleware/AddQueuedCookiesToResponse->handle(Object(Illuminate/Http/Request), Object(Closure))
#41 D:/Codingan/random/_client_projects/pos_tb_nur/webapp/vendor/laravel/framework/src/Illuminate/Cookie/Middleware/EncryptCookies.php(74): Illuminate/Pipeline/Pipeline->Illuminate/Pipeline/{closure}(Object(Illuminate/Http/Request))
#42 D:/Codingan/random/_client_projects/pos_tb_nur/webapp/vendor/laravel/framework/src/Illuminate/Pipeline/Pipeline.php(219): Illuminate/Cookie/Middleware/EncryptCookies->handle(Object(Illuminate/Http/Request), Object(Closure))
#43 D:/Codingan/random/_client_projects/pos_tb_nur/webapp/vendor/laravel/framework/src/Illuminate/Pipeline/Pipeline.php(137): Illuminate/Pipeline/Pipeline->Illuminate/Pipeline/{closure}(Object(Illuminate/Http/Request))
#44 D:/Codingan/random/_client_projects/pos_tb_nur/webapp/vendor/laravel/framework/src/Illuminate/Routing/Router.php(821): Illuminate/Pipeline/Pipeline->then(Object(Closure))
#45 D:/Codingan/random/_client_projects/pos_tb_nur/webapp/vendor/laravel/framework/src/Illuminate/Routing/Router.php(800): Illuminate/Routing/Router->runRouteWithinStack(Object(Illuminate/Routing/Route), Object(Illuminate/Http/Request))
#46 D:/Codingan/random/_client_projects/pos_tb_nur/webapp/vendor/laravel/framework/src/Illuminate/Routing/Router.php(764): Illuminate/Routing/Router->runRoute(Object(Illuminate/Http/Request), Object(Illuminate/Routing/Route))
#47 D:/Codingan/random/_client_projects/pos_tb_nur/webapp/vendor/laravel/framework/src/Illuminate/Routing/Router.php(753): Illuminate/Routing/Router->dispatchToRoute(Object(Illuminate/Http/Request))
#48 D:/Codingan/random/_client_projects/pos_tb_nur/webapp/vendor/laravel/framework/src/Illuminate/Foundation/Http/Kernel.php(200): Illuminate/Routing/Router->dispatch(Object(Illuminate/Http/Request))
#49 D:/Codingan/random/_client_projects/pos_tb_nur/webapp/vendor/laravel/framework/src/Illuminate/Pipeline/Pipeline.php(180): Illuminate/Foundation/Http/Kernel->Illuminate/Foundation/Http/{closure}(Object(Illuminate/Http/Request))
#50 D:/Codingan/random/_client_projects/pos_tb_nur/webapp/vendor/inertiajs/inertia-laravel/src/Middleware/EnsureGetOnRedirect.php(19): Illuminate/Pipeline/Pipeline->Illuminate/Pipeline/{closure}(Object(Illuminate/Http/Request))
#51 D:/Codingan/random/_client_projects/pos_tb_nur/webapp/vendor/laravel/framework/src/Illuminate/Pipeline/Pipeline.php(219): Inertia/Middleware/EnsureGetOnRedirect->handle(Object(Illuminate/Http/Request), Object(Closure))
#52 D:/Codingan/random/_client_projects/pos_tb_nur/webapp/vendor/laravel/framework/src/Illuminate/Foundation/Http/Middleware/TransformsRequest.php(21): Illuminate/Pipeline/Pipeline->Illuminate/Pipeline/{closure}(Object(Illuminate/Http/Request))
#53 D:/Codingan/random/_client_projects/pos_tb_nur/webapp/vendor/laravel/framework/src/Illuminate/Foundation/Http/Middleware/ConvertEmptyStringsToNull.php(31): Illuminate/Foundation/Http/Middleware/TransformsRequest->handle(Object(Illuminate/Http/Request), Object(Closure))
#54 D:/Codingan/random/_client_projects/pos_tb_nur/webapp/vendor/laravel/framework/src/Illuminate/Pipeline/Pipeline.php(219): Illuminate/Foundation/Http/Middleware/ConvertEmptyStringsToNull->handle(Object(Illuminate/Http/Request), Object(Closure))
#55 D:/Codingan/random/_client_projects/pos_tb_nur/webapp/vendor/laravel/framework/src/Illuminate/Foundation/Http/Middleware/TransformsRequest.php(21): Illuminate/Pipeline/Pipeline->Illuminate/Pipeline/{closure}(Object(Illuminate/Http/Request))
#56 D:/Codingan/random/_client_projects/pos_tb_nur/webapp/vendor/laravel/framework/src/Illuminate/Foundation/Http/Middleware/TrimStrings.php(51): Illuminate/Foundation/Http/Middleware/TransformsRequest->handle(Object(Illuminate/Http/Request), Object(Closure))
#57 D:/Codingan/random/_client_projects/pos_tb_nur/webapp/vendor/laravel/framework/src/Illuminate/Pipeline/Pipeline.php(219): Illuminate/Foundation/Http/Middleware/TrimStrings->handle(Object(Illuminate/Http/Request), Object(Closure))
#58 D:/Codingan/random/_client_projects/pos_tb_nur/webapp/vendor/laravel/framework/src/Illuminate/Http/Middleware/ValidatePostSize.php(27): Illuminate/Pipeline/Pipeline->Illuminate/Pipeline/{closure}(Object(Illuminate/Http/Request))
#59 D:/Codingan/random/_client_projects/pos_tb_nur/webapp/vendor/laravel/framework/src/Illuminate/Pipeline/Pipeline.php(219): Illuminate/Http/Middleware/ValidatePostSize->handle(Object(Illuminate/Http/Request), Object(Closure))
#60 D:/Codingan/random/_client_projects/pos_tb_nur/webapp/vendor/laravel/framework/src/Illuminate/Foundation/Http/Middleware/PreventRequestsDuringMaintenance.php(109): Illuminate/Pipeline/Pipeline->Illuminate/Pipeline/{closure}(Object(Illuminate/Http/Request))
#61 D:/Codingan/random/_client_projects/pos_tb_nur/webapp/vendor/laravel/framework/src/Illuminate/Pipeline/Pipeline.php(219): Illuminate/Foundation/Http/Middleware/PreventRequestsDuringMaintenance->handle(Object(Illuminate/Http/Request), Object(Closure))
#62 D:/Codingan/random/_client_projects/pos_tb_nur/webapp/vendor/laravel/framework/src/Illuminate/Http/Middleware/HandleCors.php(74): Illuminate/Pipeline/Pipeline->Illuminate/Pipeline/{closure}(Object(Illuminate/Http/Request))
#63 D:/Codingan/random/_client_projects/pos_tb_nur/webapp/vendor/laravel/framework/src/Illuminate/Pipeline/Pipeline.php(219): Illuminate/Http/Middleware/HandleCors->handle(Object(Illuminate/Http/Request), Object(Closure))
#64 D:/Codingan/random/_client_projects/pos_tb_nur/webapp/vendor/laravel/framework/src/Illuminate/Http/Middleware/TrustProxies.php(58): Illuminate/Pipeline/Pipeline->Illuminate/Pipeline/{closure}(Object(Illuminate/Http/Request))
#65 D:/Codingan/random/_client_projects/pos_tb_nur/webapp/vendor/laravel/framework/src/Illuminate/Pipeline/Pipeline.php(219): Illuminate/Http/Middleware/TrustProxies->handle(Object(Illuminate/Http/Request), Object(Closure))
#66 D:/Codingan/random/_client_projects/pos_tb_nur/webapp/vendor/laravel/framework/src/Illuminate/Foundation/Http/Middleware/InvokeDeferredCallbacks.php(22): Illuminate/Pipeline/Pipeline->Illuminate/Pipeline/{closure}(Object(Illuminate/Http/Request))
#67 D:/Codingan/random/_client_projects/pos_tb_nur/webapp/vendor/laravel/framework/src/Illuminate/Pipeline/Pipeline.php(219): Illuminate/Foundation/Http/Middleware/InvokeDeferredCallbacks->handle(Object(Illuminate/Http/Request), Object(Closure))
#68 D:/Codingan/random/_client_projects/pos_tb_nur/webapp/vendor/laravel/framework/src/Illuminate/Http/Middleware/ValidatePathEncoding.php(26): Illuminate/Pipeline/Pipeline->Illuminate/Pipeline/{closure}(Object(Illuminate/Http/Request))
#69 D:/Codingan/random/_client_projects/pos_tb_nur/webapp/vendor/laravel/framework/src/Illuminate/Pipeline/Pipeline.php(219): Illuminate/Http/Middleware/ValidatePathEncoding->handle(Object(Illuminate/Http/Request), Object(Closure))
#70 D:/Codingan/random/_client_projects/pos_tb_nur/webapp/vendor/laravel/framework/src/Illuminate/Pipeline/Pipeline.php(137): Illuminate/Pipeline/Pipeline->Illuminate/Pipeline/{closure}(Object(Illuminate/Http/Request))
#71 D:/Codingan/random/_client_projects/pos_tb_nur/webapp/vendor/laravel/framework/src/Illuminate/Foundation/Http/Kernel.php(175): Illuminate/Pipeline/Pipeline->then(Object(Closure))
#72 D:/Codingan/random/_client_projects/pos_tb_nur/webapp/vendor/laravel/framework/src/Illuminate/Foundation/Http/Kernel.php(144): Illuminate/Foundation/Http/Kernel->sendRequestThroughRouter(Object(Illuminate/Http/Request))
#73 D:/Codingan/random/_client_projects/pos_tb_nur/webapp/vendor/laravel/framework/src/Illuminate/Foundation/Testing/Concerns/MakesHttpRequests.php(607): Illuminate/Foundation/Http/Kernel->handle(Object(Illuminate/Http/Request))
#74 D:/Codingan/random/_client_projects/pos_tb_nur/webapp/vendor/laravel/framework/src/Illuminate/Foundation/Testing/Concerns/MakesHttpRequests.php(573): Illuminate/Foundation/Testing/TestCase->call('POST', '/api/backend/st...', Array, Array, Array, Array, '{\"branch_id\":1,...')
#75 D:/Codingan/random/_client_projects/pos_tb_nur/webapp/vendor/laravel/framework/src/Illuminate/Foundation/Testing/Concerns/MakesHttpRequests.php(411): Illuminate/Foundation/Testing/TestCase->json('POST', '/api/backend/st...', Array, Array, 0)
#76 D:/Codingan/random/_client_projects/pos_tb_nur/webapp/tests/Feature/InventoryBackendResourceApiTest.php(88): Illuminate/Foundation/Testing/TestCase->postJson('/api/backend/st...', Array)
#77 D:/Codingan/random/_client_projects/pos_tb_nur/webapp/vendor/phpunit/phpunit/src/Framework/TestCase.php(1667): Tests/Feature/InventoryBackendResourceApiTest->test_stock_opname_resources_can_link_order_result_and_workers()
#78 D:/Codingan/random/_client_projects/pos_tb_nur/webapp/vendor/phpunit/phpunit/src/Framework/TestCase.php(519): PHPUnit/Framework/TestCase->runTest()
#79 D:/Codingan/random/_client_projects/pos_tb_nur/webapp/vendor/phpunit/phpunit/src/Framework/TestRunner/TestRunner.php(87): PHPUnit/Framework/TestCase->runBare()
#80 D:/Codingan/random/_client_projects/pos_tb_nur/webapp/vendor/phpunit/phpunit/src/Framework/TestCase.php(365): PHPUnit/Framework/TestRunner->run(Object(Tests/Feature/InventoryBackendResourceApiTest))
#81 D:/Codingan/random/_client_projects/pos_tb_nur/webapp/vendor/phpunit/phpunit/src/Framework/TestSuite.php(369): PHPUnit/Framework/TestCase->run()
#82 D:/Codingan/random/_client_projects/pos_tb_nur/webapp/vendor/phpunit/phpunit/src/Framework/TestSuite.php(369): PHPUnit/Framework/TestSuite->run()
#83 D:/Codingan/random/_client_projects/pos_tb_nur/webapp/vendor/phpunit/phpunit/src/Framework/TestSuite.php(369): PHPUnit/Framework/TestSuite->run()
#84 D:/Codingan/random/_client_projects/pos_tb_nur/webapp/vendor/phpunit/phpunit/src/TextUI/TestRunner.php(64): PHPUnit/Framework/TestSuite->run()
#85 D:/Codingan/random/_client_projects/pos_tb_nur/webapp/vendor/phpunit/phpunit/src/TextUI/Application.php(211): PHPUnit/TextUI/TestRunner->run(Object(PHPUnit/TextUI/Configuration/Configuration), Object(PHPUnit/Runner/ResultCache/DefaultResultCache), Object(PHPUnit/Framework/TestSuite))
#86 D:/Codingan/random/_client_projects/pos_tb_nur/webapp/vendor/phpunit/phpunit/phpunit(104): PHPUnit/TextUI/Application->run(Array)
#87 {main}
"} 
[2026-07-31 17:45:55] testing.ERROR: forced failure {"exception":"[object] (RuntimeException(code: 0): forced failure at D:/Codingan/random/_client_projects/pos_tb_nur/webapp/tests/Feature/ErrorPageTest.php:35)
[stacktrace]
#0 D:/Codingan/random/_client_projects/pos_tb_nur/webapp/vendor/laravel/framework/src/Illuminate/Routing/CallableDispatcher.php(39): Tests/Feature/ErrorPageTest->Tests/Feature/{closure}()
#1 D:/Codingan/random/_client_projects/pos_tb_nur/webapp/vendor/laravel/framework/src/Illuminate/Routing/Route.php(243): Illuminate/Routing/CallableDispatcher->dispatch(Object(Illuminate/Routing/Route), Object(Closure))
#2 D:/Codingan/random/_client_projects/pos_tb_nur/webapp/vendor/laravel/framework/src/Illuminate/Routing/Route.php(214): Illuminate/Routing/Route->runCallable()
#3 D:/Codingan/random/_client_projects/pos_tb_nur/webapp/vendor/laravel/framework/src/Illuminate/Routing/Router.php(822): Illuminate/Routing/Route->run()
#4 D:/Codingan/random/_client_projects/pos_tb_nur/webapp/vendor/laravel/framework/src/Illuminate/Pipeline/Pipeline.php(180): Illuminate/Routing/Router->Illuminate/Routing/{closure}(Object(Illuminate/Http/Request))
#5 D:/Codingan/random/_client_projects/pos_tb_nur/webapp/app/Http/Middleware/SecureHeaders.php(16): Illuminate/Pipeline/Pipeline->Illuminate/Pipeline/{closure}(Object(Illuminate/Http/Request))
#6 D:/Codingan/random/_client_projects/pos_tb_nur/webapp/vendor/laravel/framework/src/Illuminate/Pipeline/Pipeline.php(219): App/Http/Middleware/SecureHeaders->handle(Object(Illuminate/Http/Request), Object(Closure))
#7 D:/Codingan/random/_client_projects/pos_tb_nur/webapp/vendor/inertiajs/inertia-laravel/src/Middleware.php(138): Illuminate/Pipeline/Pipeline->Illuminate/Pipeline/{closure}(Object(Illuminate/Http/Request))
#8 D:/Codingan/random/_client_projects/pos_tb_nur/webapp/vendor/laravel/framework/src/Illuminate/Pipeline/Pipeline.php(219): Inertia/Middleware->handle(Object(Illuminate/Http/Request), Object(Closure))
#9 D:/Codingan/random/_client_projects/pos_tb_nur/webapp/vendor/laravel/framework/src/Illuminate/Routing/Middleware/SubstituteBindings.php(50): Illuminate/Pipeline/Pipeline->Illuminate/Pipeline/{closure}(Object(Illuminate/Http/Request))
#10 D:/Codingan/random/_client_projects/pos_tb_nur/webapp/vendor/laravel/framework/src/Illuminate/Pipeline/Pipeline.php(219): Illuminate/Routing/Middleware/SubstituteBindings->handle(Object(Illuminate/Http/Request), Object(Closure))
#11 D:/Codingan/random/_client_projects/pos_tb_nur/webapp/vendor/laravel/framework/src/Illuminate/Foundation/Http/Middleware/VerifyCsrfToken.php(87): Illuminate/Pipeline/Pipeline->Illuminate/Pipeline/{closure}(Object(Illuminate/Http/Request))
#12 D:/Codingan/random/_client_projects/pos_tb_nur/webapp/vendor/laravel/framework/src/Illuminate/Pipeline/Pipeline.php(219): Illuminate/Foundation/Http/Middleware/VerifyCsrfToken->handle(Object(Illuminate/Http/Request), Object(Closure))
#13 D:/Codingan/random/_client_projects/pos_tb_nur/webapp/vendor/laravel/framework/src/Illuminate/View/Middleware/ShareErrorsFromSession.php(48): Illuminate/Pipeline/Pipeline->Illuminate/Pipeline/{closure}(Object(Illuminate/Http/Request))
#14 D:/Codingan/random/_client_projects/pos_tb_nur/webapp/vendor/laravel/framework/src/Illuminate/Pipeline/Pipeline.php(219): Illuminate/View/Middleware/ShareErrorsFromSession->handle(Object(Illuminate/Http/Request), Object(Closure))
#15 D:/Codingan/random/_client_projects/pos_tb_nur/webapp/vendor/laravel/framework/src/Illuminate/Session/Middleware/StartSession.php(120): Illuminate/Pipeline/Pipeline->Illuminate/Pipeline/{closure}(Object(Illuminate/Http/Request))
#16 D:/Codingan/random/_client_projects/pos_tb_nur/webapp/vendor/laravel/framework/src/Illuminate/Session/Middleware/StartSession.php(63): Illuminate/Session/Middleware/StartSession->handleStatefulRequest(Object(Illuminate/Http/Request), Object(Illuminate/Session/Store), Object(Closure))
#17 D:/Codingan/random/_client_projects/pos_tb_nur/webapp/vendor/laravel/framework/src/Illuminate/Pipeline/Pipeline.php(219): Illuminate/Session/Middleware/StartSession->handle(Object(Illuminate/Http/Request), Object(Closure))
#18 D:/Codingan/random/_client_projects/pos_tb_nur/webapp/vendor/laravel/framework/src/Illuminate/Cookie/Middleware/AddQueuedCookiesToResponse.php(36): Illuminate/Pipeline/Pipeline->Illuminate/Pipeline/{closure}(Object(Illuminate/Http/Request))
#19 D:/Codingan/random/_client_projects/pos_tb_nur/webapp/vendor/laravel/framework/src/Illuminate/Pipeline/Pipeline.php(219): Illuminate/Cookie/Middleware/AddQueuedCookiesToResponse->handle(Object(Illuminate/Http/Request), Object(Closure))
#20 D:/Codingan/random/_client_projects/pos_tb_nur/webapp/vendor/laravel/framework/src/Illuminate/Cookie/Middleware/EncryptCookies.php(74): Illuminate/Pipeline/Pipeline->Illuminate/Pipeline/{closure}(Object(Illuminate/Http/Request))
#21 D:/Codingan/random/_client_projects/pos_tb_nur/webapp/vendor/laravel/framework/src/Illuminate/Pipeline/Pipeline.php(219): Illuminate/Cookie/Middleware/EncryptCookies->handle(Object(Illuminate/Http/Request), Object(Closure))
#22 D:/Codingan/random/_client_projects/pos_tb_nur/webapp/vendor/laravel/framework/src/Illuminate/Pipeline/Pipeline.php(137): Illuminate/Pipeline/Pipeline->Illuminate/Pipeline/{closure}(Object(Illuminate/Http/Request))
#23 D:/Codingan/random/_client_projects/pos_tb_nur/webapp/vendor/laravel/framework/src/Illuminate/Routing/Router.php(821): Illuminate/Pipeline/Pipeline->then(Object(Closure))
#24 D:/Codingan/random/_client_projects/pos_tb_nur/webapp/vendor/laravel/framework/src/Illuminate/Routing/Router.php(800): Illuminate/Routing/Router->runRouteWithinStack(Object(Illuminate/Routing/Route), Object(Illuminate/Http/Request))
#25 D:/Codingan/random/_client_projects/pos_tb_nur/webapp/vendor/laravel/framework/src/Illuminate/Routing/Router.php(764): Illuminate/Routing/Router->runRoute(Object(Illuminate/Http/Request), Object(Illuminate/Routing/Route))
#26 D:/Codingan/random/_client_projects/pos_tb_nur/webapp/vendor/laravel/framework/src/Illuminate/Routing/Router.php(753): Illuminate/Routing/Router->dispatchToRoute(Object(Illuminate/Http/Request))
#27 D:/Codingan/random/_client_projects/pos_tb_nur/webapp/vendor/laravel/framework/src/Illuminate/Foundation/Http/Kernel.php(200): Illuminate/Routing/Router->dispatch(Object(Illuminate/Http/Request))
#28 D:/Codingan/random/_client_projects/pos_tb_nur/webapp/vendor/laravel/framework/src/Illuminate/Pipeline/Pipeline.php(180): Illuminate/Foundation/Http/Kernel->Illuminate/Foundation/Http/{closure}(Object(Illuminate/Http/Request))
#29 D:/Codingan/random/_client_projects/pos_tb_nur/webapp/vendor/inertiajs/inertia-laravel/src/Middleware/EnsureGetOnRedirect.php(19): Illuminate/Pipeline/Pipeline->Illuminate/Pipeline/{closure}(Object(Illuminate/Http/Request))
#30 D:/Codingan/random/_client_projects/pos_tb_nur/webapp/vendor/laravel/framework/src/Illuminate/Pipeline/Pipeline.php(219): Inertia/Middleware/EnsureGetOnRedirect->handle(Object(Illuminate/Http/Request), Object(Closure))
#31 D:/Codingan/random/_client_projects/pos_tb_nur/webapp/vendor/laravel/framework/src/Illuminate/Foundation/Http/Middleware/TransformsRequest.php(21): Illuminate/Pipeline/Pipeline->Illuminate/Pipeline/{closure}(Object(Illuminate/Http/Request))
#32 D:/Codingan/random/_client_projects/pos_tb_nur/webapp/vendor/laravel/framework/src/Illuminate/Foundation/Http/Middleware/ConvertEmptyStringsToNull.php(31): Illuminate/Foundation/Http/Middleware/TransformsRequest->handle(Object(Illuminate/Http/Request), Object(Closure))
#33 D:/Codingan/random/_client_projects/pos_tb_nur/webapp/vendor/laravel/framework/src/Illuminate/Pipeline/Pipeline.php(219): Illuminate/Foundation/Http/Middleware/ConvertEmptyStringsToNull->handle(Object(Illuminate/Http/Request), Object(Closure))
#34 D:/Codingan/random/_client_projects/pos_tb_nur/webapp/vendor/laravel/framework/src/Illuminate/Foundation/Http/Middleware/TransformsRequest.php(21): Illuminate/Pipeline/Pipeline->Illuminate/Pipeline/{closure}(Object(Illuminate/Http/Request))
#35 D:/Codingan/random/_client_projects/pos_tb_nur/webapp/vendor/laravel/framework/src/Illuminate/Foundation/Http/Middleware/TrimStrings.php(51): Illuminate/Foundation/Http/Middleware/TransformsRequest->handle(Object(Illuminate/Http/Request), Object(Closure))
#36 D:/Codingan/random/_client_projects/pos_tb_nur/webapp/vendor/laravel/framework/src/Illuminate/Pipeline/Pipeline.php(219): Illuminate/Foundation/Http/Middleware/TrimStrings->handle(Object(Illuminate/Http/Request), Object(Closure))
#37 D:/Codingan/random/_client_projects/pos_tb_nur/webapp/vendor/laravel/framework/src/Illuminate/Http/Middleware/ValidatePostSize.php(27): Illuminate/Pipeline/Pipeline->Illuminate/Pipeline/{closure}(Object(Illuminate/Http/Request))
#38 D:/Codingan/random/_client_projects/pos_tb_nur/webapp/vendor/laravel/framework/src/Illuminate/Pipeline/Pipeline.php(219): Illuminate/Http/Middleware/ValidatePostSize->handle(Object(Illuminate/Http/Request), Object(Closure))
#39 D:/Codingan/random/_client_projects/pos_tb_nur/webapp/vendor/laravel/framework/src/Illuminate/Foundation/Http/Middleware/PreventRequestsDuringMaintenance.php(109): Illuminate/Pipeline/Pipeline->Illuminate/Pipeline/{closure}(Object(Illuminate/Http/Request))
#40 D:/Codingan/random/_client_projects/pos_tb_nur/webapp/vendor/laravel/framework/src/Illuminate/Pipeline/Pipeline.php(219): Illuminate/Foundation/Http/Middleware/PreventRequestsDuringMaintenance->handle(Object(Illuminate/Http/Request), Object(Closure))
#41 D:/Codingan/random/_client_projects/pos_tb_nur/webapp/vendor/laravel/framework/src/Illuminate/Http/Middleware/HandleCors.php(61): Illuminate/Pipeline/Pipeline->Illuminate/Pipeline/{closure}(Object(Illuminate/Http/Request))
#42 D:/Codingan/random/_client_projects/pos_tb_nur/webapp/vendor/laravel/framework/src/Illuminate/Pipeline/Pipeline.php(219): Illuminate/Http/Middleware/HandleCors->handle(Object(Illuminate/Http/Request), Object(Closure))
#43 D:/Codingan/random/_client_projects/pos_tb_nur/webapp/vendor/laravel/framework/src/Illuminate/Http/Middleware/TrustProxies.php(58): Illuminate/Pipeline/Pipeline->Illuminate/Pipeline/{closure}(Object(Illuminate/Http/Request))
#44 D:/Codingan/random/_client_projects/pos_tb_nur/webapp/vendor/laravel/framework/src/Illuminate/Pipeline/Pipeline.php(219): Illuminate/Http/Middleware/TrustProxies->handle(Object(Illuminate/Http/Request), Object(Closure))
#45 D:/Codingan/random/_client_projects/pos_tb_nur/webapp/vendor/laravel/framework/src/Illuminate/Foundation/Http/Middleware/InvokeDeferredCallbacks.php(22): Illuminate/Pipeline/Pipeline->Illuminate/Pipeline/{closure}(Object(Illuminate/Http/Request))
#46 D:/Codingan/random/_client_projects/pos_tb_nur/webapp/vendor/laravel/framework/src/Illuminate/Pipeline/Pipeline.php(219): Illuminate/Foundation/Http/Middleware/InvokeDeferredCallbacks->handle(Object(Illuminate/Http/Request), Object(Closure))
#47 D:/Codingan/random/_client_projects/pos_tb_nur/webapp/vendor/laravel/framework/src/Illuminate/Http/Middleware/ValidatePathEncoding.php(26): Illuminate/Pipeline/Pipeline->Illuminate/Pipeline/{closure}(Object(Illuminate/Http/Request))
#48 D:/Codingan/random/_client_projects/pos_tb_nur/webapp/vendor/laravel/framework/src/Illuminate/Pipeline/Pipeline.php(219): Illuminate/Http/Middleware/ValidatePathEncoding->handle(Object(Illuminate/Http/Request), Object(Closure))
#49 D:/Codingan/random/_client_projects/pos_tb_nur/webapp/vendor/laravel/framework/src/Illuminate/Pipeline/Pipeline.php(137): Illuminate/Pipeline/Pipeline->Illuminate/Pipeline/{closure}(Object(Illuminate/Http/Request))
#50 D:/Codingan/random/_client_projects/pos_tb_nur/webapp/vendor/laravel/framework/src/Illuminate/Foundation/Http/Kernel.php(175): Illuminate/Pipeline/Pipeline->then(Object(Closure))
#51 D:/Codingan/random/_client_projects/pos_tb_nur/webapp/vendor/laravel/framework/src/Illuminate/Foundation/Http/Kernel.php(144): Illuminate/Foundation/Http/Kernel->sendRequestThroughRouter(Object(Illuminate/Http/Request))
#52 D:/Codingan/random/_client_projects/pos_tb_nur/webapp/vendor/laravel/framework/src/Illuminate/Foundation/Testing/Concerns/MakesHttpRequests.php(607): Illuminate/Foundation/Http/Kernel->handle(Object(Illuminate/Http/Request))
#53 D:/Codingan/random/_client_projects/pos_tb_nur/webapp/vendor/laravel/framework/src/Illuminate/Foundation/Testing/Concerns/MakesHttpRequests.php(368): Illuminate/Foundation/Testing/TestCase->call('GET', '/_test/error-50...', Array, Array, Array, Array)
#54 D:/Codingan/random/_client_projects/pos_tb_nur/webapp/tests/Feature/ErrorPageTest.php(38): Illuminate/Foundation/Testing/TestCase->get('/_test/error-50...')
#55 D:/Codingan/random/_client_projects/pos_tb_nur/webapp/vendor/phpunit/phpunit/src/Framework/TestCase.php(1667): Tests/Feature/ErrorPageTest->test_server_exception_renders_the_friendly_error_page()
#56 D:/Codingan/random/_client_projects/pos_tb_nur/webapp/vendor/phpunit/phpunit/src/Framework/TestCase.php(519): PHPUnit/Framework/TestCase->runTest()
#57 D:/Codingan/random/_client_projects/pos_tb_nur/webapp/vendor/phpunit/phpunit/src/Framework/TestRunner/TestRunner.php(87): PHPUnit/Framework/TestCase->runBare()
#58 D:/Codingan/random/_client_projects/pos_tb_nur/webapp/vendor/phpunit/phpunit/src/Framework/TestCase.php(365): PHPUnit/Framework/TestRunner->run(Object(Tests/Feature/ErrorPageTest))
#59 D:/Codingan/random/_client_projects/pos_tb_nur/webapp/vendor/phpunit/phpunit/src/Framework/TestSuite.php(369): PHPUnit/Framework/TestCase->run()
#60 D:/Codingan/random/_client_projects/pos_tb_nur/webapp/vendor/phpunit/phpunit/src/Framework/TestSuite.php(369): PHPUnit/Framework/TestSuite->run()
#61 D:/Codingan/random/_client_projects/pos_tb_nur/webapp/vendor/phpunit/phpunit/src/Framework/TestSuite.php(369): PHPUnit/Framework/TestSuite->run()
#62 D:/Codingan/random/_client_projects/pos_tb_nur/webapp/vendor/phpunit/phpunit/src/TextUI/TestRunner.php(64): PHPUnit/Framework/TestSuite->run()
#63 D:/Codingan/random/_client_projects/pos_tb_nur/webapp/vendor/phpunit/phpunit/src/TextUI/Application.php(211): PHPUnit/TextUI/TestRunner->run(Object(PHPUnit/TextUI/Configuration/Configuration), Object(PHPUnit/Runner/ResultCache/DefaultResultCache), Object(PHPUnit/Framework/TestSuite))
#64 D:/Codingan/random/_client_projects/pos_tb_nur/webapp/vendor/phpunit/phpunit/phpunit(104): PHPUnit/TextUI/Application->run(Array)
#65 {main}
"} 
[2026-07-31 17:46:00] testing.ERROR: Call to undefined relationship [brand] on model [App\Domain\Inventory\Models\StockOpnameOrder]. {"userId":1,"exception":"[object] (Illuminate\\Database\\Eloquent\\RelationNotFoundException(code: 0): Call to undefined relationship [brand] on model [App\\Domain\\Inventory\\Models\\StockOpnameOrder]. at D:/Codingan/random/_client_projects/pos_tb_nur/webapp/vendor/laravel/framework/src/Illuminate/Database/Eloquent/RelationNotFoundException.php:35)
[stacktrace]
#0 D:/Codingan/random/_client_projects/pos_tb_nur/webapp/vendor/laravel/framework/src/Illuminate/Database/Eloquent/Builder.php(969): Illuminate/Database/Eloquent/RelationNotFoundException::make(Object(App/Domain/Inventory/Models/StockOpnameOrder), 'brand')
#1 D:/Codingan/random/_client_projects/pos_tb_nur/webapp/vendor/laravel/framework/src/Illuminate/Database/Eloquent/Relations/Relation.php(119): Illuminate/Database/Eloquent/Builder->Illuminate/Database/Eloquent/{closure}()
#2 D:/Codingan/random/_client_projects/pos_tb_nur/webapp/vendor/laravel/framework/src/Illuminate/Database/Eloquent/Builder.php(965): Illuminate/Database/Eloquent/Relations/Relation::noConstraints(Object(Closure))
#3 D:/Codingan/random/_client_projects/pos_tb_nur/webapp/vendor/laravel/framework/src/Illuminate/Database/Eloquent/Builder.php(939): Illuminate/Database/Eloquent/Builder->getRelation('brand')
#4 D:/Codingan/random/_client_projects/pos_tb_nur/webapp/vendor/laravel/framework/src/Illuminate/Database/Eloquent/Builder.php(919): Illuminate/Database/Eloquent/Builder->eagerLoadRelation(Array, 'brand', Object(Closure))
#5 D:/Codingan/random/_client_projects/pos_tb_nur/webapp/vendor/laravel/framework/src/Illuminate/Database/Eloquent/Builder.php(885): Illuminate/Database/Eloquent/Builder->eagerLoadRelations(Array)
#6 D:/Codingan/random/_client_projects/pos_tb_nur/webapp/vendor/laravel/framework/src/Illuminate/Database/Concerns/BuildsQueries.php(366): Illuminate/Database/Eloquent/Builder->get(Array)
#7 D:/Codingan/random/_client_projects/pos_tb_nur/webapp/vendor/laravel/framework/src/Illuminate/Database/Eloquent/Model.php(1843): Illuminate/Database/Eloquent/Builder->first()
#8 D:/Codingan/random/_client_projects/pos_tb_nur/webapp/app/Support/Backend/BackendResourceWriter.php(544): Illuminate/Database/Eloquent/Model->fresh(Array)
#9 D:/Codingan/random/_client_projects/pos_tb_nur/webapp/vendor/laravel/framework/src/Illuminate/Database/Concerns/ManagesTransactions.php(35): App/Support/Backend/BackendResourceWriter->App/Support/Backend/{closure}(Object(Illuminate/Database/SQLiteConnection))
#10 D:/Codingan/random/_client_projects/pos_tb_nur/webapp/vendor/laravel/framework/src/Illuminate/Database/DatabaseManager.php(491): Illuminate/Database/Connection->transaction(Object(Closure))
#11 D:/Codingan/random/_client_projects/pos_tb_nur/webapp/vendor/laravel/framework/src/Illuminate/Support/Facades/Facade.php(363): Illuminate/Database/DatabaseManager->__call('transaction', Array)
#12 D:/Codingan/random/_client_projects/pos_tb_nur/webapp/app/Support/Backend/BackendResourceWriter.php(132): Illuminate/Support/Facades/Facade::__callStatic('transaction', Array)
#13 D:/Codingan/random/_client_projects/pos_tb_nur/webapp/app/Support/Backend/BackendResourceWriter.php(28): App/Support/Backend/BackendResourceWriter->persist(Object(App/Support/Backend/BackendResourceBlueprint), Object(App/Domain/Inventory/Models/StockOpnameOrder), Array)
#14 D:/Codingan/random/_client_projects/pos_tb_nur/webapp/app/Http/Controllers/Api/BackendResourceController.php(84): App/Support/Backend/BackendResourceWriter->create(Object(App/Support/Backend/BackendResourceBlueprint), Array)
#15 D:/Codingan/random/_client_projects/pos_tb_nur/webapp/vendor/laravel/framework/src/Illuminate/Routing/ControllerDispatcher.php(46): App/Http/Controllers/Api/BackendResourceController->store(Object(App/Http/Requests/Api/Backend/BackendResourceStoreRequest), 'stock-opname-or...')
#16 D:/Codingan/random/_client_projects/pos_tb_nur/webapp/vendor/laravel/framework/src/Illuminate/Routing/Route.php(265): Illuminate/Routing/ControllerDispatcher->dispatch(Object(Illuminate/Routing/Route), Object(App/Http/Controllers/Api/BackendResourceController), 'store')
#17 D:/Codingan/random/_client_projects/pos_tb_nur/webapp/vendor/laravel/framework/src/Illuminate/Routing/Route.php(211): Illuminate/Routing/Route->runController()
#18 D:/Codingan/random/_client_projects/pos_tb_nur/webapp/vendor/laravel/framework/src/Illuminate/Routing/Router.php(822): Illuminate/Routing/Route->run()
#19 D:/Codingan/random/_client_projects/pos_tb_nur/webapp/vendor/laravel/framework/src/Illuminate/Pipeline/Pipeline.php(180): Illuminate/Routing/Router->Illuminate/Routing/{closure}(Object(Illuminate/Http/Request))
#20 D:/Codingan/random/_client_projects/pos_tb_nur/webapp/app/Http/Middleware/SecureHeaders.php(16): Illuminate/Pipeline/Pipeline->Illuminate/Pipeline/{closure}(Object(Illuminate/Http/Request))
#21 D:/Codingan/random/_client_projects/pos_tb_nur/webapp/vendor/laravel/framework/src/Illuminate/Pipeline/Pipeline.php(219): App/Http/Middleware/SecureHeaders->handle(Object(Illuminate/Http/Request), Object(Closure))
#22 D:/Codingan/random/_client_projects/pos_tb_nur/webapp/vendor/inertiajs/inertia-laravel/src/Middleware.php(138): Illuminate/Pipeline/Pipeline->Illuminate/Pipeline/{closure}(Object(Illuminate/Http/Request))
#23 D:/Codingan/random/_client_projects/pos_tb_nur/webapp/vendor/laravel/framework/src/Illuminate/Pipeline/Pipeline.php(219): Inertia/Middleware->handle(Object(Illuminate/Http/Request), Object(Closure))
#24 D:/Codingan/random/_client_projects/pos_tb_nur/webapp/vendor/laravel/framework/src/Illuminate/Foundation/Http/Middleware/VerifyCsrfToken.php(87): Illuminate/Pipeline/Pipeline->Illuminate/Pipeline/{closure}(Object(Illuminate/Http/Request))
#25 D:/Codingan/random/_client_projects/pos_tb_nur/webapp/vendor/laravel/framework/src/Illuminate/Pipeline/Pipeline.php(219): Illuminate/Foundation/Http/Middleware/VerifyCsrfToken->handle(Object(Illuminate/Http/Request), Object(Closure))
#26 D:/Codingan/random/_client_projects/pos_tb_nur/webapp/vendor/laravel/framework/src/Illuminate/Routing/Middleware/SubstituteBindings.php(50): Illuminate/Pipeline/Pipeline->Illuminate/Pipeline/{closure}(Object(Illuminate/Http/Request))
#27 D:/Codingan/random/_client_projects/pos_tb_nur/webapp/vendor/laravel/framework/src/Illuminate/Pipeline/Pipeline.php(219): Illuminate/Routing/Middleware/SubstituteBindings->handle(Object(Illuminate/Http/Request), Object(Closure))
#28 D:/Codingan/random/_client_projects/pos_tb_nur/webapp/vendor/laravel/framework/src/Illuminate/Routing/Middleware/ThrottleRequests.php(166): Illuminate/Pipeline/Pipeline->Illuminate/Pipeline/{closure}(Object(Illuminate/Http/Request))
#29 D:/Codingan/random/_client_projects/pos_tb_nur/webapp/vendor/laravel/framework/src/Illuminate/Routing/Middleware/ThrottleRequests.php(129): Illuminate/Routing/Middleware/ThrottleRequests->handleRequest(Object(Illuminate/Http/Request), Object(Closure), Array)
#30 D:/Codingan/random/_client_projects/pos_tb_nur/webapp/vendor/laravel/framework/src/Illuminate/Routing/Middleware/ThrottleRequests.php(90): Illuminate/Routing/Middleware/ThrottleRequests->handleRequestUsingNamedLimiter(Object(Illuminate/Http/Request), Object(Closure), 'api', Object(Closure))
#31 D:/Codingan/random/_client_projects/pos_tb_nur/webapp/vendor/laravel/framework/src/Illuminate/Pipeline/Pipeline.php(219): Illuminate/Routing/Middleware/ThrottleRequests->handle(Object(Illuminate/Http/Request), Object(Closure), 'api')
#32 D:/Codingan/random/_client_projects/pos_tb_nur/webapp/vendor/laravel/framework/src/Illuminate/Auth/Middleware/Authenticate.php(63): Illuminate/Pipeline/Pipeline->Illuminate/Pipeline/{closure}(Object(Illuminate/Http/Request))
#33 D:/Codingan/random/_client_projects/pos_tb_nur/webapp/vendor/laravel/framework/src/Illuminate/Pipeline/Pipeline.php(219): Illuminate/Auth/Middleware/Authenticate->handle(Object(Illuminate/Http/Request), Object(Closure))
#34 D:/Codingan/random/_client_projects/pos_tb_nur/webapp/vendor/laravel/framework/src/Illuminate/View/Middleware/ShareErrorsFromSession.php(48): Illuminate/Pipeline/Pipeline->Illuminate/Pipeline/{closure}(Object(Illuminate/Http/Request))
#35 D:/Codingan/random/_client_projects/pos_tb_nur/webapp/vendor/laravel/framework/src/Illuminate/Pipeline/Pipeline.php(219): Illuminate/View/Middleware/ShareErrorsFromSession->handle(Object(Illuminate/Http/Request), Object(Closure))
#36 D:/Codingan/random/_client_projects/pos_tb_nur/webapp/vendor/laravel/framework/src/Illuminate/Session/Middleware/StartSession.php(120): Illuminate/Pipeline/Pipeline->Illuminate/Pipeline/{closure}(Object(Illuminate/Http/Request))
#37 D:/Codingan/random/_client_projects/pos_tb_nur/webapp/vendor/laravel/framework/src/Illuminate/Session/Middleware/StartSession.php(63): Illuminate/Session/Middleware/StartSession->handleStatefulRequest(Object(Illuminate/Http/Request), Object(Illuminate/Session/Store), Object(Closure))
#38 D:/Codingan/random/_client_projects/pos_tb_nur/webapp/vendor/laravel/framework/src/Illuminate/Pipeline/Pipeline.php(219): Illuminate/Session/Middleware/StartSession->handle(Object(Illuminate/Http/Request), Object(Closure))
#39 D:/Codingan/random/_client_projects/pos_tb_nur/webapp/vendor/laravel/framework/src/Illuminate/Cookie/Middleware/AddQueuedCookiesToResponse.php(36): Illuminate/Pipeline/Pipeline->Illuminate/Pipeline/{closure}(Object(Illuminate/Http/Request))
#40 D:/Codingan/random/_client_projects/pos_tb_nur/webapp/vendor/laravel/framework/src/Illuminate/Pipeline/Pipeline.php(219): Illuminate/Cookie/Middleware/AddQueuedCookiesToResponse->handle(Object(Illuminate/Http/Request), Object(Closure))
#41 D:/Codingan/random/_client_projects/pos_tb_nur/webapp/vendor/laravel/framework/src/Illuminate/Cookie/Middleware/EncryptCookies.php(74): Illuminate/Pipeline/Pipeline->Illuminate/Pipeline/{closure}(Object(Illuminate/Http/Request))
#42 D:/Codingan/random/_client_projects/pos_tb_nur/webapp/vendor/laravel/framework/src/Illuminate/Pipeline/Pipeline.php(219): Illuminate/Cookie/Middleware/EncryptCookies->handle(Object(Illuminate/Http/Request), Object(Closure))
#43 D:/Codingan/random/_client_projects/pos_tb_nur/webapp/vendor/laravel/framework/src/Illuminate/Pipeline/Pipeline.php(137): Illuminate/Pipeline/Pipeline->Illuminate/Pipeline/{closure}(Object(Illuminate/Http/Request))
#44 D:/Codingan/random/_client_projects/pos_tb_nur/webapp/vendor/laravel/framework/src/Illuminate/Routing/Router.php(821): Illuminate/Pipeline/Pipeline->then(Object(Closure))
#45 D:/Codingan/random/_client_projects/pos_tb_nur/webapp/vendor/laravel/framework/src/Illuminate/Routing/Router.php(800): Illuminate/Routing/Router->runRouteWithinStack(Object(Illuminate/Routing/Route), Object(Illuminate/Http/Request))
#46 D:/Codingan/random/_client_projects/pos_tb_nur/webapp/vendor/laravel/framework/src/Illuminate/Routing/Router.php(764): Illuminate/Routing/Router->runRoute(Object(Illuminate/Http/Request), Object(Illuminate/Routing/Route))
#47 D:/Codingan/random/_client_projects/pos_tb_nur/webapp/vendor/laravel/framework/src/Illuminate/Routing/Router.php(753): Illuminate/Routing/Router->dispatchToRoute(Object(Illuminate/Http/Request))
#48 D:/Codingan/random/_client_projects/pos_tb_nur/webapp/vendor/laravel/framework/src/Illuminate/Foundation/Http/Kernel.php(200): Illuminate/Routing/Router->dispatch(Object(Illuminate/Http/Request))
#49 D:/Codingan/random/_client_projects/pos_tb_nur/webapp/vendor/laravel/framework/src/Illuminate/Pipeline/Pipeline.php(180): Illuminate/Foundation/Http/Kernel->Illuminate/Foundation/Http/{closure}(Object(Illuminate/Http/Request))
#50 D:/Codingan/random/_client_projects/pos_tb_nur/webapp/vendor/inertiajs/inertia-laravel/src/Middleware/EnsureGetOnRedirect.php(19): Illuminate/Pipeline/Pipeline->Illuminate/Pipeline/{closure}(Object(Illuminate/Http/Request))
#51 D:/Codingan/random/_client_projects/pos_tb_nur/webapp/vendor/laravel/framework/src/Illuminate/Pipeline/Pipeline.php(219): Inertia/Middleware/EnsureGetOnRedirect->handle(Object(Illuminate/Http/Request), Object(Closure))
#52 D:/Codingan/random/_client_projects/pos_tb_nur/webapp/vendor/laravel/framework/src/Illuminate/Foundation/Http/Middleware/TransformsRequest.php(21): Illuminate/Pipeline/Pipeline->Illuminate/Pipeline/{closure}(Object(Illuminate/Http/Request))
#53 D:/Codingan/random/_client_projects/pos_tb_nur/webapp/vendor/laravel/framework/src/Illuminate/Foundation/Http/Middleware/ConvertEmptyStringsToNull.php(31): Illuminate/Foundation/Http/Middleware/TransformsRequest->handle(Object(Illuminate/Http/Request), Object(Closure))
#54 D:/Codingan/random/_client_projects/pos_tb_nur/webapp/vendor/laravel/framework/src/Illuminate/Pipeline/Pipeline.php(219): Illuminate/Foundation/Http/Middleware/ConvertEmptyStringsToNull->handle(Object(Illuminate/Http/Request), Object(Closure))
#55 D:/Codingan/random/_client_projects/pos_tb_nur/webapp/vendor/laravel/framework/src/Illuminate/Foundation/Http/Middleware/TransformsRequest.php(21): Illuminate/Pipeline/Pipeline->Illuminate/Pipeline/{closure}(Object(Illuminate/Http/Request))
#56 D:/Codingan/random/_client_projects/pos_tb_nur/webapp/vendor/laravel/framework/src/Illuminate/Foundation/Http/Middleware/TrimStrings.php(51): Illuminate/Foundation/Http/Middleware/TransformsRequest->handle(Object(Illuminate/Http/Request), Object(Closure))
#57 D:/Codingan/random/_client_projects/pos_tb_nur/webapp/vendor/laravel/framework/src/Illuminate/Pipeline/Pipeline.php(219): Illuminate/Foundation/Http/Middleware/TrimStrings->handle(Object(Illuminate/Http/Request), Object(Closure))
#58 D:/Codingan/random/_client_projects/pos_tb_nur/webapp/vendor/laravel/framework/src/Illuminate/Http/Middleware/ValidatePostSize.php(27): Illuminate/Pipeline/Pipeline->Illuminate/Pipeline/{closure}(Object(Illuminate/Http/Request))
#59 D:/Codingan/random/_client_projects/pos_tb_nur/webapp/vendor/laravel/framework/src/Illuminate/Pipeline/Pipeline.php(219): Illuminate/Http/Middleware/ValidatePostSize->handle(Object(Illuminate/Http/Request), Object(Closure))
#60 D:/Codingan/random/_client_projects/pos_tb_nur/webapp/vendor/laravel/framework/src/Illuminate/Foundation/Http/Middleware/PreventRequestsDuringMaintenance.php(109): Illuminate/Pipeline/Pipeline->Illuminate/Pipeline/{closure}(Object(Illuminate/Http/Request))
#61 D:/Codingan/random/_client_projects/pos_tb_nur/webapp/vendor/laravel/framework/src/Illuminate/Pipeline/Pipeline.php(219): Illuminate/Foundation/Http/Middleware/PreventRequestsDuringMaintenance->handle(Object(Illuminate/Http/Request), Object(Closure))
#62 D:/Codingan/random/_client_projects/pos_tb_nur/webapp/vendor/laravel/framework/src/Illuminate/Http/Middleware/HandleCors.php(74): Illuminate/Pipeline/Pipeline->Illuminate/Pipeline/{closure}(Object(Illuminate/Http/Request))
#63 D:/Codingan/random/_client_projects/pos_tb_nur/webapp/vendor/laravel/framework/src/Illuminate/Pipeline/Pipeline.php(219): Illuminate/Http/Middleware/HandleCors->handle(Object(Illuminate/Http/Request), Object(Closure))
#64 D:/Codingan/random/_client_projects/pos_tb_nur/webapp/vendor/laravel/framework/src/Illuminate/Http/Middleware/TrustProxies.php(58): Illuminate/Pipeline/Pipeline->Illuminate/Pipeline/{closure}(Object(Illuminate/Http/Request))
#65 D:/Codingan/random/_client_projects/pos_tb_nur/webapp/vendor/laravel/framework/src/Illuminate/Pipeline/Pipeline.php(219): Illuminate/Http/Middleware/TrustProxies->handle(Object(Illuminate/Http/Request), Object(Closure))
#66 D:/Codingan/random/_client_projects/pos_tb_nur/webapp/vendor/laravel/framework/src/Illuminate/Foundation/Http/Middleware/InvokeDeferredCallbacks.php(22): Illuminate/Pipeline/Pipeline->Illuminate/Pipeline/{closure}(Object(Illuminate/Http/Request))
#67 D:/Codingan/random/_client_projects/pos_tb_nur/webapp/vendor/laravel/framework/src/Illuminate/Pipeline/Pipeline.php(219): Illuminate/Foundation/Http/Middleware/InvokeDeferredCallbacks->handle(Object(Illuminate/Http/Request), Object(Closure))
#68 D:/Codingan/random/_client_projects/pos_tb_nur/webapp/vendor/laravel/framework/src/Illuminate/Http/Middleware/ValidatePathEncoding.php(26): Illuminate/Pipeline/Pipeline->Illuminate/Pipeline/{closure}(Object(Illuminate/Http/Request))
#69 D:/Codingan/random/_client_projects/pos_tb_nur/webapp/vendor/laravel/framework/src/Illuminate/Pipeline/Pipeline.php(219): Illuminate/Http/Middleware/ValidatePathEncoding->handle(Object(Illuminate/Http/Request), Object(Closure))
#70 D:/Codingan/random/_client_projects/pos_tb_nur/webapp/vendor/laravel/framework/src/Illuminate/Pipeline/Pipeline.php(137): Illuminate/Pipeline/Pipeline->Illuminate/Pipeline/{closure}(Object(Illuminate/Http/Request))
#71 D:/Codingan/random/_client_projects/pos_tb_nur/webapp/vendor/laravel/framework/src/Illuminate/Foundation/Http/Kernel.php(175): Illuminate/Pipeline/Pipeline->then(Object(Closure))
#72 D:/Codingan/random/_client_projects/pos_tb_nur/webapp/vendor/laravel/framework/src/Illuminate/Foundation/Http/Kernel.php(144): Illuminate/Foundation/Http/Kernel->sendRequestThroughRouter(Object(Illuminate/Http/Request))
#73 D:/Codingan/random/_client_projects/pos_tb_nur/webapp/vendor/laravel/framework/src/Illuminate/Foundation/Testing/Concerns/MakesHttpRequests.php(607): Illuminate/Foundation/Http/Kernel->handle(Object(Illuminate/Http/Request))
#74 D:/Codingan/random/_client_projects/pos_tb_nur/webapp/vendor/laravel/framework/src/Illuminate/Foundation/Testing/Concerns/MakesHttpRequests.php(573): Illuminate/Foundation/Testing/TestCase->call('POST', '/api/backend/st...', Array, Array, Array, Array, '{\"branch_id\":1,...')
#75 D:/Codingan/random/_client_projects/pos_tb_nur/webapp/vendor/laravel/framework/src/Illuminate/Foundation/Testing/Concerns/MakesHttpRequests.php(411): Illuminate/Foundation/Testing/TestCase->json('POST', '/api/backend/st...', Array, Array, 0)
#76 D:/Codingan/random/_client_projects/pos_tb_nur/webapp/tests/Feature/InventoryBackendResourceApiTest.php(88): Illuminate/Foundation/Testing/TestCase->postJson('/api/backend/st...', Array)
#77 D:/Codingan/random/_client_projects/pos_tb_nur/webapp/vendor/phpunit/phpunit/src/Framework/TestCase.php(1667): Tests/Feature/InventoryBackendResourceApiTest->test_stock_opname_resources_can_link_order_result_and_workers()
#78 D:/Codingan/random/_client_projects/pos_tb_nur/webapp/vendor/phpunit/phpunit/src/Framework/TestCase.php(519): PHPUnit/Framework/TestCase->runTest()
#79 D:/Codingan/random/_client_projects/pos_tb_nur/webapp/vendor/phpunit/phpunit/src/Framework/TestRunner/TestRunner.php(87): PHPUnit/Framework/TestCase->runBare()
#80 D:/Codingan/random/_client_projects/pos_tb_nur/webapp/vendor/phpunit/phpunit/src/Framework/TestCase.php(365): PHPUnit/Framework/TestRunner->run(Object(Tests/Feature/InventoryBackendResourceApiTest))
#81 D:/Codingan/random/_client_projects/pos_tb_nur/webapp/vendor/phpunit/phpunit/src/Framework/TestSuite.php(369): PHPUnit/Framework/TestCase->run()
#82 D:/Codingan/random/_client_projects/pos_tb_nur/webapp/vendor/phpunit/phpunit/src/Framework/TestSuite.php(369): PHPUnit/Framework/TestSuite->run()
#83 D:/Codingan/random/_client_projects/pos_tb_nur/webapp/vendor/phpunit/phpunit/src/Framework/TestSuite.php(369): PHPUnit/Framework/TestSuite->run()
#84 D:/Codingan/random/_client_projects/pos_tb_nur/webapp/vendor/phpunit/phpunit/src/TextUI/TestRunner.php(64): PHPUnit/Framework/TestSuite->run()
#85 D:/Codingan/random/_client_projects/pos_tb_nur/webapp/vendor/phpunit/phpunit/src/TextUI/Application.php(211): PHPUnit/TextUI/TestRunner->run(Object(PHPUnit/TextUI/Configuration/Configuration), Object(PHPUnit/Runner/ResultCache/DefaultResultCache), Object(PHPUnit/Framework/TestSuite))
#86 D:/Codingan/random/_client_projects/pos_tb_nur/webapp/vendor/phpunit/phpunit/phpunit(104): PHPUnit/TextUI/Application->run(Array)
#87 {main}
"} 
[2026-07-31 17:46:22] testing.ERROR: forced failure {"exception":"[object] (RuntimeException(code: 0): forced failure at D:/Codingan/random/_client_projects/pos_tb_nur/webapp/tests/Feature/ErrorPageTest.php:35)
[stacktrace]
#0 D:/Codingan/random/_client_projects/pos_tb_nur/webapp/vendor/laravel/framework/src/Illuminate/Routing/CallableDispatcher.php(39): Tests/Feature/ErrorPageTest->Tests/Feature/{closure}()
#1 D:/Codingan/random/_client_projects/pos_tb_nur/webapp/vendor/laravel/framework/src/Illuminate/Routing/Route.php(243): Illuminate/Routing/CallableDispatcher->dispatch(Object(Illuminate/Routing/Route), Object(Closure))
#2 D:/Codingan/random/_client_projects/pos_tb_nur/webapp/vendor/laravel/framework/src/Illuminate/Routing/Route.php(214): Illuminate/Routing/Route->runCallable()
#3 D:/Codingan/random/_client_projects/pos_tb_nur/webapp/vendor/laravel/framework/src/Illuminate/Routing/Router.php(822): Illuminate/Routing/Route->run()
#4 D:/Codingan/random/_client_projects/pos_tb_nur/webapp/vendor/laravel/framework/src/Illuminate/Pipeline/Pipeline.php(180): Illuminate/Routing/Router->Illuminate/Routing/{closure}(Object(Illuminate/Http/Request))
#5 D:/Codingan/random/_client_projects/pos_tb_nur/webapp/app/Http/Middleware/SecureHeaders.php(16): Illuminate/Pipeline/Pipeline->Illuminate/Pipeline/{closure}(Object(Illuminate/Http/Request))
#6 D:/Codingan/random/_client_projects/pos_tb_nur/webapp/vendor/laravel/framework/src/Illuminate/Pipeline/Pipeline.php(219): App/Http/Middleware/SecureHeaders->handle(Object(Illuminate/Http/Request), Object(Closure))
#7 D:/Codingan/random/_client_projects/pos_tb_nur/webapp/vendor/inertiajs/inertia-laravel/src/Middleware.php(138): Illuminate/Pipeline/Pipeline->Illuminate/Pipeline/{closure}(Object(Illuminate/Http/Request))
#8 D:/Codingan/random/_client_projects/pos_tb_nur/webapp/vendor/laravel/framework/src/Illuminate/Pipeline/Pipeline.php(219): Inertia/Middleware->handle(Object(Illuminate/Http/Request), Object(Closure))
#9 D:/Codingan/random/_client_projects/pos_tb_nur/webapp/vendor/laravel/framework/src/Illuminate/Routing/Middleware/SubstituteBindings.php(50): Illuminate/Pipeline/Pipeline->Illuminate/Pipeline/{closure}(Object(Illuminate/Http/Request))
#10 D:/Codingan/random/_client_projects/pos_tb_nur/webapp/vendor/laravel/framework/src/Illuminate/Pipeline/Pipeline.php(219): Illuminate/Routing/Middleware/SubstituteBindings->handle(Object(Illuminate/Http/Request), Object(Closure))
#11 D:/Codingan/random/_client_projects/pos_tb_nur/webapp/vendor/laravel/framework/src/Illuminate/Foundation/Http/Middleware/VerifyCsrfToken.php(87): Illuminate/Pipeline/Pipeline->Illuminate/Pipeline/{closure}(Object(Illuminate/Http/Request))
#12 D:/Codingan/random/_client_projects/pos_tb_nur/webapp/vendor/laravel/framework/src/Illuminate/Pipeline/Pipeline.php(219): Illuminate/Foundation/Http/Middleware/VerifyCsrfToken->handle(Object(Illuminate/Http/Request), Object(Closure))
#13 D:/Codingan/random/_client_projects/pos_tb_nur/webapp/vendor/laravel/framework/src/Illuminate/View/Middleware/ShareErrorsFromSession.php(48): Illuminate/Pipeline/Pipeline->Illuminate/Pipeline/{closure}(Object(Illuminate/Http/Request))
#14 D:/Codingan/random/_client_projects/pos_tb_nur/webapp/vendor/laravel/framework/src/Illuminate/Pipeline/Pipeline.php(219): Illuminate/View/Middleware/ShareErrorsFromSession->handle(Object(Illuminate/Http/Request), Object(Closure))
#15 D:/Codingan/random/_client_projects/pos_tb_nur/webapp/vendor/laravel/framework/src/Illuminate/Session/Middleware/StartSession.php(120): Illuminate/Pipeline/Pipeline->Illuminate/Pipeline/{closure}(Object(Illuminate/Http/Request))
#16 D:/Codingan/random/_client_projects/pos_tb_nur/webapp/vendor/laravel/framework/src/Illuminate/Session/Middleware/StartSession.php(63): Illuminate/Session/Middleware/StartSession->handleStatefulRequest(Object(Illuminate/Http/Request), Object(Illuminate/Session/Store), Object(Closure))
#17 D:/Codingan/random/_client_projects/pos_tb_nur/webapp/vendor/laravel/framework/src/Illuminate/Pipeline/Pipeline.php(219): Illuminate/Session/Middleware/StartSession->handle(Object(Illuminate/Http/Request), Object(Closure))
#18 D:/Codingan/random/_client_projects/pos_tb_nur/webapp/vendor/laravel/framework/src/Illuminate/Cookie/Middleware/AddQueuedCookiesToResponse.php(36): Illuminate/Pipeline/Pipeline->Illuminate/Pipeline/{closure}(Object(Illuminate/Http/Request))
#19 D:/Codingan/random/_client_projects/pos_tb_nur/webapp/vendor/laravel/framework/src/Illuminate/Pipeline/Pipeline.php(219): Illuminate/Cookie/Middleware/AddQueuedCookiesToResponse->handle(Object(Illuminate/Http/Request), Object(Closure))
#20 D:/Codingan/random/_client_projects/pos_tb_nur/webapp/vendor/laravel/framework/src/Illuminate/Cookie/Middleware/EncryptCookies.php(74): Illuminate/Pipeline/Pipeline->Illuminate/Pipeline/{closure}(Object(Illuminate/Http/Request))
#21 D:/Codingan/random/_client_projects/pos_tb_nur/webapp/vendor/laravel/framework/src/Illuminate/Pipeline/Pipeline.php(219): Illuminate/Cookie/Middleware/EncryptCookies->handle(Object(Illuminate/Http/Request), Object(Closure))
#22 D:/Codingan/random/_client_projects/pos_tb_nur/webapp/vendor/laravel/framework/src/Illuminate/Pipeline/Pipeline.php(137): Illuminate/Pipeline/Pipeline->Illuminate/Pipeline/{closure}(Object(Illuminate/Http/Request))
#23 D:/Codingan/random/_client_projects/pos_tb_nur/webapp/vendor/laravel/framework/src/Illuminate/Routing/Router.php(821): Illuminate/Pipeline/Pipeline->then(Object(Closure))
#24 D:/Codingan/random/_client_projects/pos_tb_nur/webapp/vendor/laravel/framework/src/Illuminate/Routing/Router.php(800): Illuminate/Routing/Router->runRouteWithinStack(Object(Illuminate/Routing/Route), Object(Illuminate/Http/Request))
#25 D:/Codingan/random/_client_projects/pos_tb_nur/webapp/vendor/laravel/framework/src/Illuminate/Routing/Router.php(764): Illuminate/Routing/Router->runRoute(Object(Illuminate/Http/Request), Object(Illuminate/Routing/Route))
#26 D:/Codingan/random/_client_projects/pos_tb_nur/webapp/vendor/laravel/framework/src/Illuminate/Routing/Router.php(753): Illuminate/Routing/Router->dispatchToRoute(Object(Illuminate/Http/Request))
#27 D:/Codingan/random/_client_projects/pos_tb_nur/webapp/vendor/laravel/framework/src/Illuminate/Foundation/Http/Kernel.php(200): Illuminate/Routing/Router->dispatch(Object(Illuminate/Http/Request))
#28 D:/Codingan/random/_client_projects/pos_tb_nur/webapp/vendor/laravel/framework/src/Illuminate/Pipeline/Pipeline.php(180): Illuminate/Foundation/Http/Kernel->Illuminate/Foundation/Http/{closure}(Object(Illuminate/Http/Request))
#29 D:/Codingan/random/_client_projects/pos_tb_nur/webapp/vendor/inertiajs/inertia-laravel/src/Middleware/EnsureGetOnRedirect.php(19): Illuminate/Pipeline/Pipeline->Illuminate/Pipeline/{closure}(Object(Illuminate/Http/Request))
#30 D:/Codingan/random/_client_projects/pos_tb_nur/webapp/vendor/laravel/framework/src/Illuminate/Pipeline/Pipeline.php(219): Inertia/Middleware/EnsureGetOnRedirect->handle(Object(Illuminate/Http/Request), Object(Closure))
#31 D:/Codingan/random/_client_projects/pos_tb_nur/webapp/vendor/laravel/framework/src/Illuminate/Foundation/Http/Middleware/TransformsRequest.php(21): Illuminate/Pipeline/Pipeline->Illuminate/Pipeline/{closure}(Object(Illuminate/Http/Request))
#32 D:/Codingan/random/_client_projects/pos_tb_nur/webapp/vendor/laravel/framework/src/Illuminate/Foundation/Http/Middleware/ConvertEmptyStringsToNull.php(31): Illuminate/Foundation/Http/Middleware/TransformsRequest->handle(Object(Illuminate/Http/Request), Object(Closure))
#33 D:/Codingan/random/_client_projects/pos_tb_nur/webapp/vendor/laravel/framework/src/Illuminate/Pipeline/Pipeline.php(219): Illuminate/Foundation/Http/Middleware/ConvertEmptyStringsToNull->handle(Object(Illuminate/Http/Request), Object(Closure))
#34 D:/Codingan/random/_client_projects/pos_tb_nur/webapp/vendor/laravel/framework/src/Illuminate/Foundation/Http/Middleware/TransformsRequest.php(21): Illuminate/Pipeline/Pipeline->Illuminate/Pipeline/{closure}(Object(Illuminate/Http/Request))
#35 D:/Codingan/random/_client_projects/pos_tb_nur/webapp/vendor/laravel/framework/src/Illuminate/Foundation/Http/Middleware/TrimStrings.php(51): Illuminate/Foundation/Http/Middleware/TransformsRequest->handle(Object(Illuminate/Http/Request), Object(Closure))
#36 D:/Codingan/random/_client_projects/pos_tb_nur/webapp/vendor/laravel/framework/src/Illuminate/Pipeline/Pipeline.php(219): Illuminate/Foundation/Http/Middleware/TrimStrings->handle(Object(Illuminate/Http/Request), Object(Closure))
#37 D:/Codingan/random/_client_projects/pos_tb_nur/webapp/vendor/laravel/framework/src/Illuminate/Http/Middleware/ValidatePostSize.php(27): Illuminate/Pipeline/Pipeline->Illuminate/Pipeline/{closure}(Object(Illuminate/Http/Request))
#38 D:/Codingan/random/_client_projects/pos_tb_nur/webapp/vendor/laravel/framework/src/Illuminate/Pipeline/Pipeline.php(219): Illuminate/Http/Middleware/ValidatePostSize->handle(Object(Illuminate/Http/Request), Object(Closure))
#39 D:/Codingan/random/_client_projects/pos_tb_nur/webapp/vendor/laravel/framework/src/Illuminate/Foundation/Http/Middleware/PreventRequestsDuringMaintenance.php(109): Illuminate/Pipeline/Pipeline->Illuminate/Pipeline/{closure}(Object(Illuminate/Http/Request))
#40 D:/Codingan/random/_client_projects/pos_tb_nur/webapp/vendor/laravel/framework/src/Illuminate/Pipeline/Pipeline.php(219): Illuminate/Foundation/Http/Middleware/PreventRequestsDuringMaintenance->handle(Object(Illuminate/Http/Request), Object(Closure))
#41 D:/Codingan/random/_client_projects/pos_tb_nur/webapp/vendor/laravel/framework/src/Illuminate/Http/Middleware/HandleCors.php(61): Illuminate/Pipeline/Pipeline->Illuminate/Pipeline/{closure}(Object(Illuminate/Http/Request))
#42 D:/Codingan/random/_client_projects/pos_tb_nur/webapp/vendor/laravel/framework/src/Illuminate/Pipeline/Pipeline.php(219): Illuminate/Http/Middleware/HandleCors->handle(Object(Illuminate/Http/Request), Object(Closure))
#43 D:/Codingan/random/_client_projects/pos_tb_nur/webapp/vendor/laravel/framework/src/Illuminate/Http/Middleware/TrustProxies.php(58): Illuminate/Pipeline/Pipeline->Illuminate/Pipeline/{closure}(Object(Illuminate/Http/Request))
#44 D:/Codingan/random/_client_projects/pos_tb_nur/webapp/vendor/laravel/framework/src/Illuminate/Pipeline/Pipeline.php(219): Illuminate/Http/Middleware/TrustProxies->handle(Object(Illuminate/Http/Request), Object(Closure))
#45 D:/Codingan/random/_client_projects/pos_tb_nur/webapp/vendor/laravel/framework/src/Illuminate/Foundation/Http/Middleware/InvokeDeferredCallbacks.php(22): Illuminate/Pipeline/Pipeline->Illuminate/Pipeline/{closure}(Object(Illuminate/Http/Request))
#46 D:/Codingan/random/_client_projects/pos_tb_nur/webapp/vendor/laravel/framework/src/Illuminate/Pipeline/Pipeline.php(219): Illuminate/Foundation/Http/Middleware/InvokeDeferredCallbacks->handle(Object(Illuminate/Http/Request), Object(Closure))
#47 D:/Codingan/random/_client_projects/pos_tb_nur/webapp/vendor/laravel/framework/src/Illuminate/Http/Middleware/ValidatePathEncoding.php(26): Illuminate/Pipeline/Pipeline->Illuminate/Pipeline/{closure}(Object(Illuminate/Http/Request))
#48 D:/Codingan/random/_client_projects/pos_tb_nur/webapp/vendor/laravel/framework/src/Illuminate/Pipeline/Pipeline.php(219): Illuminate/Http/Middleware/ValidatePathEncoding->handle(Object(Illuminate/Http/Request), Object(Closure))
#49 D:/Codingan/random/_client_projects/pos_tb_nur/webapp/vendor/laravel/framework/src/Illuminate/Pipeline/Pipeline.php(137): Illuminate/Pipeline/Pipeline->Illuminate/Pipeline/{closure}(Object(Illuminate/Http/Request))
#50 D:/Codingan/random/_client_projects/pos_tb_nur/webapp/vendor/laravel/framework/src/Illuminate/Foundation/Http/Kernel.php(175): Illuminate/Pipeline/Pipeline->then(Object(Closure))
#51 D:/Codingan/random/_client_projects/pos_tb_nur/webapp/vendor/laravel/framework/src/Illuminate/Foundation/Http/Kernel.php(144): Illuminate/Foundation/Http/Kernel->sendRequestThroughRouter(Object(Illuminate/Http/Request))
#52 D:/Codingan/random/_client_projects/pos_tb_nur/webapp/vendor/laravel/framework/src/Illuminate/Foundation/Testing/Concerns/MakesHttpRequests.php(607): Illuminate/Foundation/Http/Kernel->handle(Object(Illuminate/Http/Request))
#53 D:/Codingan/random/_client_projects/pos_tb_nur/webapp/vendor/laravel/framework/src/Illuminate/Foundation/Testing/Concerns/MakesHttpRequests.php(368): Illuminate/Foundation/Testing/TestCase->call('GET', '/_test/error-50...', Array, Array, Array, Array)
#54 D:/Codingan/random/_client_projects/pos_tb_nur/webapp/tests/Feature/ErrorPageTest.php(38): Illuminate/Foundation/Testing/TestCase->get('/_test/error-50...')
#55 D:/Codingan/random/_client_projects/pos_tb_nur/webapp/vendor/phpunit/phpunit/src/Framework/TestCase.php(1667): Tests/Feature/ErrorPageTest->test_server_exception_renders_the_friendly_error_page()
#56 D:/Codingan/random/_client_projects/pos_tb_nur/webapp/vendor/phpunit/phpunit/src/Framework/TestCase.php(519): PHPUnit/Framework/TestCase->runTest()
#57 D:/Codingan/random/_client_projects/pos_tb_nur/webapp/vendor/phpunit/phpunit/src/Framework/TestRunner/TestRunner.php(87): PHPUnit/Framework/TestCase->runBare()
#58 D:/Codingan/random/_client_projects/pos_tb_nur/webapp/vendor/phpunit/phpunit/src/Framework/TestCase.php(365): PHPUnit/Framework/TestRunner->run(Object(Tests/Feature/ErrorPageTest))
#59 D:/Codingan/random/_client_projects/pos_tb_nur/webapp/vendor/phpunit/phpunit/src/Framework/TestSuite.php(369): PHPUnit/Framework/TestCase->run()
#60 D:/Codingan/random/_client_projects/pos_tb_nur/webapp/vendor/phpunit/phpunit/src/Framework/TestSuite.php(369): PHPUnit/Framework/TestSuite->run()
#61 D:/Codingan/random/_client_projects/pos_tb_nur/webapp/vendor/phpunit/phpunit/src/Framework/TestSuite.php(369): PHPUnit/Framework/TestSuite->run()
#62 D:/Codingan/random/_client_projects/pos_tb_nur/webapp/vendor/phpunit/phpunit/src/TextUI/TestRunner.php(64): PHPUnit/Framework/TestSuite->run()
#63 D:/Codingan/random/_client_projects/pos_tb_nur/webapp/vendor/phpunit/phpunit/src/TextUI/Application.php(211): PHPUnit/TextUI/TestRunner->run(Object(PHPUnit/TextUI/Configuration/Configuration), Object(PHPUnit/Runner/ResultCache/DefaultResultCache), Object(PHPUnit/Framework/TestSuite))
#64 D:/Codingan/random/_client_projects/pos_tb_nur/webapp/vendor/phpunit/phpunit/phpunit(104): PHPUnit/TextUI/Application->run(Array)
#65 {main}
"} 
[2026-07-31 17:47:04] testing.ERROR: forced failure {"exception":"[object] (RuntimeException(code: 0): forced failure at D:/Codingan/random/_client_projects/pos_tb_nur/webapp/tests/Feature/ErrorPageTest.php:35)
[stacktrace]
#0 D:/Codingan/random/_client_projects/pos_tb_nur/webapp/vendor/laravel/framework/src/Illuminate/Routing/CallableDispatcher.php(39): Tests/Feature/ErrorPageTest->Tests/Feature/{closure}()
#1 D:/Codingan/random/_client_projects/pos_tb_nur/webapp/vendor/laravel/framework/src/Illuminate/Routing/Route.php(243): Illuminate/Routing/CallableDispatcher->dispatch(Object(Illuminate/Routing/Route), Object(Closure))
#2 D:/Codingan/random/_client_projects/pos_tb_nur/webapp/vendor/laravel/framework/src/Illuminate/Routing/Route.php(214): Illuminate/Routing/Route->runCallable()
#3 D:/Codingan/random/_client_projects/pos_tb_nur/webapp/vendor/laravel/framework/src/Illuminate/Routing/Router.php(822): Illuminate/Routing/Route->run()
#4 D:/Codingan/random/_client_projects/pos_tb_nur/webapp/vendor/laravel/framework/src/Illuminate/Pipeline/Pipeline.php(180): Illuminate/Routing/Router->Illuminate/Routing/{closure}(Object(Illuminate/Http/Request))
#5 D:/Codingan/random/_client_projects/pos_tb_nur/webapp/app/Http/Middleware/SecureHeaders.php(16): Illuminate/Pipeline/Pipeline->Illuminate/Pipeline/{closure}(Object(Illuminate/Http/Request))
#6 D:/Codingan/random/_client_projects/pos_tb_nur/webapp/vendor/laravel/framework/src/Illuminate/Pipeline/Pipeline.php(219): App/Http/Middleware/SecureHeaders->handle(Object(Illuminate/Http/Request), Object(Closure))
#7 D:/Codingan/random/_client_projects/pos_tb_nur/webapp/vendor/inertiajs/inertia-laravel/src/Middleware.php(138): Illuminate/Pipeline/Pipeline->Illuminate/Pipeline/{closure}(Object(Illuminate/Http/Request))
#8 D:/Codingan/random/_client_projects/pos_tb_nur/webapp/vendor/laravel/framework/src/Illuminate/Pipeline/Pipeline.php(219): Inertia/Middleware->handle(Object(Illuminate/Http/Request), Object(Closure))
#9 D:/Codingan/random/_client_projects/pos_tb_nur/webapp/vendor/laravel/framework/src/Illuminate/Routing/Middleware/SubstituteBindings.php(50): Illuminate/Pipeline/Pipeline->Illuminate/Pipeline/{closure}(Object(Illuminate/Http/Request))
#10 D:/Codingan/random/_client_projects/pos_tb_nur/webapp/vendor/laravel/framework/src/Illuminate/Pipeline/Pipeline.php(219): Illuminate/Routing/Middleware/SubstituteBindings->handle(Object(Illuminate/Http/Request), Object(Closure))
#11 D:/Codingan/random/_client_projects/pos_tb_nur/webapp/vendor/laravel/framework/src/Illuminate/Foundation/Http/Middleware/VerifyCsrfToken.php(87): Illuminate/Pipeline/Pipeline->Illuminate/Pipeline/{closure}(Object(Illuminate/Http/Request))
#12 D:/Codingan/random/_client_projects/pos_tb_nur/webapp/vendor/laravel/framework/src/Illuminate/Pipeline/Pipeline.php(219): Illuminate/Foundation/Http/Middleware/VerifyCsrfToken->handle(Object(Illuminate/Http/Request), Object(Closure))
#13 D:/Codingan/random/_client_projects/pos_tb_nur/webapp/vendor/laravel/framework/src/Illuminate/View/Middleware/ShareErrorsFromSession.php(48): Illuminate/Pipeline/Pipeline->Illuminate/Pipeline/{closure}(Object(Illuminate/Http/Request))
#14 D:/Codingan/random/_client_projects/pos_tb_nur/webapp/vendor/laravel/framework/src/Illuminate/Pipeline/Pipeline.php(219): Illuminate/View/Middleware/ShareErrorsFromSession->handle(Object(Illuminate/Http/Request), Object(Closure))
#15 D:/Codingan/random/_client_projects/pos_tb_nur/webapp/vendor/laravel/framework/src/Illuminate/Session/Middleware/StartSession.php(120): Illuminate/Pipeline/Pipeline->Illuminate/Pipeline/{closure}(Object(Illuminate/Http/Request))
#16 D:/Codingan/random/_client_projects/pos_tb_nur/webapp/vendor/laravel/framework/src/Illuminate/Session/Middleware/StartSession.php(63): Illuminate/Session/Middleware/StartSession->handleStatefulRequest(Object(Illuminate/Http/Request), Object(Illuminate/Session/Store), Object(Closure))
#17 D:/Codingan/random/_client_projects/pos_tb_nur/webapp/vendor/laravel/framework/src/Illuminate/Pipeline/Pipeline.php(219): Illuminate/Session/Middleware/StartSession->handle(Object(Illuminate/Http/Request), Object(Closure))
#18 D:/Codingan/random/_client_projects/pos_tb_nur/webapp/vendor/laravel/framework/src/Illuminate/Cookie/Middleware/AddQueuedCookiesToResponse.php(36): Illuminate/Pipeline/Pipeline->Illuminate/Pipeline/{closure}(Object(Illuminate/Http/Request))
#19 D:/Codingan/random/_client_projects/pos_tb_nur/webapp/vendor/laravel/framework/src/Illuminate/Pipeline/Pipeline.php(219): Illuminate/Cookie/Middleware/AddQueuedCookiesToResponse->handle(Object(Illuminate/Http/Request), Object(Closure))
#20 D:/Codingan/random/_client_projects/pos_tb_nur/webapp/vendor/laravel/framework/src/Illuminate/Cookie/Middleware/EncryptCookies.php(74): Illuminate/Pipeline/Pipeline->Illuminate/Pipeline/{closure}(Object(Illuminate/Http/Request))
#21 D:/Codingan/random/_client_projects/pos_tb_nur/webapp/vendor/laravel/framework/src/Illuminate/Pipeline/Pipeline.php(219): Illuminate/Cookie/Middleware/EncryptCookies->handle(Object(Illuminate/Http/Request), Object(Closure))
#22 D:/Codingan/random/_client_projects/pos_tb_nur/webapp/vendor/laravel/framework/src/Illuminate/Pipeline/Pipeline.php(137): Illuminate/Pipeline/Pipeline->Illuminate/Pipeline/{closure}(Object(Illuminate/Http/Request))
#23 D:/Codingan/random/_client_projects/pos_tb_nur/webapp/vendor/laravel/framework/src/Illuminate/Routing/Router.php(821): Illuminate/Pipeline/Pipeline->then(Object(Closure))
#24 D:/Codingan/random/_client_projects/pos_tb_nur/webapp/vendor/laravel/framework/src/Illuminate/Routing/Router.php(800): Illuminate/Routing/Router->runRouteWithinStack(Object(Illuminate/Routing/Route), Object(Illuminate/Http/Request))
#25 D:/Codingan/random/_client_projects/pos_tb_nur/webapp/vendor/laravel/framework/src/Illuminate/Routing/Router.php(764): Illuminate/Routing/Router->runRoute(Object(Illuminate/Http/Request), Object(Illuminate/Routing/Route))
#26 D:/Codingan/random/_client_projects/pos_tb_nur/webapp/vendor/laravel/framework/src/Illuminate/Routing/Router.php(753): Illuminate/Routing/Router->dispatchToRoute(Object(Illuminate/Http/Request))
#27 D:/Codingan/random/_client_projects/pos_tb_nur/webapp/vendor/laravel/framework/src/Illuminate/Foundation/Http/Kernel.php(200): Illuminate/Routing/Router->dispatch(Object(Illuminate/Http/Request))
#28 D:/Codingan/random/_client_projects/pos_tb_nur/webapp/vendor/laravel/framework/src/Illuminate/Pipeline/Pipeline.php(180): Illuminate/Foundation/Http/Kernel->Illuminate/Foundation/Http/{closure}(Object(Illuminate/Http/Request))
#29 D:/Codingan/random/_client_projects/pos_tb_nur/webapp/vendor/inertiajs/inertia-laravel/src/Middleware/EnsureGetOnRedirect.php(19): Illuminate/Pipeline/Pipeline->Illuminate/Pipeline/{closure}(Object(Illuminate/Http/Request))
#30 D:/Codingan/random/_client_projects/pos_tb_nur/webapp/vendor/laravel/framework/src/Illuminate/Pipeline/Pipeline.php(219): Inertia/Middleware/EnsureGetOnRedirect->handle(Object(Illuminate/Http/Request), Object(Closure))
#31 D:/Codingan/random/_client_projects/pos_tb_nur/webapp/vendor/laravel/framework/src/Illuminate/Foundation/Http/Middleware/TransformsRequest.php(21): Illuminate/Pipeline/Pipeline->Illuminate/Pipeline/{closure}(Object(Illuminate/Http/Request))
#32 D:/Codingan/random/_client_projects/pos_tb_nur/webapp/vendor/laravel/framework/src/Illuminate/Foundation/Http/Middleware/ConvertEmptyStringsToNull.php(31): Illuminate/Foundation/Http/Middleware/TransformsRequest->handle(Object(Illuminate/Http/Request), Object(Closure))
#33 D:/Codingan/random/_client_projects/pos_tb_nur/webapp/vendor/laravel/framework/src/Illuminate/Pipeline/Pipeline.php(219): Illuminate/Foundation/Http/Middleware/ConvertEmptyStringsToNull->handle(Object(Illuminate/Http/Request), Object(Closure))
#34 D:/Codingan/random/_client_projects/pos_tb_nur/webapp/vendor/laravel/framework/src/Illuminate/Foundation/Http/Middleware/TransformsRequest.php(21): Illuminate/Pipeline/Pipeline->Illuminate/Pipeline/{closure}(Object(Illuminate/Http/Request))
#35 D:/Codingan/random/_client_projects/pos_tb_nur/webapp/vendor/laravel/framework/src/Illuminate/Foundation/Http/Middleware/TrimStrings.php(51): Illuminate/Foundation/Http/Middleware/TransformsRequest->handle(Object(Illuminate/Http/Request), Object(Closure))
#36 D:/Codingan/random/_client_projects/pos_tb_nur/webapp/vendor/laravel/framework/src/Illuminate/Pipeline/Pipeline.php(219): Illuminate/Foundation/Http/Middleware/TrimStrings->handle(Object(Illuminate/Http/Request), Object(Closure))
#37 D:/Codingan/random/_client_projects/pos_tb_nur/webapp/vendor/laravel/framework/src/Illuminate/Http/Middleware/ValidatePostSize.php(27): Illuminate/Pipeline/Pipeline->Illuminate/Pipeline/{closure}(Object(Illuminate/Http/Request))
#38 D:/Codingan/random/_client_projects/pos_tb_nur/webapp/vendor/laravel/framework/src/Illuminate/Pipeline/Pipeline.php(219): Illuminate/Http/Middleware/ValidatePostSize->handle(Object(Illuminate/Http/Request), Object(Closure))
#39 D:/Codingan/random/_client_projects/pos_tb_nur/webapp/vendor/laravel/framework/src/Illuminate/Foundation/Http/Middleware/PreventRequestsDuringMaintenance.php(109): Illuminate/Pipeline/Pipeline->Illuminate/Pipeline/{closure}(Object(Illuminate/Http/Request))
#40 D:/Codingan/random/_client_projects/pos_tb_nur/webapp/vendor/laravel/framework/src/Illuminate/Pipeline/Pipeline.php(219): Illuminate/Foundation/Http/Middleware/PreventRequestsDuringMaintenance->handle(Object(Illuminate/Http/Request), Object(Closure))
#41 D:/Codingan/random/_client_projects/pos_tb_nur/webapp/vendor/laravel/framework/src/Illuminate/Http/Middleware/HandleCors.php(61): Illuminate/Pipeline/Pipeline->Illuminate/Pipeline/{closure}(Object(Illuminate/Http/Request))
#42 D:/Codingan/random/_client_projects/pos_tb_nur/webapp/vendor/laravel/framework/src/Illuminate/Pipeline/Pipeline.php(219): Illuminate/Http/Middleware/HandleCors->handle(Object(Illuminate/Http/Request), Object(Closure))
#43 D:/Codingan/random/_client_projects/pos_tb_nur/webapp/vendor/laravel/framework/src/Illuminate/Http/Middleware/TrustProxies.php(58): Illuminate/Pipeline/Pipeline->Illuminate/Pipeline/{closure}(Object(Illuminate/Http/Request))
#44 D:/Codingan/random/_client_projects/pos_tb_nur/webapp/vendor/laravel/framework/src/Illuminate/Pipeline/Pipeline.php(219): Illuminate/Http/Middleware/TrustProxies->handle(Object(Illuminate/Http/Request), Object(Closure))
#45 D:/Codingan/random/_client_projects/pos_tb_nur/webapp/vendor/laravel/framework/src/Illuminate/Foundation/Http/Middleware/InvokeDeferredCallbacks.php(22): Illuminate/Pipeline/Pipeline->Illuminate/Pipeline/{closure}(Object(Illuminate/Http/Request))
#46 D:/Codingan/random/_client_projects/pos_tb_nur/webapp/vendor/laravel/framework/src/Illuminate/Pipeline/Pipeline.php(219): Illuminate/Foundation/Http/Middleware/InvokeDeferredCallbacks->handle(Object(Illuminate/Http/Request), Object(Closure))
#47 D:/Codingan/random/_client_projects/pos_tb_nur/webapp/vendor/laravel/framework/src/Illuminate/Http/Middleware/ValidatePathEncoding.php(26): Illuminate/Pipeline/Pipeline->Illuminate/Pipeline/{closure}(Object(Illuminate/Http/Request))
#48 D:/Codingan/random/_client_projects/pos_tb_nur/webapp/vendor/laravel/framework/src/Illuminate/Pipeline/Pipeline.php(219): Illuminate/Http/Middleware/ValidatePathEncoding->handle(Object(Illuminate/Http/Request), Object(Closure))
#49 D:/Codingan/random/_client_projects/pos_tb_nur/webapp/vendor/laravel/framework/src/Illuminate/Pipeline/Pipeline.php(137): Illuminate/Pipeline/Pipeline->Illuminate/Pipeline/{closure}(Object(Illuminate/Http/Request))
#50 D:/Codingan/random/_client_projects/pos_tb_nur/webapp/vendor/laravel/framework/src/Illuminate/Foundation/Http/Kernel.php(175): Illuminate/Pipeline/Pipeline->then(Object(Closure))
#51 D:/Codingan/random/_client_projects/pos_tb_nur/webapp/vendor/laravel/framework/src/Illuminate/Foundation/Http/Kernel.php(144): Illuminate/Foundation/Http/Kernel->sendRequestThroughRouter(Object(Illuminate/Http/Request))
#52 D:/Codingan/random/_client_projects/pos_tb_nur/webapp/vendor/laravel/framework/src/Illuminate/Foundation/Testing/Concerns/MakesHttpRequests.php(607): Illuminate/Foundation/Http/Kernel->handle(Object(Illuminate/Http/Request))
#53 D:/Codingan/random/_client_projects/pos_tb_nur/webapp/vendor/laravel/framework/src/Illuminate/Foundation/Testing/Concerns/MakesHttpRequests.php(368): Illuminate/Foundation/Testing/TestCase->call('GET', '/_test/error-50...', Array, Array, Array, Array)
#54 D:/Codingan/random/_client_projects/pos_tb_nur/webapp/tests/Feature/ErrorPageTest.php(38): Illuminate/Foundation/Testing/TestCase->get('/_test/error-50...')
#55 D:/Codingan/random/_client_projects/pos_tb_nur/webapp/vendor/phpunit/phpunit/src/Framework/TestCase.php(1667): Tests/Feature/ErrorPageTest->test_server_exception_renders_the_friendly_error_page()
#56 D:/Codingan/random/_client_projects/pos_tb_nur/webapp/vendor/phpunit/phpunit/src/Framework/TestCase.php(519): PHPUnit/Framework/TestCase->runTest()
#57 D:/Codingan/random/_client_projects/pos_tb_nur/webapp/vendor/phpunit/phpunit/src/Framework/TestRunner/TestRunner.php(87): PHPUnit/Framework/TestCase->runBare()
#58 D:/Codingan/random/_client_projects/pos_tb_nur/webapp/vendor/phpunit/phpunit/src/Framework/TestCase.php(365): PHPUnit/Framework/TestRunner->run(Object(Tests/Feature/ErrorPageTest))
#59 D:/Codingan/random/_client_projects/pos_tb_nur/webapp/vendor/phpunit/phpunit/src/Framework/TestSuite.php(369): PHPUnit/Framework/TestCase->run()
#60 D:/Codingan/random/_client_projects/pos_tb_nur/webapp/vendor/phpunit/phpunit/src/Framework/TestSuite.php(369): PHPUnit/Framework/TestSuite->run()
#61 D:/Codingan/random/_client_projects/pos_tb_nur/webapp/vendor/phpunit/phpunit/src/Framework/TestSuite.php(369): PHPUnit/Framework/TestSuite->run()
#62 D:/Codingan/random/_client_projects/pos_tb_nur/webapp/vendor/phpunit/phpunit/src/TextUI/TestRunner.php(64): PHPUnit/Framework/TestSuite->run()
#63 D:/Codingan/random/_client_projects/pos_tb_nur/webapp/vendor/phpunit/phpunit/src/TextUI/Application.php(211): PHPUnit/TextUI/TestRunner->run(Object(PHPUnit/TextUI/Configuration/Configuration), Object(PHPUnit/Runner/ResultCache/DefaultResultCache), Object(PHPUnit/Framework/TestSuite))
#64 D:/Codingan/random/_client_projects/pos_tb_nur/webapp/vendor/phpunit/phpunit/phpunit(104): PHPUnit/TextUI/Application->run(Array)
#65 {main}
"} 
