[2026-08-12 15:15:41] local.ERROR: Undefined variable $jan1ThisYear {"userId":1,"exception":"[object] (ErrorException(code: 0): Undefined variable $jan1ThisYear at D:/Codingan/random/_client_projects/pos_tb_nur/webapp/app/Support/Presentation/DashboardBlueprintProvider.php:156)
[stacktrace]
#0 D:/Codingan/random/_client_projects/pos_tb_nur/webapp/vendor/laravel/framework/src/Illuminate/Foundation/Bootstrap/HandleExceptions.php(258): Illuminate/Foundation/Bootstrap/HandleExceptions->handleError(2, 'Undefined varia...', 'D://Codingan//ran...', 156)
#1 D:/Codingan/random/_client_projects/pos_tb_nur/webapp/app/Support/Presentation/DashboardBlueprintProvider.php(156): Illuminate/Foundation/Bootstrap/HandleExceptions->Illuminate/Foundation/Bootstrap/{closure}(2, 'Undefined varia...', 'D://Codingan//ran...', 156)
#2 D:/Codingan/random/_client_projects/pos_tb_nur/webapp/app/Support/Presentation/PosBlueprint.php(185): App/Support/Presentation/DashboardBlueprintProvider::get(NULL, NULL, false, '2026-08-12')
#3 D:/Codingan/random/_client_projects/pos_tb_nur/webapp/app/Support/Presentation/PosBlueprint.php(110): App/Support/Presentation/PosBlueprint::sampleDashboard(NULL, NULL, false, '2026-08-12')
#4 D:/Codingan/random/_client_projects/pos_tb_nur/webapp/app/Http/Controllers/Web/DashboardController.php(22): App/Support/Presentation/PosBlueprint::forDashboard(NULL, NULL, NULL, false, '2026-08-12')
#5 D:/Codingan/random/_client_projects/pos_tb_nur/webapp/vendor/laravel/framework/src/Illuminate/Routing/ControllerDispatcher.php(46): App/Http/Controllers/Web/DashboardController->__invoke(Object(Illuminate/Http/Request), NULL)
#6 D:/Codingan/random/_client_projects/pos_tb_nur/webapp/vendor/laravel/framework/src/Illuminate/Routing/Route.php(265): Illuminate/Routing/ControllerDispatcher->dispatch(Object(Illuminate/Routing/Route), Object(App/Http/Controllers/Web/DashboardController), '__invoke')
#7 D:/Codingan/random/_client_projects/pos_tb_nur/webapp/vendor/laravel/framework/src/Illuminate/Routing/Route.php(211): Illuminate/Routing/Route->runController()
#8 D:/Codingan/random/_client_projects/pos_tb_nur/webapp/vendor/laravel/framework/src/Illuminate/Routing/Router.php(822): Illuminate/Routing/Route->run()
#9 D:/Codingan/random/_client_projects/pos_tb_nur/webapp/vendor/laravel/framework/src/Illuminate/Pipeline/Pipeline.php(180): Illuminate/Routing/Router->Illuminate/Routing/{closure}(Object(Illuminate/Http/Request))
#10 D:/Codingan/random/_client_projects/pos_tb_nur/webapp/app/Http/Middleware/SecureHeaders.php(16): Illuminate/Pipeline/Pipeline->Illuminate/Pipeline/{closure}(Object(Illuminate/Http/Request))
#11 D:/Codingan/random/_client_projects/pos_tb_nur/webapp/vendor/laravel/framework/src/Illuminate/Pipeline/Pipeline.php(219): App/Http/Middleware/SecureHeaders->handle(Object(Illuminate/Http/Request), Object(Closure))
#12 D:/Codingan/random/_client_projects/pos_tb_nur/webapp/vendor/inertiajs/inertia-laravel/src/Middleware.php(138): Illuminate/Pipeline/Pipeline->Illuminate/Pipeline/{closure}(Object(Illuminate/Http/Request))
#13 D:/Codingan/random/_client_projects/pos_tb_nur/webapp/vendor/laravel/framework/src/Illuminate/Pipeline/Pipeline.php(219): Inertia/Middleware->handle(Object(Illuminate/Http/Request), Object(Closure))
#14 D:/Codingan/random/_client_projects/pos_tb_nur/webapp/vendor/laravel/framework/src/Illuminate/Routing/Middleware/SubstituteBindings.php(50): Illuminate/Pipeline/Pipeline->Illuminate/Pipeline/{closure}(Object(Illuminate/Http/Request))
#15 D:/Codingan/random/_client_projects/pos_tb_nur/webapp/vendor/laravel/framework/src/Illuminate/Pipeline/Pipeline.php(219): Illuminate/Routing/Middleware/SubstituteBindings->handle(Object(Illuminate/Http/Request), Object(Closure))
#16 D:/Codingan/random/_client_projects/pos_tb_nur/webapp/vendor/laravel/framework/src/Illuminate/Auth/Middleware/Authenticate.php(63): Illuminate/Pipeline/Pipeline->Illuminate/Pipeline/{closure}(Object(Illuminate/Http/Request))
#17 D:/Codingan/random/_client_projects/pos_tb_nur/webapp/vendor/laravel/framework/src/Illuminate/Pipeline/Pipeline.php(219): Illuminate/Auth/Middleware/Authenticate->handle(Object(Illuminate/Http/Request), Object(Closure))
#18 D:/Codingan/random/_client_projects/pos_tb_nur/webapp/vendor/laravel/framework/src/Illuminate/Foundation/Http/Middleware/VerifyCsrfToken.php(87): Illuminate/Pipeline/Pipeline->Illuminate/Pipeline/{closure}(Object(Illuminate/Http/Request))
#19 D:/Codingan/random/_client_projects/pos_tb_nur/webapp/vendor/laravel/framework/src/Illuminate/Pipeline/Pipeline.php(219): Illuminate/Foundation/Http/Middleware/VerifyCsrfToken->handle(Object(Illuminate/Http/Request), Object(Closure))
#20 D:/Codingan/random/_client_projects/pos_tb_nur/webapp/vendor/laravel/framework/src/Illuminate/View/Middleware/ShareErrorsFromSession.php(48): Illuminate/Pipeline/Pipeline->Illuminate/Pipeline/{closure}(Object(Illuminate/Http/Request))
#21 D:/Codingan/random/_client_projects/pos_tb_nur/webapp/vendor/laravel/framework/src/Illuminate/Pipeline/Pipeline.php(219): Illuminate/View/Middleware/ShareErrorsFromSession->handle(Object(Illuminate/Http/Request), Object(Closure))
#22 D:/Codingan/random/_client_projects/pos_tb_nur/webapp/vendor/laravel/framework/src/Illuminate/Session/Middleware/StartSession.php(120): Illuminate/Pipeline/Pipeline->Illuminate/Pipeline/{closure}(Object(Illuminate/Http/Request))
#23 D:/Codingan/random/_client_projects/pos_tb_nur/webapp/vendor/laravel/framework/src/Illuminate/Session/Middleware/StartSession.php(63): Illuminate/Session/Middleware/StartSession->handleStatefulRequest(Object(Illuminate/Http/Request), Object(Illuminate/Session/Store), Object(Closure))
#24 D:/Codingan/random/_client_projects/pos_tb_nur/webapp/vendor/laravel/framework/src/Illuminate/Pipeline/Pipeline.php(219): Illuminate/Session/Middleware/StartSession->handle(Object(Illuminate/Http/Request), Object(Closure))
#25 D:/Codingan/random/_client_projects/pos_tb_nur/webapp/vendor/laravel/framework/src/Illuminate/Cookie/Middleware/AddQueuedCookiesToResponse.php(36): Illuminate/Pipeline/Pipeline->Illuminate/Pipeline/{closure}(Object(Illuminate/Http/Request))
#26 D:/Codingan/random/_client_projects/pos_tb_nur/webapp/vendor/laravel/framework/src/Illuminate/Pipeline/Pipeline.php(219): Illuminate/Cookie/Middleware/AddQueuedCookiesToResponse->handle(Object(Illuminate/Http/Request), Object(Closure))
#27 D:/Codingan/random/_client_projects/pos_tb_nur/webapp/vendor/laravel/framework/src/Illuminate/Cookie/Middleware/EncryptCookies.php(74): Illuminate/Pipeline/Pipeline->Illuminate/Pipeline/{closure}(Object(Illuminate/Http/Request))
#28 D:/Codingan/random/_client_projects/pos_tb_nur/webapp/vendor/laravel/framework/src/Illuminate/Pipeline/Pipeline.php(219): Illuminate/Cookie/Middleware/EncryptCookies->handle(Object(Illuminate/Http/Request), Object(Closure))
#29 D:/Codingan/random/_client_projects/pos_tb_nur/webapp/vendor/laravel/framework/src/Illuminate/Pipeline/Pipeline.php(137): Illuminate/Pipeline/Pipeline->Illuminate/Pipeline/{closure}(Object(Illuminate/Http/Request))
#30 D:/Codingan/random/_client_projects/pos_tb_nur/webapp/vendor/laravel/framework/src/Illuminate/Routing/Router.php(821): Illuminate/Pipeline/Pipeline->then(Object(Closure))
#31 D:/Codingan/random/_client_projects/pos_tb_nur/webapp/vendor/laravel/framework/src/Illuminate/Routing/Router.php(800): Illuminate/Routing/Router->runRouteWithinStack(Object(Illuminate/Routing/Route), Object(Illuminate/Http/Request))
#32 D:/Codingan/random/_client_projects/pos_tb_nur/webapp/vendor/laravel/framework/src/Illuminate/Routing/Router.php(764): Illuminate/Routing/Router->runRoute(Object(Illuminate/Http/Request), Object(Illuminate/Routing/Route))
#33 D:/Codingan/random/_client_projects/pos_tb_nur/webapp/vendor/laravel/framework/src/Illuminate/Routing/Router.php(753): Illuminate/Routing/Router->dispatchToRoute(Object(Illuminate/Http/Request))
#34 D:/Codingan/random/_client_projects/pos_tb_nur/webapp/vendor/laravel/framework/src/Illuminate/Foundation/Http/Kernel.php(200): Illuminate/Routing/Router->dispatch(Object(Illuminate/Http/Request))
#35 D:/Codingan/random/_client_projects/pos_tb_nur/webapp/vendor/laravel/framework/src/Illuminate/Pipeline/Pipeline.php(180): Illuminate/Foundation/Http/Kernel->Illuminate/Foundation/Http/{closure}(Object(Illuminate/Http/Request))
#36 D:/Codingan/random/_client_projects/pos_tb_nur/webapp/vendor/inertiajs/inertia-laravel/src/Middleware/EnsureGetOnRedirect.php(19): Illuminate/Pipeline/Pipeline->Illuminate/Pipeline/{closure}(Object(Illuminate/Http/Request))
#37 D:/Codingan/random/_client_projects/pos_tb_nur/webapp/vendor/laravel/framework/src/Illuminate/Pipeline/Pipeline.php(219): Inertia/Middleware/EnsureGetOnRedirect->handle(Object(Illuminate/Http/Request), Object(Closure))
#38 D:/Codingan/random/_client_projects/pos_tb_nur/webapp/vendor/laravel/framework/src/Illuminate/Foundation/Http/Middleware/TransformsRequest.php(21): Illuminate/Pipeline/Pipeline->Illuminate/Pipeline/{closure}(Object(Illuminate/Http/Request))
#39 D:/Codingan/random/_client_projects/pos_tb_nur/webapp/vendor/laravel/framework/src/Illuminate/Foundation/Http/Middleware/ConvertEmptyStringsToNull.php(31): Illuminate/Foundation/Http/Middleware/TransformsRequest->handle(Object(Illuminate/Http/Request), Object(Closure))
#40 D:/Codingan/random/_client_projects/pos_tb_nur/webapp/vendor/laravel/framework/src/Illuminate/Pipeline/Pipeline.php(219): Illuminate/Foundation/Http/Middleware/ConvertEmptyStringsToNull->handle(Object(Illuminate/Http/Request), Object(Closure))
#41 D:/Codingan/random/_client_projects/pos_tb_nur/webapp/vendor/laravel/framework/src/Illuminate/Foundation/Http/Middleware/TransformsRequest.php(21): Illuminate/Pipeline/Pipeline->Illuminate/Pipeline/{closure}(Object(Illuminate/Http/Request))
#42 D:/Codingan/random/_client_projects/pos_tb_nur/webapp/vendor/laravel/framework/src/Illuminate/Foundation/Http/Middleware/TrimStrings.php(51): Illuminate/Foundation/Http/Middleware/TransformsRequest->handle(Object(Illuminate/Http/Request), Object(Closure))
#43 D:/Codingan/random/_client_projects/pos_tb_nur/webapp/vendor/laravel/framework/src/Illuminate/Pipeline/Pipeline.php(219): Illuminate/Foundation/Http/Middleware/TrimStrings->handle(Object(Illuminate/Http/Request), Object(Closure))
#44 D:/Codingan/random/_client_projects/pos_tb_nur/webapp/vendor/laravel/framework/src/Illuminate/Http/Middleware/ValidatePostSize.php(27): Illuminate/Pipeline/Pipeline->Illuminate/Pipeline/{closure}(Object(Illuminate/Http/Request))
#45 D:/Codingan/random/_client_projects/pos_tb_nur/webapp/vendor/laravel/framework/src/Illuminate/Pipeline/Pipeline.php(219): Illuminate/Http/Middleware/ValidatePostSize->handle(Object(Illuminate/Http/Request), Object(Closure))
#46 D:/Codingan/random/_client_projects/pos_tb_nur/webapp/vendor/laravel/framework/src/Illuminate/Foundation/Http/Middleware/PreventRequestsDuringMaintenance.php(109): Illuminate/Pipeline/Pipeline->Illuminate/Pipeline/{closure}(Object(Illuminate/Http/Request))
#47 D:/Codingan/random/_client_projects/pos_tb_nur/webapp/vendor/laravel/framework/src/Illuminate/Pipeline/Pipeline.php(219): Illuminate/Foundation/Http/Middleware/PreventRequestsDuringMaintenance->handle(Object(Illuminate/Http/Request), Object(Closure))
#48 D:/Codingan/random/_client_projects/pos_tb_nur/webapp/vendor/laravel/framework/src/Illuminate/Http/Middleware/HandleCors.php(61): Illuminate/Pipeline/Pipeline->Illuminate/Pipeline/{closure}(Object(Illuminate/Http/Request))
#49 D:/Codingan/random/_client_projects/pos_tb_nur/webapp/vendor/laravel/framework/src/Illuminate/Pipeline/Pipeline.php(219): Illuminate/Http/Middleware/HandleCors->handle(Object(Illuminate/Http/Request), Object(Closure))
#50 D:/Codingan/random/_client_projects/pos_tb_nur/webapp/vendor/laravel/framework/src/Illuminate/Http/Middleware/TrustProxies.php(58): Illuminate/Pipeline/Pipeline->Illuminate/Pipeline/{closure}(Object(Illuminate/Http/Request))
#51 D:/Codingan/random/_client_projects/pos_tb_nur/webapp/vendor/laravel/framework/src/Illuminate/Pipeline/Pipeline.php(219): Illuminate/Http/Middleware/TrustProxies->handle(Object(Illuminate/Http/Request), Object(Closure))
#52 D:/Codingan/random/_client_projects/pos_tb_nur/webapp/vendor/laravel/framework/src/Illuminate/Foundation/Http/Middleware/InvokeDeferredCallbacks.php(22): Illuminate/Pipeline/Pipeline->Illuminate/Pipeline/{closure}(Object(Illuminate/Http/Request))
#53 D:/Codingan/random/_client_projects/pos_tb_nur/webapp/vendor/laravel/framework/src/Illuminate/Pipeline/Pipeline.php(219): Illuminate/Foundation/Http/Middleware/InvokeDeferredCallbacks->handle(Object(Illuminate/Http/Request), Object(Closure))
#54 D:/Codingan/random/_client_projects/pos_tb_nur/webapp/vendor/laravel/framework/src/Illuminate/Http/Middleware/ValidatePathEncoding.php(26): Illuminate/Pipeline/Pipeline->Illuminate/Pipeline/{closure}(Object(Illuminate/Http/Request))
#55 D:/Codingan/random/_client_projects/pos_tb_nur/webapp/vendor/laravel/framework/src/Illuminate/Pipeline/Pipeline.php(219): Illuminate/Http/Middleware/ValidatePathEncoding->handle(Object(Illuminate/Http/Request), Object(Closure))
#56 D:/Codingan/random/_client_projects/pos_tb_nur/webapp/vendor/laravel/framework/src/Illuminate/Pipeline/Pipeline.php(137): Illuminate/Pipeline/Pipeline->Illuminate/Pipeline/{closure}(Object(Illuminate/Http/Request))
#57 D:/Codingan/random/_client_projects/pos_tb_nur/webapp/vendor/laravel/framework/src/Illuminate/Foundation/Http/Kernel.php(175): Illuminate/Pipeline/Pipeline->then(Object(Closure))
#58 D:/Codingan/random/_client_projects/pos_tb_nur/webapp/vendor/laravel/framework/src/Illuminate/Foundation/Http/Kernel.php(144): Illuminate/Foundation/Http/Kernel->sendRequestThroughRouter(Object(Illuminate/Http/Request))
#59 D:/Codingan/random/_client_projects/pos_tb_nur/webapp/vendor/laravel/framework/src/Illuminate/Foundation/Application.php(1220): Illuminate/Foundation/Http/Kernel->handle(Object(Illuminate/Http/Request))
#60 D:/Codingan/random/_client_projects/pos_tb_nur/webapp/public/index.php(20): Illuminate/Foundation/Application->handleRequest(Object(Illuminate/Http/Request))
#61 D:/Codingan/random/_client_projects/pos_tb_nur/webapp/vendor/laravel/framework/src/Illuminate/Foundation/resources/server.php(23): require_once('D://Codingan//ran...')
#62 {main}
"} 
[2026-08-12 15:15:42] local.ERROR: Undefined variable $jan1ThisYear {"exception":"[object] (ErrorException(code: 0): Undefined variable $jan1ThisYear at D:/Codingan/random/_client_projects/pos_tb_nur/webapp/app/Support/Presentation/DashboardBlueprintProvider.php:156)
[stacktrace]
#0 D:/Codingan/random/_client_projects/pos_tb_nur/webapp/vendor/laravel/framework/src/Illuminate/Foundation/Bootstrap/HandleExceptions.php(258): Illuminate/Foundation/Bootstrap/HandleExceptions->handleError(2, 'Undefined varia...', 'D://Codingan//ran...', 156)
#1 D:/Codingan/random/_client_projects/pos_tb_nur/webapp/app/Support/Presentation/DashboardBlueprintProvider.php(156): Illuminate/Foundation/Bootstrap/HandleExceptions->Illuminate/Foundation/Bootstrap/{closure}(2, 'Undefined varia...', 'D://Codingan//ran...', 156)
#2 D:/Codingan/random/_client_projects/pos_tb_nur/webapp/app/Support/Presentation/PosBlueprint.php(185): App/Support/Presentation/DashboardBlueprintProvider::get(NULL, NULL, true, '2026-08-05')
#3 D:/Codingan/random/_client_projects/pos_tb_nur/webapp/app/Support/Presentation/PosBlueprint.php(110): App/Support/Presentation/PosBlueprint::sampleDashboard(NULL, NULL, true, '2026-08-05')
#4 C:/Users/Zaki/.gemini/antigravity/brain/e9950d0a-ba1e-40f8-8965-e347efbc2a15/scratch/test_widgets_endpoint.php(10): App/Support/Presentation/PosBlueprint::forDashboard('retail', NULL, NULL, true, '2026-08-05')
#5 {main}
"} 
[2026-08-12 15:55:31] local.ERROR: Undefined variable $monthStartThisYear {"userId":1,"exception":"[object] (ErrorException(code: 0): Undefined variable $monthStartThisYear at D:/Codingan/random/_client_projects/pos_tb_nur/webapp/app/Support/Presentation/DashboardBlueprintProvider.php:255)
[stacktrace]
#0 D:/Codingan/random/_client_projects/pos_tb_nur/webapp/vendor/laravel/framework/src/Illuminate/Foundation/Bootstrap/HandleExceptions.php(258): Illuminate/Foundation/Bootstrap/HandleExceptions->handleError(2, 'Undefined varia...', 'D://Codingan//ran...', 255)
#1 D:/Codingan/random/_client_projects/pos_tb_nur/webapp/app/Support/Presentation/DashboardBlueprintProvider.php(255): Illuminate/Foundation/Bootstrap/HandleExceptions->Illuminate/Foundation/Bootstrap/{closure}(2, 'Undefined varia...', 'D://Codingan//ran...', 255)
#2 D:/Codingan/random/_client_projects/pos_tb_nur/webapp/app/Support/Presentation/PosBlueprint.php(185): App/Support/Presentation/DashboardBlueprintProvider::get(NULL, NULL, false, '2026-08-12')
#3 D:/Codingan/random/_client_projects/pos_tb_nur/webapp/app/Support/Presentation/PosBlueprint.php(110): App/Support/Presentation/PosBlueprint::sampleDashboard(NULL, NULL, false, '2026-08-12')
#4 D:/Codingan/random/_client_projects/pos_tb_nur/webapp/app/Http/Controllers/Web/DashboardController.php(22): App/Support/Presentation/PosBlueprint::forDashboard(NULL, NULL, NULL, false, '2026-08-12')
#5 D:/Codingan/random/_client_projects/pos_tb_nur/webapp/vendor/laravel/framework/src/Illuminate/Routing/ControllerDispatcher.php(46): App/Http/Controllers/Web/DashboardController->__invoke(Object(Illuminate/Http/Request), NULL)
#6 D:/Codingan/random/_client_projects/pos_tb_nur/webapp/vendor/laravel/framework/src/Illuminate/Routing/Route.php(265): Illuminate/Routing/ControllerDispatcher->dispatch(Object(Illuminate/Routing/Route), Object(App/Http/Controllers/Web/DashboardController), '__invoke')
#7 D:/Codingan/random/_client_projects/pos_tb_nur/webapp/vendor/laravel/framework/src/Illuminate/Routing/Route.php(211): Illuminate/Routing/Route->runController()
#8 D:/Codingan/random/_client_projects/pos_tb_nur/webapp/vendor/laravel/framework/src/Illuminate/Routing/Router.php(822): Illuminate/Routing/Route->run()
#9 D:/Codingan/random/_client_projects/pos_tb_nur/webapp/vendor/laravel/framework/src/Illuminate/Pipeline/Pipeline.php(180): Illuminate/Routing/Router->Illuminate/Routing/{closure}(Object(Illuminate/Http/Request))
#10 D:/Codingan/random/_client_projects/pos_tb_nur/webapp/app/Http/Middleware/SecureHeaders.php(16): Illuminate/Pipeline/Pipeline->Illuminate/Pipeline/{closure}(Object(Illuminate/Http/Request))
#11 D:/Codingan/random/_client_projects/pos_tb_nur/webapp/vendor/laravel/framework/src/Illuminate/Pipeline/Pipeline.php(219): App/Http/Middleware/SecureHeaders->handle(Object(Illuminate/Http/Request), Object(Closure))
#12 D:/Codingan/random/_client_projects/pos_tb_nur/webapp/vendor/inertiajs/inertia-laravel/src/Middleware.php(138): Illuminate/Pipeline/Pipeline->Illuminate/Pipeline/{closure}(Object(Illuminate/Http/Request))
#13 D:/Codingan/random/_client_projects/pos_tb_nur/webapp/vendor/laravel/framework/src/Illuminate/Pipeline/Pipeline.php(219): Inertia/Middleware->handle(Object(Illuminate/Http/Request), Object(Closure))
#14 D:/Codingan/random/_client_projects/pos_tb_nur/webapp/vendor/laravel/framework/src/Illuminate/Routing/Middleware/SubstituteBindings.php(50): Illuminate/Pipeline/Pipeline->Illuminate/Pipeline/{closure}(Object(Illuminate/Http/Request))
#15 D:/Codingan/random/_client_projects/pos_tb_nur/webapp/vendor/laravel/framework/src/Illuminate/Pipeline/Pipeline.php(219): Illuminate/Routing/Middleware/SubstituteBindings->handle(Object(Illuminate/Http/Request), Object(Closure))
#16 D:/Codingan/random/_client_projects/pos_tb_nur/webapp/vendor/laravel/framework/src/Illuminate/Auth/Middleware/Authenticate.php(63): Illuminate/Pipeline/Pipeline->Illuminate/Pipeline/{closure}(Object(Illuminate/Http/Request))
#17 D:/Codingan/random/_client_projects/pos_tb_nur/webapp/vendor/laravel/framework/src/Illuminate/Pipeline/Pipeline.php(219): Illuminate/Auth/Middleware/Authenticate->handle(Object(Illuminate/Http/Request), Object(Closure))
#18 D:/Codingan/random/_client_projects/pos_tb_nur/webapp/vendor/laravel/framework/src/Illuminate/Foundation/Http/Middleware/VerifyCsrfToken.php(87): Illuminate/Pipeline/Pipeline->Illuminate/Pipeline/{closure}(Object(Illuminate/Http/Request))
#19 D:/Codingan/random/_client_projects/pos_tb_nur/webapp/vendor/laravel/framework/src/Illuminate/Pipeline/Pipeline.php(219): Illuminate/Foundation/Http/Middleware/VerifyCsrfToken->handle(Object(Illuminate/Http/Request), Object(Closure))
#20 D:/Codingan/random/_client_projects/pos_tb_nur/webapp/vendor/laravel/framework/src/Illuminate/View/Middleware/ShareErrorsFromSession.php(48): Illuminate/Pipeline/Pipeline->Illuminate/Pipeline/{closure}(Object(Illuminate/Http/Request))
#21 D:/Codingan/random/_client_projects/pos_tb_nur/webapp/vendor/laravel/framework/src/Illuminate/Pipeline/Pipeline.php(219): Illuminate/View/Middleware/ShareErrorsFromSession->handle(Object(Illuminate/Http/Request), Object(Closure))
#22 D:/Codingan/random/_client_projects/pos_tb_nur/webapp/vendor/laravel/framework/src/Illuminate/Session/Middleware/StartSession.php(120): Illuminate/Pipeline/Pipeline->Illuminate/Pipeline/{closure}(Object(Illuminate/Http/Request))
#23 D:/Codingan/random/_client_projects/pos_tb_nur/webapp/vendor/laravel/framework/src/Illuminate/Session/Middleware/StartSession.php(63): Illuminate/Session/Middleware/StartSession->handleStatefulRequest(Object(Illuminate/Http/Request), Object(Illuminate/Session/Store), Object(Closure))
#24 D:/Codingan/random/_client_projects/pos_tb_nur/webapp/vendor/laravel/framework/src/Illuminate/Pipeline/Pipeline.php(219): Illuminate/Session/Middleware/StartSession->handle(Object(Illuminate/Http/Request), Object(Closure))
#25 D:/Codingan/random/_client_projects/pos_tb_nur/webapp/vendor/laravel/framework/src/Illuminate/Cookie/Middleware/AddQueuedCookiesToResponse.php(36): Illuminate/Pipeline/Pipeline->Illuminate/Pipeline/{closure}(Object(Illuminate/Http/Request))
#26 D:/Codingan/random/_client_projects/pos_tb_nur/webapp/vendor/laravel/framework/src/Illuminate/Pipeline/Pipeline.php(219): Illuminate/Cookie/Middleware/AddQueuedCookiesToResponse->handle(Object(Illuminate/Http/Request), Object(Closure))
#27 D:/Codingan/random/_client_projects/pos_tb_nur/webapp/vendor/laravel/framework/src/Illuminate/Cookie/Middleware/EncryptCookies.php(74): Illuminate/Pipeline/Pipeline->Illuminate/Pipeline/{closure}(Object(Illuminate/Http/Request))
#28 D:/Codingan/random/_client_projects/pos_tb_nur/webapp/vendor/laravel/framework/src/Illuminate/Pipeline/Pipeline.php(219): Illuminate/Cookie/Middleware/EncryptCookies->handle(Object(Illuminate/Http/Request), Object(Closure))
#29 D:/Codingan/random/_client_projects/pos_tb_nur/webapp/vendor/laravel/framework/src/Illuminate/Pipeline/Pipeline.php(137): Illuminate/Pipeline/Pipeline->Illuminate/Pipeline/{closure}(Object(Illuminate/Http/Request))
#30 D:/Codingan/random/_client_projects/pos_tb_nur/webapp/vendor/laravel/framework/src/Illuminate/Routing/Router.php(821): Illuminate/Pipeline/Pipeline->then(Object(Closure))
#31 D:/Codingan/random/_client_projects/pos_tb_nur/webapp/vendor/laravel/framework/src/Illuminate/Routing/Router.php(800): Illuminate/Routing/Router->runRouteWithinStack(Object(Illuminate/Routing/Route), Object(Illuminate/Http/Request))
#32 D:/Codingan/random/_client_projects/pos_tb_nur/webapp/vendor/laravel/framework/src/Illuminate/Routing/Router.php(764): Illuminate/Routing/Router->runRoute(Object(Illuminate/Http/Request), Object(Illuminate/Routing/Route))
#33 D:/Codingan/random/_client_projects/pos_tb_nur/webapp/vendor/laravel/framework/src/Illuminate/Routing/Router.php(753): Illuminate/Routing/Router->dispatchToRoute(Object(Illuminate/Http/Request))
#34 D:/Codingan/random/_client_projects/pos_tb_nur/webapp/vendor/laravel/framework/src/Illuminate/Foundation/Http/Kernel.php(200): Illuminate/Routing/Router->dispatch(Object(Illuminate/Http/Request))
#35 D:/Codingan/random/_client_projects/pos_tb_nur/webapp/vendor/laravel/framework/src/Illuminate/Pipeline/Pipeline.php(180): Illuminate/Foundation/Http/Kernel->Illuminate/Foundation/Http/{closure}(Object(Illuminate/Http/Request))
#36 D:/Codingan/random/_client_projects/pos_tb_nur/webapp/vendor/inertiajs/inertia-laravel/src/Middleware/EnsureGetOnRedirect.php(19): Illuminate/Pipeline/Pipeline->Illuminate/Pipeline/{closure}(Object(Illuminate/Http/Request))
#37 D:/Codingan/random/_client_projects/pos_tb_nur/webapp/vendor/laravel/framework/src/Illuminate/Pipeline/Pipeline.php(219): Inertia/Middleware/EnsureGetOnRedirect->handle(Object(Illuminate/Http/Request), Object(Closure))
#38 D:/Codingan/random/_client_projects/pos_tb_nur/webapp/vendor/laravel/framework/src/Illuminate/Foundation/Http/Middleware/TransformsRequest.php(21): Illuminate/Pipeline/Pipeline->Illuminate/Pipeline/{closure}(Object(Illuminate/Http/Request))
#39 D:/Codingan/random/_client_projects/pos_tb_nur/webapp/vendor/laravel/framework/src/Illuminate/Foundation/Http/Middleware/ConvertEmptyStringsToNull.php(31): Illuminate/Foundation/Http/Middleware/TransformsRequest->handle(Object(Illuminate/Http/Request), Object(Closure))
#40 D:/Codingan/random/_client_projects/pos_tb_nur/webapp/vendor/laravel/framework/src/Illuminate/Pipeline/Pipeline.php(219): Illuminate/Foundation/Http/Middleware/ConvertEmptyStringsToNull->handle(Object(Illuminate/Http/Request), Object(Closure))
#41 D:/Codingan/random/_client_projects/pos_tb_nur/webapp/vendor/laravel/framework/src/Illuminate/Foundation/Http/Middleware/TransformsRequest.php(21): Illuminate/Pipeline/Pipeline->Illuminate/Pipeline/{closure}(Object(Illuminate/Http/Request))
#42 D:/Codingan/random/_client_projects/pos_tb_nur/webapp/vendor/laravel/framework/src/Illuminate/Foundation/Http/Middleware/TrimStrings.php(51): Illuminate/Foundation/Http/Middleware/TransformsRequest->handle(Object(Illuminate/Http/Request), Object(Closure))
#43 D:/Codingan/random/_client_projects/pos_tb_nur/webapp/vendor/laravel/framework/src/Illuminate/Pipeline/Pipeline.php(219): Illuminate/Foundation/Http/Middleware/TrimStrings->handle(Object(Illuminate/Http/Request), Object(Closure))
#44 D:/Codingan/random/_client_projects/pos_tb_nur/webapp/vendor/laravel/framework/src/Illuminate/Http/Middleware/ValidatePostSize.php(27): Illuminate/Pipeline/Pipeline->Illuminate/Pipeline/{closure}(Object(Illuminate/Http/Request))
#45 D:/Codingan/random/_client_projects/pos_tb_nur/webapp/vendor/laravel/framework/src/Illuminate/Pipeline/Pipeline.php(219): Illuminate/Http/Middleware/ValidatePostSize->handle(Object(Illuminate/Http/Request), Object(Closure))
#46 D:/Codingan/random/_client_projects/pos_tb_nur/webapp/vendor/laravel/framework/src/Illuminate/Foundation/Http/Middleware/PreventRequestsDuringMaintenance.php(109): Illuminate/Pipeline/Pipeline->Illuminate/Pipeline/{closure}(Object(Illuminate/Http/Request))
#47 D:/Codingan/random/_client_projects/pos_tb_nur/webapp/vendor/laravel/framework/src/Illuminate/Pipeline/Pipeline.php(219): Illuminate/Foundation/Http/Middleware/PreventRequestsDuringMaintenance->handle(Object(Illuminate/Http/Request), Object(Closure))
#48 D:/Codingan/random/_client_projects/pos_tb_nur/webapp/vendor/laravel/framework/src/Illuminate/Http/Middleware/HandleCors.php(61): Illuminate/Pipeline/Pipeline->Illuminate/Pipeline/{closure}(Object(Illuminate/Http/Request))
#49 D:/Codingan/random/_client_projects/pos_tb_nur/webapp/vendor/laravel/framework/src/Illuminate/Pipeline/Pipeline.php(219): Illuminate/Http/Middleware/HandleCors->handle(Object(Illuminate/Http/Request), Object(Closure))
#50 D:/Codingan/random/_client_projects/pos_tb_nur/webapp/vendor/laravel/framework/src/Illuminate/Http/Middleware/TrustProxies.php(58): Illuminate/Pipeline/Pipeline->Illuminate/Pipeline/{closure}(Object(Illuminate/Http/Request))
#51 D:/Codingan/random/_client_projects/pos_tb_nur/webapp/vendor/laravel/framework/src/Illuminate/Pipeline/Pipeline.php(219): Illuminate/Http/Middleware/TrustProxies->handle(Object(Illuminate/Http/Request), Object(Closure))
#52 D:/Codingan/random/_client_projects/pos_tb_nur/webapp/vendor/laravel/framework/src/Illuminate/Foundation/Http/Middleware/InvokeDeferredCallbacks.php(22): Illuminate/Pipeline/Pipeline->Illuminate/Pipeline/{closure}(Object(Illuminate/Http/Request))
#53 D:/Codingan/random/_client_projects/pos_tb_nur/webapp/vendor/laravel/framework/src/Illuminate/Pipeline/Pipeline.php(219): Illuminate/Foundation/Http/Middleware/InvokeDeferredCallbacks->handle(Object(Illuminate/Http/Request), Object(Closure))
#54 D:/Codingan/random/_client_projects/pos_tb_nur/webapp/vendor/laravel/framework/src/Illuminate/Http/Middleware/ValidatePathEncoding.php(26): Illuminate/Pipeline/Pipeline->Illuminate/Pipeline/{closure}(Object(Illuminate/Http/Request))
#55 D:/Codingan/random/_client_projects/pos_tb_nur/webapp/vendor/laravel/framework/src/Illuminate/Pipeline/Pipeline.php(219): Illuminate/Http/Middleware/ValidatePathEncoding->handle(Object(Illuminate/Http/Request), Object(Closure))
#56 D:/Codingan/random/_client_projects/pos_tb_nur/webapp/vendor/laravel/framework/src/Illuminate/Pipeline/Pipeline.php(137): Illuminate/Pipeline/Pipeline->Illuminate/Pipeline/{closure}(Object(Illuminate/Http/Request))
#57 D:/Codingan/random/_client_projects/pos_tb_nur/webapp/vendor/laravel/framework/src/Illuminate/Foundation/Http/Kernel.php(175): Illuminate/Pipeline/Pipeline->then(Object(Closure))
#58 D:/Codingan/random/_client_projects/pos_tb_nur/webapp/vendor/laravel/framework/src/Illuminate/Foundation/Http/Kernel.php(144): Illuminate/Foundation/Http/Kernel->sendRequestThroughRouter(Object(Illuminate/Http/Request))
#59 D:/Codingan/random/_client_projects/pos_tb_nur/webapp/vendor/laravel/framework/src/Illuminate/Foundation/Application.php(1220): Illuminate/Foundation/Http/Kernel->handle(Object(Illuminate/Http/Request))
#60 D:/Codingan/random/_client_projects/pos_tb_nur/webapp/public/index.php(20): Illuminate/Foundation/Application->handleRequest(Object(Illuminate/Http/Request))
#61 D:/Codingan/random/_client_projects/pos_tb_nur/webapp/vendor/laravel/framework/src/Illuminate/Foundation/resources/server.php(23): require_once('D://Codingan//ran...')
#62 {main}
"} 
[2026-08-12 15:56:12] local.ERROR: Undefined variable $monthStartThisYear {"userId":1,"exception":"[object] (ErrorException(code: 0): Undefined variable $monthStartThisYear at D:/Codingan/random/_client_projects/pos_tb_nur/webapp/app/Support/Presentation/DashboardBlueprintProvider.php:255)
[stacktrace]
#0 D:/Codingan/random/_client_projects/pos_tb_nur/webapp/vendor/laravel/framework/src/Illuminate/Foundation/Bootstrap/HandleExceptions.php(258): Illuminate/Foundation/Bootstrap/HandleExceptions->handleError(2, 'Undefined varia...', 'D://Codingan//ran...', 255)
#1 D:/Codingan/random/_client_projects/pos_tb_nur/webapp/app/Support/Presentation/DashboardBlueprintProvider.php(255): Illuminate/Foundation/Bootstrap/HandleExceptions->Illuminate/Foundation/Bootstrap/{closure}(2, 'Undefined varia...', 'D://Codingan//ran...', 255)
#2 D:/Codingan/random/_client_projects/pos_tb_nur/webapp/app/Support/Presentation/PosBlueprint.php(185): App/Support/Presentation/DashboardBlueprintProvider::get(NULL, NULL, false, '2026-08-12')
#3 D:/Codingan/random/_client_projects/pos_tb_nur/webapp/app/Support/Presentation/PosBlueprint.php(110): App/Support/Presentation/PosBlueprint::sampleDashboard(NULL, NULL, false, '2026-08-12')
#4 D:/Codingan/random/_client_projects/pos_tb_nur/webapp/app/Http/Controllers/Web/DashboardController.php(22): App/Support/Presentation/PosBlueprint::forDashboard(NULL, NULL, NULL, false, '2026-08-12')
#5 D:/Codingan/random/_client_projects/pos_tb_nur/webapp/vendor/laravel/framework/src/Illuminate/Routing/ControllerDispatcher.php(46): App/Http/Controllers/Web/DashboardController->__invoke(Object(Illuminate/Http/Request), NULL)
#6 D:/Codingan/random/_client_projects/pos_tb_nur/webapp/vendor/laravel/framework/src/Illuminate/Routing/Route.php(265): Illuminate/Routing/ControllerDispatcher->dispatch(Object(Illuminate/Routing/Route), Object(App/Http/Controllers/Web/DashboardController), '__invoke')
#7 D:/Codingan/random/_client_projects/pos_tb_nur/webapp/vendor/laravel/framework/src/Illuminate/Routing/Route.php(211): Illuminate/Routing/Route->runController()
#8 D:/Codingan/random/_client_projects/pos_tb_nur/webapp/vendor/laravel/framework/src/Illuminate/Routing/Router.php(822): Illuminate/Routing/Route->run()
#9 D:/Codingan/random/_client_projects/pos_tb_nur/webapp/vendor/laravel/framework/src/Illuminate/Pipeline/Pipeline.php(180): Illuminate/Routing/Router->Illuminate/Routing/{closure}(Object(Illuminate/Http/Request))
#10 D:/Codingan/random/_client_projects/pos_tb_nur/webapp/app/Http/Middleware/SecureHeaders.php(16): Illuminate/Pipeline/Pipeline->Illuminate/Pipeline/{closure}(Object(Illuminate/Http/Request))
#11 D:/Codingan/random/_client_projects/pos_tb_nur/webapp/vendor/laravel/framework/src/Illuminate/Pipeline/Pipeline.php(219): App/Http/Middleware/SecureHeaders->handle(Object(Illuminate/Http/Request), Object(Closure))
#12 D:/Codingan/random/_client_projects/pos_tb_nur/webapp/vendor/inertiajs/inertia-laravel/src/Middleware.php(138): Illuminate/Pipeline/Pipeline->Illuminate/Pipeline/{closure}(Object(Illuminate/Http/Request))
#13 D:/Codingan/random/_client_projects/pos_tb_nur/webapp/vendor/laravel/framework/src/Illuminate/Pipeline/Pipeline.php(219): Inertia/Middleware->handle(Object(Illuminate/Http/Request), Object(Closure))
#14 D:/Codingan/random/_client_projects/pos_tb_nur/webapp/vendor/laravel/framework/src/Illuminate/Routing/Middleware/SubstituteBindings.php(50): Illuminate/Pipeline/Pipeline->Illuminate/Pipeline/{closure}(Object(Illuminate/Http/Request))
#15 D:/Codingan/random/_client_projects/pos_tb_nur/webapp/vendor/laravel/framework/src/Illuminate/Pipeline/Pipeline.php(219): Illuminate/Routing/Middleware/SubstituteBindings->handle(Object(Illuminate/Http/Request), Object(Closure))
#16 D:/Codingan/random/_client_projects/pos_tb_nur/webapp/vendor/laravel/framework/src/Illuminate/Auth/Middleware/Authenticate.php(63): Illuminate/Pipeline/Pipeline->Illuminate/Pipeline/{closure}(Object(Illuminate/Http/Request))
#17 D:/Codingan/random/_client_projects/pos_tb_nur/webapp/vendor/laravel/framework/src/Illuminate/Pipeline/Pipeline.php(219): Illuminate/Auth/Middleware/Authenticate->handle(Object(Illuminate/Http/Request), Object(Closure))
#18 D:/Codingan/random/_client_projects/pos_tb_nur/webapp/vendor/laravel/framework/src/Illuminate/Foundation/Http/Middleware/VerifyCsrfToken.php(87): Illuminate/Pipeline/Pipeline->Illuminate/Pipeline/{closure}(Object(Illuminate/Http/Request))
#19 D:/Codingan/random/_client_projects/pos_tb_nur/webapp/vendor/laravel/framework/src/Illuminate/Pipeline/Pipeline.php(219): Illuminate/Foundation/Http/Middleware/VerifyCsrfToken->handle(Object(Illuminate/Http/Request), Object(Closure))
#20 D:/Codingan/random/_client_projects/pos_tb_nur/webapp/vendor/laravel/framework/src/Illuminate/View/Middleware/ShareErrorsFromSession.php(48): Illuminate/Pipeline/Pipeline->Illuminate/Pipeline/{closure}(Object(Illuminate/Http/Request))
#21 D:/Codingan/random/_client_projects/pos_tb_nur/webapp/vendor/laravel/framework/src/Illuminate/Pipeline/Pipeline.php(219): Illuminate/View/Middleware/ShareErrorsFromSession->handle(Object(Illuminate/Http/Request), Object(Closure))
#22 D:/Codingan/random/_client_projects/pos_tb_nur/webapp/vendor/laravel/framework/src/Illuminate/Session/Middleware/StartSession.php(120): Illuminate/Pipeline/Pipeline->Illuminate/Pipeline/{closure}(Object(Illuminate/Http/Request))
#23 D:/Codingan/random/_client_projects/pos_tb_nur/webapp/vendor/laravel/framework/src/Illuminate/Session/Middleware/StartSession.php(63): Illuminate/Session/Middleware/StartSession->handleStatefulRequest(Object(Illuminate/Http/Request), Object(Illuminate/Session/Store), Object(Closure))
#24 D:/Codingan/random/_client_projects/pos_tb_nur/webapp/vendor/laravel/framework/src/Illuminate/Pipeline/Pipeline.php(219): Illuminate/Session/Middleware/StartSession->handle(Object(Illuminate/Http/Request), Object(Closure))
#25 D:/Codingan/random/_client_projects/pos_tb_nur/webapp/vendor/laravel/framework/src/Illuminate/Cookie/Middleware/AddQueuedCookiesToResponse.php(36): Illuminate/Pipeline/Pipeline->Illuminate/Pipeline/{closure}(Object(Illuminate/Http/Request))
#26 D:/Codingan/random/_client_projects/pos_tb_nur/webapp/vendor/laravel/framework/src/Illuminate/Pipeline/Pipeline.php(219): Illuminate/Cookie/Middleware/AddQueuedCookiesToResponse->handle(Object(Illuminate/Http/Request), Object(Closure))
#27 D:/Codingan/random/_client_projects/pos_tb_nur/webapp/vendor/laravel/framework/src/Illuminate/Cookie/Middleware/EncryptCookies.php(74): Illuminate/Pipeline/Pipeline->Illuminate/Pipeline/{closure}(Object(Illuminate/Http/Request))
#28 D:/Codingan/random/_client_projects/pos_tb_nur/webapp/vendor/laravel/framework/src/Illuminate/Pipeline/Pipeline.php(219): Illuminate/Cookie/Middleware/EncryptCookies->handle(Object(Illuminate/Http/Request), Object(Closure))
#29 D:/Codingan/random/_client_projects/pos_tb_nur/webapp/vendor/laravel/framework/src/Illuminate/Pipeline/Pipeline.php(137): Illuminate/Pipeline/Pipeline->Illuminate/Pipeline/{closure}(Object(Illuminate/Http/Request))
#30 D:/Codingan/random/_client_projects/pos_tb_nur/webapp/vendor/laravel/framework/src/Illuminate/Routing/Router.php(821): Illuminate/Pipeline/Pipeline->then(Object(Closure))
#31 D:/Codingan/random/_client_projects/pos_tb_nur/webapp/vendor/laravel/framework/src/Illuminate/Routing/Router.php(800): Illuminate/Routing/Router->runRouteWithinStack(Object(Illuminate/Routing/Route), Object(Illuminate/Http/Request))
#32 D:/Codingan/random/_client_projects/pos_tb_nur/webapp/vendor/laravel/framework/src/Illuminate/Routing/Router.php(764): Illuminate/Routing/Router->runRoute(Object(Illuminate/Http/Request), Object(Illuminate/Routing/Route))
#33 D:/Codingan/random/_client_projects/pos_tb_nur/webapp/vendor/laravel/framework/src/Illuminate/Routing/Router.php(753): Illuminate/Routing/Router->dispatchToRoute(Object(Illuminate/Http/Request))
#34 D:/Codingan/random/_client_projects/pos_tb_nur/webapp/vendor/laravel/framework/src/Illuminate/Foundation/Http/Kernel.php(200): Illuminate/Routing/Router->dispatch(Object(Illuminate/Http/Request))
#35 D:/Codingan/random/_client_projects/pos_tb_nur/webapp/vendor/laravel/framework/src/Illuminate/Pipeline/Pipeline.php(180): Illuminate/Foundation/Http/Kernel->Illuminate/Foundation/Http/{closure}(Object(Illuminate/Http/Request))
#36 D:/Codingan/random/_client_projects/pos_tb_nur/webapp/vendor/inertiajs/inertia-laravel/src/Middleware/EnsureGetOnRedirect.php(19): Illuminate/Pipeline/Pipeline->Illuminate/Pipeline/{closure}(Object(Illuminate/Http/Request))
#37 D:/Codingan/random/_client_projects/pos_tb_nur/webapp/vendor/laravel/framework/src/Illuminate/Pipeline/Pipeline.php(219): Inertia/Middleware/EnsureGetOnRedirect->handle(Object(Illuminate/Http/Request), Object(Closure))
#38 D:/Codingan/random/_client_projects/pos_tb_nur/webapp/vendor/laravel/framework/src/Illuminate/Foundation/Http/Middleware/TransformsRequest.php(21): Illuminate/Pipeline/Pipeline->Illuminate/Pipeline/{closure}(Object(Illuminate/Http/Request))
#39 D:/Codingan/random/_client_projects/pos_tb_nur/webapp/vendor/laravel/framework/src/Illuminate/Foundation/Http/Middleware/ConvertEmptyStringsToNull.php(31): Illuminate/Foundation/Http/Middleware/TransformsRequest->handle(Object(Illuminate/Http/Request), Object(Closure))
#40 D:/Codingan/random/_client_projects/pos_tb_nur/webapp/vendor/laravel/framework/src/Illuminate/Pipeline/Pipeline.php(219): Illuminate/Foundation/Http/Middleware/ConvertEmptyStringsToNull->handle(Object(Illuminate/Http/Request), Object(Closure))
#41 D:/Codingan/random/_client_projects/pos_tb_nur/webapp/vendor/laravel/framework/src/Illuminate/Foundation/Http/Middleware/TransformsRequest.php(21): Illuminate/Pipeline/Pipeline->Illuminate/Pipeline/{closure}(Object(Illuminate/Http/Request))
#42 D:/Codingan/random/_client_projects/pos_tb_nur/webapp/vendor/laravel/framework/src/Illuminate/Foundation/Http/Middleware/TrimStrings.php(51): Illuminate/Foundation/Http/Middleware/TransformsRequest->handle(Object(Illuminate/Http/Request), Object(Closure))
#43 D:/Codingan/random/_client_projects/pos_tb_nur/webapp/vendor/laravel/framework/src/Illuminate/Pipeline/Pipeline.php(219): Illuminate/Foundation/Http/Middleware/TrimStrings->handle(Object(Illuminate/Http/Request), Object(Closure))
#44 D:/Codingan/random/_client_projects/pos_tb_nur/webapp/vendor/laravel/framework/src/Illuminate/Http/Middleware/ValidatePostSize.php(27): Illuminate/Pipeline/Pipeline->Illuminate/Pipeline/{closure}(Object(Illuminate/Http/Request))
#45 D:/Codingan/random/_client_projects/pos_tb_nur/webapp/vendor/laravel/framework/src/Illuminate/Pipeline/Pipeline.php(219): Illuminate/Http/Middleware/ValidatePostSize->handle(Object(Illuminate/Http/Request), Object(Closure))
#46 D:/Codingan/random/_client_projects/pos_tb_nur/webapp/vendor/laravel/framework/src/Illuminate/Foundation/Http/Middleware/PreventRequestsDuringMaintenance.php(109): Illuminate/Pipeline/Pipeline->Illuminate/Pipeline/{closure}(Object(Illuminate/Http/Request))
#47 D:/Codingan/random/_client_projects/pos_tb_nur/webapp/vendor/laravel/framework/src/Illuminate/Pipeline/Pipeline.php(219): Illuminate/Foundation/Http/Middleware/PreventRequestsDuringMaintenance->handle(Object(Illuminate/Http/Request), Object(Closure))
#48 D:/Codingan/random/_client_projects/pos_tb_nur/webapp/vendor/laravel/framework/src/Illuminate/Http/Middleware/HandleCors.php(61): Illuminate/Pipeline/Pipeline->Illuminate/Pipeline/{closure}(Object(Illuminate/Http/Request))
#49 D:/Codingan/random/_client_projects/pos_tb_nur/webapp/vendor/laravel/framework/src/Illuminate/Pipeline/Pipeline.php(219): Illuminate/Http/Middleware/HandleCors->handle(Object(Illuminate/Http/Request), Object(Closure))
#50 D:/Codingan/random/_client_projects/pos_tb_nur/webapp/vendor/laravel/framework/src/Illuminate/Http/Middleware/TrustProxies.php(58): Illuminate/Pipeline/Pipeline->Illuminate/Pipeline/{closure}(Object(Illuminate/Http/Request))
#51 D:/Codingan/random/_client_projects/pos_tb_nur/webapp/vendor/laravel/framework/src/Illuminate/Pipeline/Pipeline.php(219): Illuminate/Http/Middleware/TrustProxies->handle(Object(Illuminate/Http/Request), Object(Closure))
#52 D:/Codingan/random/_client_projects/pos_tb_nur/webapp/vendor/laravel/framework/src/Illuminate/Foundation/Http/Middleware/InvokeDeferredCallbacks.php(22): Illuminate/Pipeline/Pipeline->Illuminate/Pipeline/{closure}(Object(Illuminate/Http/Request))
#53 D:/Codingan/random/_client_projects/pos_tb_nur/webapp/vendor/laravel/framework/src/Illuminate/Pipeline/Pipeline.php(219): Illuminate/Foundation/Http/Middleware/InvokeDeferredCallbacks->handle(Object(Illuminate/Http/Request), Object(Closure))
#54 D:/Codingan/random/_client_projects/pos_tb_nur/webapp/vendor/laravel/framework/src/Illuminate/Http/Middleware/ValidatePathEncoding.php(26): Illuminate/Pipeline/Pipeline->Illuminate/Pipeline/{closure}(Object(Illuminate/Http/Request))
#55 D:/Codingan/random/_client_projects/pos_tb_nur/webapp/vendor/laravel/framework/src/Illuminate/Pipeline/Pipeline.php(219): Illuminate/Http/Middleware/ValidatePathEncoding->handle(Object(Illuminate/Http/Request), Object(Closure))
#56 D:/Codingan/random/_client_projects/pos_tb_nur/webapp/vendor/laravel/framework/src/Illuminate/Pipeline/Pipeline.php(137): Illuminate/Pipeline/Pipeline->Illuminate/Pipeline/{closure}(Object(Illuminate/Http/Request))
#57 D:/Codingan/random/_client_projects/pos_tb_nur/webapp/vendor/laravel/framework/src/Illuminate/Foundation/Http/Kernel.php(175): Illuminate/Pipeline/Pipeline->then(Object(Closure))
#58 D:/Codingan/random/_client_projects/pos_tb_nur/webapp/vendor/laravel/framework/src/Illuminate/Foundation/Http/Kernel.php(144): Illuminate/Foundation/Http/Kernel->sendRequestThroughRouter(Object(Illuminate/Http/Request))
#59 D:/Codingan/random/_client_projects/pos_tb_nur/webapp/vendor/laravel/framework/src/Illuminate/Foundation/Application.php(1220): Illuminate/Foundation/Http/Kernel->handle(Object(Illuminate/Http/Request))
#60 D:/Codingan/random/_client_projects/pos_tb_nur/webapp/public/index.php(20): Illuminate/Foundation/Application->handleRequest(Object(Illuminate/Http/Request))
#61 D:/Codingan/random/_client_projects/pos_tb_nur/webapp/vendor/laravel/framework/src/Illuminate/Foundation/resources/server.php(23): require_once('D://Codingan//ran...')
#62 {main}
"} 
[2026-08-12 15:56:18] local.ERROR: Undefined variable $monthStartThisYear {"userId":1,"exception":"[object] (ErrorException(code: 0): Undefined variable $monthStartThisYear at D:/Codingan/random/_client_projects/pos_tb_nur/webapp/app/Support/Presentation/DashboardBlueprintProvider.php:255)
[stacktrace]
#0 D:/Codingan/random/_client_projects/pos_tb_nur/webapp/vendor/laravel/framework/src/Illuminate/Foundation/Bootstrap/HandleExceptions.php(258): Illuminate/Foundation/Bootstrap/HandleExceptions->handleError(2, 'Undefined varia...', 'D://Codingan//ran...', 255)
#1 D:/Codingan/random/_client_projects/pos_tb_nur/webapp/app/Support/Presentation/DashboardBlueprintProvider.php(255): Illuminate/Foundation/Bootstrap/HandleExceptions->Illuminate/Foundation/Bootstrap/{closure}(2, 'Undefined varia...', 'D://Codingan//ran...', 255)
#2 D:/Codingan/random/_client_projects/pos_tb_nur/webapp/app/Support/Presentation/PosBlueprint.php(185): App/Support/Presentation/DashboardBlueprintProvider::get(NULL, NULL, false, '2026-08-12')
#3 D:/Codingan/random/_client_projects/pos_tb_nur/webapp/app/Support/Presentation/PosBlueprint.php(110): App/Support/Presentation/PosBlueprint::sampleDashboard(NULL, NULL, false, '2026-08-12')
#4 D:/Codingan/random/_client_projects/pos_tb_nur/webapp/app/Http/Controllers/Web/DashboardController.php(22): App/Support/Presentation/PosBlueprint::forDashboard(NULL, NULL, NULL, false, '2026-08-12')
#5 D:/Codingan/random/_client_projects/pos_tb_nur/webapp/vendor/laravel/framework/src/Illuminate/Routing/ControllerDispatcher.php(46): App/Http/Controllers/Web/DashboardController->__invoke(Object(Illuminate/Http/Request), NULL)
#6 D:/Codingan/random/_client_projects/pos_tb_nur/webapp/vendor/laravel/framework/src/Illuminate/Routing/Route.php(265): Illuminate/Routing/ControllerDispatcher->dispatch(Object(Illuminate/Routing/Route), Object(App/Http/Controllers/Web/DashboardController), '__invoke')
#7 D:/Codingan/random/_client_projects/pos_tb_nur/webapp/vendor/laravel/framework/src/Illuminate/Routing/Route.php(211): Illuminate/Routing/Route->runController()
#8 D:/Codingan/random/_client_projects/pos_tb_nur/webapp/vendor/laravel/framework/src/Illuminate/Routing/Router.php(822): Illuminate/Routing/Route->run()
#9 D:/Codingan/random/_client_projects/pos_tb_nur/webapp/vendor/laravel/framework/src/Illuminate/Pipeline/Pipeline.php(180): Illuminate/Routing/Router->Illuminate/Routing/{closure}(Object(Illuminate/Http/Request))
#10 D:/Codingan/random/_client_projects/pos_tb_nur/webapp/app/Http/Middleware/SecureHeaders.php(16): Illuminate/Pipeline/Pipeline->Illuminate/Pipeline/{closure}(Object(Illuminate/Http/Request))
#11 D:/Codingan/random/_client_projects/pos_tb_nur/webapp/vendor/laravel/framework/src/Illuminate/Pipeline/Pipeline.php(219): App/Http/Middleware/SecureHeaders->handle(Object(Illuminate/Http/Request), Object(Closure))
#12 D:/Codingan/random/_client_projects/pos_tb_nur/webapp/vendor/inertiajs/inertia-laravel/src/Middleware.php(138): Illuminate/Pipeline/Pipeline->Illuminate/Pipeline/{closure}(Object(Illuminate/Http/Request))
#13 D:/Codingan/random/_client_projects/pos_tb_nur/webapp/vendor/laravel/framework/src/Illuminate/Pipeline/Pipeline.php(219): Inertia/Middleware->handle(Object(Illuminate/Http/Request), Object(Closure))
#14 D:/Codingan/random/_client_projects/pos_tb_nur/webapp/vendor/laravel/framework/src/Illuminate/Routing/Middleware/SubstituteBindings.php(50): Illuminate/Pipeline/Pipeline->Illuminate/Pipeline/{closure}(Object(Illuminate/Http/Request))
#15 D:/Codingan/random/_client_projects/pos_tb_nur/webapp/vendor/laravel/framework/src/Illuminate/Pipeline/Pipeline.php(219): Illuminate/Routing/Middleware/SubstituteBindings->handle(Object(Illuminate/Http/Request), Object(Closure))
#16 D:/Codingan/random/_client_projects/pos_tb_nur/webapp/vendor/laravel/framework/src/Illuminate/Auth/Middleware/Authenticate.php(63): Illuminate/Pipeline/Pipeline->Illuminate/Pipeline/{closure}(Object(Illuminate/Http/Request))
#17 D:/Codingan/random/_client_projects/pos_tb_nur/webapp/vendor/laravel/framework/src/Illuminate/Pipeline/Pipeline.php(219): Illuminate/Auth/Middleware/Authenticate->handle(Object(Illuminate/Http/Request), Object(Closure))
#18 D:/Codingan/random/_client_projects/pos_tb_nur/webapp/vendor/laravel/framework/src/Illuminate/Foundation/Http/Middleware/VerifyCsrfToken.php(87): Illuminate/Pipeline/Pipeline->Illuminate/Pipeline/{closure}(Object(Illuminate/Http/Request))
#19 D:/Codingan/random/_client_projects/pos_tb_nur/webapp/vendor/laravel/framework/src/Illuminate/Pipeline/Pipeline.php(219): Illuminate/Foundation/Http/Middleware/VerifyCsrfToken->handle(Object(Illuminate/Http/Request), Object(Closure))
#20 D:/Codingan/random/_client_projects/pos_tb_nur/webapp/vendor/laravel/framework/src/Illuminate/View/Middleware/ShareErrorsFromSession.php(48): Illuminate/Pipeline/Pipeline->Illuminate/Pipeline/{closure}(Object(Illuminate/Http/Request))
#21 D:/Codingan/random/_client_projects/pos_tb_nur/webapp/vendor/laravel/framework/src/Illuminate/Pipeline/Pipeline.php(219): Illuminate/View/Middleware/ShareErrorsFromSession->handle(Object(Illuminate/Http/Request), Object(Closure))
#22 D:/Codingan/random/_client_projects/pos_tb_nur/webapp/vendor/laravel/framework/src/Illuminate/Session/Middleware/StartSession.php(120): Illuminate/Pipeline/Pipeline->Illuminate/Pipeline/{closure}(Object(Illuminate/Http/Request))
#23 D:/Codingan/random/_client_projects/pos_tb_nur/webapp/vendor/laravel/framework/src/Illuminate/Session/Middleware/StartSession.php(63): Illuminate/Session/Middleware/StartSession->handleStatefulRequest(Object(Illuminate/Http/Request), Object(Illuminate/Session/Store), Object(Closure))
#24 D:/Codingan/random/_client_projects/pos_tb_nur/webapp/vendor/laravel/framework/src/Illuminate/Pipeline/Pipeline.php(219): Illuminate/Session/Middleware/StartSession->handle(Object(Illuminate/Http/Request), Object(Closure))
#25 D:/Codingan/random/_client_projects/pos_tb_nur/webapp/vendor/laravel/framework/src/Illuminate/Cookie/Middleware/AddQueuedCookiesToResponse.php(36): Illuminate/Pipeline/Pipeline->Illuminate/Pipeline/{closure}(Object(Illuminate/Http/Request))
#26 D:/Codingan/random/_client_projects/pos_tb_nur/webapp/vendor/laravel/framework/src/Illuminate/Pipeline/Pipeline.php(219): Illuminate/Cookie/Middleware/AddQueuedCookiesToResponse->handle(Object(Illuminate/Http/Request), Object(Closure))
#27 D:/Codingan/random/_client_projects/pos_tb_nur/webapp/vendor/laravel/framework/src/Illuminate/Cookie/Middleware/EncryptCookies.php(74): Illuminate/Pipeline/Pipeline->Illuminate/Pipeline/{closure}(Object(Illuminate/Http/Request))
#28 D:/Codingan/random/_client_projects/pos_tb_nur/webapp/vendor/laravel/framework/src/Illuminate/Pipeline/Pipeline.php(219): Illuminate/Cookie/Middleware/EncryptCookies->handle(Object(Illuminate/Http/Request), Object(Closure))
#29 D:/Codingan/random/_client_projects/pos_tb_nur/webapp/vendor/laravel/framework/src/Illuminate/Pipeline/Pipeline.php(137): Illuminate/Pipeline/Pipeline->Illuminate/Pipeline/{closure}(Object(Illuminate/Http/Request))
#30 D:/Codingan/random/_client_projects/pos_tb_nur/webapp/vendor/laravel/framework/src/Illuminate/Routing/Router.php(821): Illuminate/Pipeline/Pipeline->then(Object(Closure))
#31 D:/Codingan/random/_client_projects/pos_tb_nur/webapp/vendor/laravel/framework/src/Illuminate/Routing/Router.php(800): Illuminate/Routing/Router->runRouteWithinStack(Object(Illuminate/Routing/Route), Object(Illuminate/Http/Request))
#32 D:/Codingan/random/_client_projects/pos_tb_nur/webapp/vendor/laravel/framework/src/Illuminate/Routing/Router.php(764): Illuminate/Routing/Router->runRoute(Object(Illuminate/Http/Request), Object(Illuminate/Routing/Route))
#33 D:/Codingan/random/_client_projects/pos_tb_nur/webapp/vendor/laravel/framework/src/Illuminate/Routing/Router.php(753): Illuminate/Routing/Router->dispatchToRoute(Object(Illuminate/Http/Request))
#34 D:/Codingan/random/_client_projects/pos_tb_nur/webapp/vendor/laravel/framework/src/Illuminate/Foundation/Http/Kernel.php(200): Illuminate/Routing/Router->dispatch(Object(Illuminate/Http/Request))
#35 D:/Codingan/random/_client_projects/pos_tb_nur/webapp/vendor/laravel/framework/src/Illuminate/Pipeline/Pipeline.php(180): Illuminate/Foundation/Http/Kernel->Illuminate/Foundation/Http/{closure}(Object(Illuminate/Http/Request))
#36 D:/Codingan/random/_client_projects/pos_tb_nur/webapp/vendor/inertiajs/inertia-laravel/src/Middleware/EnsureGetOnRedirect.php(19): Illuminate/Pipeline/Pipeline->Illuminate/Pipeline/{closure}(Object(Illuminate/Http/Request))
#37 D:/Codingan/random/_client_projects/pos_tb_nur/webapp/vendor/laravel/framework/src/Illuminate/Pipeline/Pipeline.php(219): Inertia/Middleware/EnsureGetOnRedirect->handle(Object(Illuminate/Http/Request), Object(Closure))
#38 D:/Codingan/random/_client_projects/pos_tb_nur/webapp/vendor/laravel/framework/src/Illuminate/Foundation/Http/Middleware/TransformsRequest.php(21): Illuminate/Pipeline/Pipeline->Illuminate/Pipeline/{closure}(Object(Illuminate/Http/Request))
#39 D:/Codingan/random/_client_projects/pos_tb_nur/webapp/vendor/laravel/framework/src/Illuminate/Foundation/Http/Middleware/ConvertEmptyStringsToNull.php(31): Illuminate/Foundation/Http/Middleware/TransformsRequest->handle(Object(Illuminate/Http/Request), Object(Closure))
#40 D:/Codingan/random/_client_projects/pos_tb_nur/webapp/vendor/laravel/framework/src/Illuminate/Pipeline/Pipeline.php(219): Illuminate/Foundation/Http/Middleware/ConvertEmptyStringsToNull->handle(Object(Illuminate/Http/Request), Object(Closure))
#41 D:/Codingan/random/_client_projects/pos_tb_nur/webapp/vendor/laravel/framework/src/Illuminate/Foundation/Http/Middleware/TransformsRequest.php(21): Illuminate/Pipeline/Pipeline->Illuminate/Pipeline/{closure}(Object(Illuminate/Http/Request))
#42 D:/Codingan/random/_client_projects/pos_tb_nur/webapp/vendor/laravel/framework/src/Illuminate/Foundation/Http/Middleware/TrimStrings.php(51): Illuminate/Foundation/Http/Middleware/TransformsRequest->handle(Object(Illuminate/Http/Request), Object(Closure))
#43 D:/Codingan/random/_client_projects/pos_tb_nur/webapp/vendor/laravel/framework/src/Illuminate/Pipeline/Pipeline.php(219): Illuminate/Foundation/Http/Middleware/TrimStrings->handle(Object(Illuminate/Http/Request), Object(Closure))
#44 D:/Codingan/random/_client_projects/pos_tb_nur/webapp/vendor/laravel/framework/src/Illuminate/Http/Middleware/ValidatePostSize.php(27): Illuminate/Pipeline/Pipeline->Illuminate/Pipeline/{closure}(Object(Illuminate/Http/Request))
#45 D:/Codingan/random/_client_projects/pos_tb_nur/webapp/vendor/laravel/framework/src/Illuminate/Pipeline/Pipeline.php(219): Illuminate/Http/Middleware/ValidatePostSize->handle(Object(Illuminate/Http/Request), Object(Closure))
#46 D:/Codingan/random/_client_projects/pos_tb_nur/webapp/vendor/laravel/framework/src/Illuminate/Foundation/Http/Middleware/PreventRequestsDuringMaintenance.php(109): Illuminate/Pipeline/Pipeline->Illuminate/Pipeline/{closure}(Object(Illuminate/Http/Request))
#47 D:/Codingan/random/_client_projects/pos_tb_nur/webapp/vendor/laravel/framework/src/Illuminate/Pipeline/Pipeline.php(219): Illuminate/Foundation/Http/Middleware/PreventRequestsDuringMaintenance->handle(Object(Illuminate/Http/Request), Object(Closure))
#48 D:/Codingan/random/_client_projects/pos_tb_nur/webapp/vendor/laravel/framework/src/Illuminate/Http/Middleware/HandleCors.php(61): Illuminate/Pipeline/Pipeline->Illuminate/Pipeline/{closure}(Object(Illuminate/Http/Request))
#49 D:/Codingan/random/_client_projects/pos_tb_nur/webapp/vendor/laravel/framework/src/Illuminate/Pipeline/Pipeline.php(219): Illuminate/Http/Middleware/HandleCors->handle(Object(Illuminate/Http/Request), Object(Closure))
#50 D:/Codingan/random/_client_projects/pos_tb_nur/webapp/vendor/laravel/framework/src/Illuminate/Http/Middleware/TrustProxies.php(58): Illuminate/Pipeline/Pipeline->Illuminate/Pipeline/{closure}(Object(Illuminate/Http/Request))
#51 D:/Codingan/random/_client_projects/pos_tb_nur/webapp/vendor/laravel/framework/src/Illuminate/Pipeline/Pipeline.php(219): Illuminate/Http/Middleware/TrustProxies->handle(Object(Illuminate/Http/Request), Object(Closure))
#52 D:/Codingan/random/_client_projects/pos_tb_nur/webapp/vendor/laravel/framework/src/Illuminate/Foundation/Http/Middleware/InvokeDeferredCallbacks.php(22): Illuminate/Pipeline/Pipeline->Illuminate/Pipeline/{closure}(Object(Illuminate/Http/Request))
#53 D:/Codingan/random/_client_projects/pos_tb_nur/webapp/vendor/laravel/framework/src/Illuminate/Pipeline/Pipeline.php(219): Illuminate/Foundation/Http/Middleware/InvokeDeferredCallbacks->handle(Object(Illuminate/Http/Request), Object(Closure))
#54 D:/Codingan/random/_client_projects/pos_tb_nur/webapp/vendor/laravel/framework/src/Illuminate/Http/Middleware/ValidatePathEncoding.php(26): Illuminate/Pipeline/Pipeline->Illuminate/Pipeline/{closure}(Object(Illuminate/Http/Request))
#55 D:/Codingan/random/_client_projects/pos_tb_nur/webapp/vendor/laravel/framework/src/Illuminate/Pipeline/Pipeline.php(219): Illuminate/Http/Middleware/ValidatePathEncoding->handle(Object(Illuminate/Http/Request), Object(Closure))
#56 D:/Codingan/random/_client_projects/pos_tb_nur/webapp/vendor/laravel/framework/src/Illuminate/Pipeline/Pipeline.php(137): Illuminate/Pipeline/Pipeline->Illuminate/Pipeline/{closure}(Object(Illuminate/Http/Request))
#57 D:/Codingan/random/_client_projects/pos_tb_nur/webapp/vendor/laravel/framework/src/Illuminate/Foundation/Http/Kernel.php(175): Illuminate/Pipeline/Pipeline->then(Object(Closure))
#58 D:/Codingan/random/_client_projects/pos_tb_nur/webapp/vendor/laravel/framework/src/Illuminate/Foundation/Http/Kernel.php(144): Illuminate/Foundation/Http/Kernel->sendRequestThroughRouter(Object(Illuminate/Http/Request))
#59 D:/Codingan/random/_client_projects/pos_tb_nur/webapp/vendor/laravel/framework/src/Illuminate/Foundation/Application.php(1220): Illuminate/Foundation/Http/Kernel->handle(Object(Illuminate/Http/Request))
#60 D:/Codingan/random/_client_projects/pos_tb_nur/webapp/public/index.php(20): Illuminate/Foundation/Application->handleRequest(Object(Illuminate/Http/Request))
#61 D:/Codingan/random/_client_projects/pos_tb_nur/webapp/vendor/laravel/framework/src/Illuminate/Foundation/resources/server.php(23): require_once('D://Codingan//ran...')
#62 {main}
"} 
[2026-08-12 15:56:45] local.ERROR: Undefined variable $monthStartThisYear {"exception":"[object] (ErrorException(code: 0): Undefined variable $monthStartThisYear at D:/Codingan/random/_client_projects/pos_tb_nur/webapp/app/Support/Presentation/DashboardBlueprintProvider.php:255)
[stacktrace]
#0 D:/Codingan/random/_client_projects/pos_tb_nur/webapp/vendor/laravel/framework/src/Illuminate/Foundation/Bootstrap/HandleExceptions.php(258): Illuminate/Foundation/Bootstrap/HandleExceptions->handleError(2, 'Undefined varia...', 'D://Codingan//ran...', 255)
#1 D:/Codingan/random/_client_projects/pos_tb_nur/webapp/app/Support/Presentation/DashboardBlueprintProvider.php(255): Illuminate/Foundation/Bootstrap/HandleExceptions->Illuminate/Foundation/Bootstrap/{closure}(2, 'Undefined varia...', 'D://Codingan//ran...', 255)
#2 D:/Codingan/random/_client_projects/pos_tb_nur/webapp/app/Support/Presentation/PosBlueprint.php(185): App/Support/Presentation/DashboardBlueprintProvider::get(NULL, NULL, true, '2026-08-05')
#3 D:/Codingan/random/_client_projects/pos_tb_nur/webapp/app/Support/Presentation/PosBlueprint.php(110): App/Support/Presentation/PosBlueprint::sampleDashboard(NULL, NULL, true, '2026-08-05')
#4 C:/Users/Zaki/.gemini/antigravity/brain/e9950d0a-ba1e-40f8-8965-e347efbc2a15/scratch/test_widgets_endpoint.php(10): App/Support/Presentation/PosBlueprint::forDashboard('retail', NULL, NULL, true, '2026-08-05')
#5 {main}
"} 
[2026-08-12 18:57:42] local.ERROR: Call to private method App\Support\Presentation\PosBlueprint::sampleDashboard() from global scope {"exception":"[object] (Error(code: 0): Call to private method App\\Support\\Presentation\\PosBlueprint::sampleDashboard() from global scope at C:/Users/Zaki/.gemini/antigravity/brain/e9950d0a-ba1e-40f8-8965-e347efbc2a15/scratch/test_widgets_endpoint.php:12)
[stacktrace]
#0 C:/Users/Zaki/.gemini/antigravity/brain/e9950d0a-ba1e-40f8-8965-e347efbc2a15/scratch/test_widgets_endpoint.php(30): testDate('2026-08-12')
#1 {main}
"} 
[2026-08-12 18:57:48] local.ERROR: App\Support\Presentation\DashboardBlueprintProvider::get(): Argument #1 ($abc) must be of type ?array, string given, called in C:\Users\Zaki\.gemini\antigravity\brain\e9950d0a-ba1e-40f8-8965-e347efbc2a15\scratch\test_widgets_endpoint.php on line 12 {"exception":"[object] (TypeError(code: 0): App\\Support\\Presentation\\DashboardBlueprintProvider::get(): Argument #1 ($abc) must be of type ?array, string given, called in C:\\Users\\Zaki\\.gemini\\antigravity\\brain\\e9950d0a-ba1e-40f8-8965-e347efbc2a15\\scratch\\test_widgets_endpoint.php on line 12 at D:/Codingan/random/_client_projects/pos_tb_nur/webapp/app/Support/Presentation/DashboardBlueprintProvider.php:14)
[stacktrace]
#0 C:/Users/Zaki/.gemini/antigravity/brain/e9950d0a-ba1e-40f8-8965-e347efbc2a15/scratch/test_widgets_endpoint.php(12): App/Support/Presentation/DashboardBlueprintProvider::get('2026-08-12')
#1 C:/Users/Zaki/.gemini/antigravity/brain/e9950d0a-ba1e-40f8-8965-e347efbc2a15/scratch/test_widgets_endpoint.php(31): testDate('2026-08-12')
#2 {main}
"} 
[2026-08-12 18:57:55] local.ERROR: Undefined array key "sampleDashboard" {"exception":"[object] (ErrorException(code: 0): Undefined array key \"sampleDashboard\" at C:/Users/Zaki/.gemini/antigravity/brain/e9950d0a-ba1e-40f8-8965-e347efbc2a15/scratch/test_widgets_endpoint.php:13)
[stacktrace]
#0 D:/Codingan/random/_client_projects/pos_tb_nur/webapp/vendor/laravel/framework/src/Illuminate/Foundation/Bootstrap/HandleExceptions.php(258): Illuminate/Foundation/Bootstrap/HandleExceptions->handleError(2, 'Undefined array...', 'C://Users//Zaki//....', 13)
#1 C:/Users/Zaki/.gemini/antigravity/brain/e9950d0a-ba1e-40f8-8965-e347efbc2a15/scratch/test_widgets_endpoint.php(13): Illuminate/Foundation/Bootstrap/HandleExceptions->Illuminate/Foundation/Bootstrap/{closure}(2, 'Undefined array...', 'C://Users//Zaki//....', 13)
#2 C:/Users/Zaki/.gemini/antigravity/brain/e9950d0a-ba1e-40f8-8965-e347efbc2a15/scratch/test_widgets_endpoint.php(31): testDate('2026-08-12')
#3 {main}
"} 
[2026-08-12 20:23:24] local.ERROR: Class "App\Domain\User\Models\User" not found {"exception":"[object] (Error(code: 0): Class \"App\\Domain\\User\\Models\\User\" not found at C:/Users/Zaki/.gemini/antigravity/brain/e9950d0a-ba1e-40f8-8965-e347efbc2a15/scratch/test_widgets_endpoint.php:12)
[stacktrace]
#0 {main}
"} 
[2026-08-12 20:23:33] local.ERROR: Call to undefined method App\Support\Presentation\DashboardBlueprintProvider::getSingleWidget() {"exception":"[object] (Error(code: 0): Call to undefined method App\\Support\\Presentation\\DashboardBlueprintProvider::getSingleWidget() at C:/Users/Zaki/.gemini/antigravity/brain/e9950d0a-ba1e-40f8-8965-e347efbc2a15/scratch/test_widgets_endpoint.php:12)
[stacktrace]
#0 {main}
"} 
[2026-08-12 20:39:08] local.ERROR: Undefined variable $profitMargin {"userId":1,"exception":"[object] (ErrorException(code: 0): Undefined variable $profitMargin at D:/Codingan/random/_client_projects/pos_tb_nur/webapp/app/Support/Presentation/DashboardBlueprintProvider.php:157)
[stacktrace]
#0 D:/Codingan/random/_client_projects/pos_tb_nur/webapp/vendor/laravel/framework/src/Illuminate/Foundation/Bootstrap/HandleExceptions.php(258): Illuminate/Foundation/Bootstrap/HandleExceptions->handleError(2, 'Undefined varia...', 'D://Codingan//ran...', 157)
#1 D:/Codingan/random/_client_projects/pos_tb_nur/webapp/app/Support/Presentation/DashboardBlueprintProvider.php(157): Illuminate/Foundation/Bootstrap/HandleExceptions->Illuminate/Foundation/Bootstrap/{closure}(2, 'Undefined varia...', 'D://Codingan//ran...', 157)
#2 D:/Codingan/random/_client_projects/pos_tb_nur/webapp/app/Support/Presentation/PosBlueprint.php(185): App/Support/Presentation/DashboardBlueprintProvider::get(NULL, NULL, false, '2026-08-12')
#3 D:/Codingan/random/_client_projects/pos_tb_nur/webapp/app/Support/Presentation/PosBlueprint.php(110): App/Support/Presentation/PosBlueprint::sampleDashboard(NULL, NULL, false, '2026-08-12')
#4 D:/Codingan/random/_client_projects/pos_tb_nur/webapp/app/Http/Controllers/Web/DashboardController.php(22): App/Support/Presentation/PosBlueprint::forDashboard(NULL, NULL, NULL, false, '2026-08-12')
#5 D:/Codingan/random/_client_projects/pos_tb_nur/webapp/vendor/laravel/framework/src/Illuminate/Routing/ControllerDispatcher.php(46): App/Http/Controllers/Web/DashboardController->__invoke(Object(Illuminate/Http/Request), NULL)
#6 D:/Codingan/random/_client_projects/pos_tb_nur/webapp/vendor/laravel/framework/src/Illuminate/Routing/Route.php(265): Illuminate/Routing/ControllerDispatcher->dispatch(Object(Illuminate/Routing/Route), Object(App/Http/Controllers/Web/DashboardController), '__invoke')
#7 D:/Codingan/random/_client_projects/pos_tb_nur/webapp/vendor/laravel/framework/src/Illuminate/Routing/Route.php(211): Illuminate/Routing/Route->runController()
#8 D:/Codingan/random/_client_projects/pos_tb_nur/webapp/vendor/laravel/framework/src/Illuminate/Routing/Router.php(822): Illuminate/Routing/Route->run()
#9 D:/Codingan/random/_client_projects/pos_tb_nur/webapp/vendor/laravel/framework/src/Illuminate/Pipeline/Pipeline.php(180): Illuminate/Routing/Router->Illuminate/Routing/{closure}(Object(Illuminate/Http/Request))
#10 D:/Codingan/random/_client_projects/pos_tb_nur/webapp/app/Http/Middleware/SecureHeaders.php(16): Illuminate/Pipeline/Pipeline->Illuminate/Pipeline/{closure}(Object(Illuminate/Http/Request))
#11 D:/Codingan/random/_client_projects/pos_tb_nur/webapp/vendor/laravel/framework/src/Illuminate/Pipeline/Pipeline.php(219): App/Http/Middleware/SecureHeaders->handle(Object(Illuminate/Http/Request), Object(Closure))
#12 D:/Codingan/random/_client_projects/pos_tb_nur/webapp/vendor/inertiajs/inertia-laravel/src/Middleware.php(138): Illuminate/Pipeline/Pipeline->Illuminate/Pipeline/{closure}(Object(Illuminate/Http/Request))
#13 D:/Codingan/random/_client_projects/pos_tb_nur/webapp/vendor/laravel/framework/src/Illuminate/Pipeline/Pipeline.php(219): Inertia/Middleware->handle(Object(Illuminate/Http/Request), Object(Closure))
#14 D:/Codingan/random/_client_projects/pos_tb_nur/webapp/vendor/laravel/framework/src/Illuminate/Routing/Middleware/SubstituteBindings.php(50): Illuminate/Pipeline/Pipeline->Illuminate/Pipeline/{closure}(Object(Illuminate/Http/Request))
#15 D:/Codingan/random/_client_projects/pos_tb_nur/webapp/vendor/laravel/framework/src/Illuminate/Pipeline/Pipeline.php(219): Illuminate/Routing/Middleware/SubstituteBindings->handle(Object(Illuminate/Http/Request), Object(Closure))
#16 D:/Codingan/random/_client_projects/pos_tb_nur/webapp/vendor/laravel/framework/src/Illuminate/Auth/Middleware/Authenticate.php(63): Illuminate/Pipeline/Pipeline->Illuminate/Pipeline/{closure}(Object(Illuminate/Http/Request))
#17 D:/Codingan/random/_client_projects/pos_tb_nur/webapp/vendor/laravel/framework/src/Illuminate/Pipeline/Pipeline.php(219): Illuminate/Auth/Middleware/Authenticate->handle(Object(Illuminate/Http/Request), Object(Closure))
#18 D:/Codingan/random/_client_projects/pos_tb_nur/webapp/vendor/laravel/framework/src/Illuminate/Foundation/Http/Middleware/VerifyCsrfToken.php(87): Illuminate/Pipeline/Pipeline->Illuminate/Pipeline/{closure}(Object(Illuminate/Http/Request))
#19 D:/Codingan/random/_client_projects/pos_tb_nur/webapp/vendor/laravel/framework/src/Illuminate/Pipeline/Pipeline.php(219): Illuminate/Foundation/Http/Middleware/VerifyCsrfToken->handle(Object(Illuminate/Http/Request), Object(Closure))
#20 D:/Codingan/random/_client_projects/pos_tb_nur/webapp/vendor/laravel/framework/src/Illuminate/View/Middleware/ShareErrorsFromSession.php(48): Illuminate/Pipeline/Pipeline->Illuminate/Pipeline/{closure}(Object(Illuminate/Http/Request))
#21 D:/Codingan/random/_client_projects/pos_tb_nur/webapp/vendor/laravel/framework/src/Illuminate/Pipeline/Pipeline.php(219): Illuminate/View/Middleware/ShareErrorsFromSession->handle(Object(Illuminate/Http/Request), Object(Closure))
#22 D:/Codingan/random/_client_projects/pos_tb_nur/webapp/vendor/laravel/framework/src/Illuminate/Session/Middleware/StartSession.php(120): Illuminate/Pipeline/Pipeline->Illuminate/Pipeline/{closure}(Object(Illuminate/Http/Request))
#23 D:/Codingan/random/_client_projects/pos_tb_nur/webapp/vendor/laravel/framework/src/Illuminate/Session/Middleware/StartSession.php(63): Illuminate/Session/Middleware/StartSession->handleStatefulRequest(Object(Illuminate/Http/Request), Object(Illuminate/Session/Store), Object(Closure))
#24 D:/Codingan/random/_client_projects/pos_tb_nur/webapp/vendor/laravel/framework/src/Illuminate/Pipeline/Pipeline.php(219): Illuminate/Session/Middleware/StartSession->handle(Object(Illuminate/Http/Request), Object(Closure))
#25 D:/Codingan/random/_client_projects/pos_tb_nur/webapp/vendor/laravel/framework/src/Illuminate/Cookie/Middleware/AddQueuedCookiesToResponse.php(36): Illuminate/Pipeline/Pipeline->Illuminate/Pipeline/{closure}(Object(Illuminate/Http/Request))
#26 D:/Codingan/random/_client_projects/pos_tb_nur/webapp/vendor/laravel/framework/src/Illuminate/Pipeline/Pipeline.php(219): Illuminate/Cookie/Middleware/AddQueuedCookiesToResponse->handle(Object(Illuminate/Http/Request), Object(Closure))
#27 D:/Codingan/random/_client_projects/pos_tb_nur/webapp/vendor/laravel/framework/src/Illuminate/Cookie/Middleware/EncryptCookies.php(74): Illuminate/Pipeline/Pipeline->Illuminate/Pipeline/{closure}(Object(Illuminate/Http/Request))
#28 D:/Codingan/random/_client_projects/pos_tb_nur/webapp/vendor/laravel/framework/src/Illuminate/Pipeline/Pipeline.php(219): Illuminate/Cookie/Middleware/EncryptCookies->handle(Object(Illuminate/Http/Request), Object(Closure))
#29 D:/Codingan/random/_client_projects/pos_tb_nur/webapp/vendor/laravel/framework/src/Illuminate/Pipeline/Pipeline.php(137): Illuminate/Pipeline/Pipeline->Illuminate/Pipeline/{closure}(Object(Illuminate/Http/Request))
#30 D:/Codingan/random/_client_projects/pos_tb_nur/webapp/vendor/laravel/framework/src/Illuminate/Routing/Router.php(821): Illuminate/Pipeline/Pipeline->then(Object(Closure))
#31 D:/Codingan/random/_client_projects/pos_tb_nur/webapp/vendor/laravel/framework/src/Illuminate/Routing/Router.php(800): Illuminate/Routing/Router->runRouteWithinStack(Object(Illuminate/Routing/Route), Object(Illuminate/Http/Request))
#32 D:/Codingan/random/_client_projects/pos_tb_nur/webapp/vendor/laravel/framework/src/Illuminate/Routing/Router.php(764): Illuminate/Routing/Router->runRoute(Object(Illuminate/Http/Request), Object(Illuminate/Routing/Route))
#33 D:/Codingan/random/_client_projects/pos_tb_nur/webapp/vendor/laravel/framework/src/Illuminate/Routing/Router.php(753): Illuminate/Routing/Router->dispatchToRoute(Object(Illuminate/Http/Request))
#34 D:/Codingan/random/_client_projects/pos_tb_nur/webapp/vendor/laravel/framework/src/Illuminate/Foundation/Http/Kernel.php(200): Illuminate/Routing/Router->dispatch(Object(Illuminate/Http/Request))
#35 D:/Codingan/random/_client_projects/pos_tb_nur/webapp/vendor/laravel/framework/src/Illuminate/Pipeline/Pipeline.php(180): Illuminate/Foundation/Http/Kernel->Illuminate/Foundation/Http/{closure}(Object(Illuminate/Http/Request))
#36 D:/Codingan/random/_client_projects/pos_tb_nur/webapp/vendor/inertiajs/inertia-laravel/src/Middleware/EnsureGetOnRedirect.php(19): Illuminate/Pipeline/Pipeline->Illuminate/Pipeline/{closure}(Object(Illuminate/Http/Request))
#37 D:/Codingan/random/_client_projects/pos_tb_nur/webapp/vendor/laravel/framework/src/Illuminate/Pipeline/Pipeline.php(219): Inertia/Middleware/EnsureGetOnRedirect->handle(Object(Illuminate/Http/Request), Object(Closure))
#38 D:/Codingan/random/_client_projects/pos_tb_nur/webapp/vendor/laravel/framework/src/Illuminate/Foundation/Http/Middleware/TransformsRequest.php(21): Illuminate/Pipeline/Pipeline->Illuminate/Pipeline/{closure}(Object(Illuminate/Http/Request))
#39 D:/Codingan/random/_client_projects/pos_tb_nur/webapp/vendor/laravel/framework/src/Illuminate/Foundation/Http/Middleware/ConvertEmptyStringsToNull.php(31): Illuminate/Foundation/Http/Middleware/TransformsRequest->handle(Object(Illuminate/Http/Request), Object(Closure))
#40 D:/Codingan/random/_client_projects/pos_tb_nur/webapp/vendor/laravel/framework/src/Illuminate/Pipeline/Pipeline.php(219): Illuminate/Foundation/Http/Middleware/ConvertEmptyStringsToNull->handle(Object(Illuminate/Http/Request), Object(Closure))
#41 D:/Codingan/random/_client_projects/pos_tb_nur/webapp/vendor/laravel/framework/src/Illuminate/Foundation/Http/Middleware/TransformsRequest.php(21): Illuminate/Pipeline/Pipeline->Illuminate/Pipeline/{closure}(Object(Illuminate/Http/Request))
#42 D:/Codingan/random/_client_projects/pos_tb_nur/webapp/vendor/laravel/framework/src/Illuminate/Foundation/Http/Middleware/TrimStrings.php(51): Illuminate/Foundation/Http/Middleware/TransformsRequest->handle(Object(Illuminate/Http/Request), Object(Closure))
#43 D:/Codingan/random/_client_projects/pos_tb_nur/webapp/vendor/laravel/framework/src/Illuminate/Pipeline/Pipeline.php(219): Illuminate/Foundation/Http/Middleware/TrimStrings->handle(Object(Illuminate/Http/Request), Object(Closure))
#44 D:/Codingan/random/_client_projects/pos_tb_nur/webapp/vendor/laravel/framework/src/Illuminate/Http/Middleware/ValidatePostSize.php(27): Illuminate/Pipeline/Pipeline->Illuminate/Pipeline/{closure}(Object(Illuminate/Http/Request))
#45 D:/Codingan/random/_client_projects/pos_tb_nur/webapp/vendor/laravel/framework/src/Illuminate/Pipeline/Pipeline.php(219): Illuminate/Http/Middleware/ValidatePostSize->handle(Object(Illuminate/Http/Request), Object(Closure))
#46 D:/Codingan/random/_client_projects/pos_tb_nur/webapp/vendor/laravel/framework/src/Illuminate/Foundation/Http/Middleware/PreventRequestsDuringMaintenance.php(109): Illuminate/Pipeline/Pipeline->Illuminate/Pipeline/{closure}(Object(Illuminate/Http/Request))
#47 D:/Codingan/random/_client_projects/pos_tb_nur/webapp/vendor/laravel/framework/src/Illuminate/Pipeline/Pipeline.php(219): Illuminate/Foundation/Http/Middleware/PreventRequestsDuringMaintenance->handle(Object(Illuminate/Http/Request), Object(Closure))
#48 D:/Codingan/random/_client_projects/pos_tb_nur/webapp/vendor/laravel/framework/src/Illuminate/Http/Middleware/HandleCors.php(61): Illuminate/Pipeline/Pipeline->Illuminate/Pipeline/{closure}(Object(Illuminate/Http/Request))
#49 D:/Codingan/random/_client_projects/pos_tb_nur/webapp/vendor/laravel/framework/src/Illuminate/Pipeline/Pipeline.php(219): Illuminate/Http/Middleware/HandleCors->handle(Object(Illuminate/Http/Request), Object(Closure))
#50 D:/Codingan/random/_client_projects/pos_tb_nur/webapp/vendor/laravel/framework/src/Illuminate/Http/Middleware/TrustProxies.php(58): Illuminate/Pipeline/Pipeline->Illuminate/Pipeline/{closure}(Object(Illuminate/Http/Request))
#51 D:/Codingan/random/_client_projects/pos_tb_nur/webapp/vendor/laravel/framework/src/Illuminate/Pipeline/Pipeline.php(219): Illuminate/Http/Middleware/TrustProxies->handle(Object(Illuminate/Http/Request), Object(Closure))
#52 D:/Codingan/random/_client_projects/pos_tb_nur/webapp/vendor/laravel/framework/src/Illuminate/Foundation/Http/Middleware/InvokeDeferredCallbacks.php(22): Illuminate/Pipeline/Pipeline->Illuminate/Pipeline/{closure}(Object(Illuminate/Http/Request))
#53 D:/Codingan/random/_client_projects/pos_tb_nur/webapp/vendor/laravel/framework/src/Illuminate/Pipeline/Pipeline.php(219): Illuminate/Foundation/Http/Middleware/InvokeDeferredCallbacks->handle(Object(Illuminate/Http/Request), Object(Closure))
#54 D:/Codingan/random/_client_projects/pos_tb_nur/webapp/vendor/laravel/framework/src/Illuminate/Http/Middleware/ValidatePathEncoding.php(26): Illuminate/Pipeline/Pipeline->Illuminate/Pipeline/{closure}(Object(Illuminate/Http/Request))
#55 D:/Codingan/random/_client_projects/pos_tb_nur/webapp/vendor/laravel/framework/src/Illuminate/Pipeline/Pipeline.php(219): Illuminate/Http/Middleware/ValidatePathEncoding->handle(Object(Illuminate/Http/Request), Object(Closure))
#56 D:/Codingan/random/_client_projects/pos_tb_nur/webapp/vendor/laravel/framework/src/Illuminate/Pipeline/Pipeline.php(137): Illuminate/Pipeline/Pipeline->Illuminate/Pipeline/{closure}(Object(Illuminate/Http/Request))
#57 D:/Codingan/random/_client_projects/pos_tb_nur/webapp/vendor/laravel/framework/src/Illuminate/Foundation/Http/Kernel.php(175): Illuminate/Pipeline/Pipeline->then(Object(Closure))
#58 D:/Codingan/random/_client_projects/pos_tb_nur/webapp/vendor/laravel/framework/src/Illuminate/Foundation/Http/Kernel.php(144): Illuminate/Foundation/Http/Kernel->sendRequestThroughRouter(Object(Illuminate/Http/Request))
#59 D:/Codingan/random/_client_projects/pos_tb_nur/webapp/vendor/laravel/framework/src/Illuminate/Foundation/Application.php(1220): Illuminate/Foundation/Http/Kernel->handle(Object(Illuminate/Http/Request))
#60 D:/Codingan/random/_client_projects/pos_tb_nur/webapp/public/index.php(20): Illuminate/Foundation/Application->handleRequest(Object(Illuminate/Http/Request))
#61 D:/Codingan/random/_client_projects/pos_tb_nur/webapp/vendor/laravel/framework/src/Illuminate/Foundation/resources/server.php(23): require_once('D://Codingan//ran...')
#62 {main}
"} 
[2026-08-12 20:42:45] local.ERROR: Method Illuminate\Http\Request::getFirstArgument does not exist. {"exception":"[object] (BadMethodCallException(code: 0): Method Illuminate\\Http\\Request::getFirstArgument does not exist. at D:/Codingan/random/_client_projects/pos_tb_nur/webapp/vendor/laravel/framework/src/Illuminate/Macroable/Traits/Macroable.php:115)
[stacktrace]
#0 D:/Codingan/random/_client_projects/pos_tb_nur/webapp/vendor/laravel/framework/src/Illuminate/Foundation/Console/Kernel.php(192): Illuminate/Http/Request->__call('getFirstArgumen...', Array)
#1 C:/Users/Zaki/.gemini/antigravity/brain/e9950d0a-ba1e-40f8-8965-e347efbc2a15/scratch/test_widgets_endpoint.php(25): Illuminate/Foundation/Console/Kernel->handle(Object(Illuminate/Http/Request))
#2 C:/Users/Zaki/.gemini/antigravity/brain/e9950d0a-ba1e-40f8-8965-e347efbc2a15/scratch/test_widgets_endpoint.php(36): testEndpoint('/dashboard')
#3 {main}
"} 
[2026-08-12 20:42:45] local.ERROR: Method Illuminate\Http\Request::getFirstArgument does not exist. {"exception":"[object] (BadMethodCallException(code: 0): Method Illuminate\\Http\\Request::getFirstArgument does not exist. at D:/Codingan/random/_client_projects/pos_tb_nur/webapp/vendor/laravel/framework/src/Illuminate/Macroable/Traits/Macroable.php:115)
[stacktrace]
#0 D:/Codingan/random/_client_projects/pos_tb_nur/webapp/vendor/laravel/framework/src/Illuminate/Foundation/Console/Kernel.php(192): Illuminate/Http/Request->__call('getFirstArgumen...', Array)
#1 C:/Users/Zaki/.gemini/antigravity/brain/e9950d0a-ba1e-40f8-8965-e347efbc2a15/scratch/test_widgets_endpoint.php(25): Illuminate/Foundation/Console/Kernel->handle(Object(Illuminate/Http/Request))
#2 C:/Users/Zaki/.gemini/antigravity/brain/e9950d0a-ba1e-40f8-8965-e347efbc2a15/scratch/test_widgets_endpoint.php(37): testEndpoint('/dashboard', Array)
#3 {main}
"} 
[2026-08-12 20:42:45] local.ERROR: Method Illuminate\Http\Request::getFirstArgument does not exist. {"exception":"[object] (BadMethodCallException(code: 0): Method Illuminate\\Http\\Request::getFirstArgument does not exist. at D:/Codingan/random/_client_projects/pos_tb_nur/webapp/vendor/laravel/framework/src/Illuminate/Macroable/Traits/Macroable.php:115)
[stacktrace]
#0 D:/Codingan/random/_client_projects/pos_tb_nur/webapp/vendor/laravel/framework/src/Illuminate/Foundation/Console/Kernel.php(192): Illuminate/Http/Request->__call('getFirstArgumen...', Array)
#1 C:/Users/Zaki/.gemini/antigravity/brain/e9950d0a-ba1e-40f8-8965-e347efbc2a15/scratch/test_widgets_endpoint.php(25): Illuminate/Foundation/Console/Kernel->handle(Object(Illuminate/Http/Request))
#2 C:/Users/Zaki/.gemini/antigravity/brain/e9950d0a-ba1e-40f8-8965-e347efbc2a15/scratch/test_widgets_endpoint.php(38): testEndpoint('/api/workspace/...', Array)
#3 {main}
"} 
[2026-08-12 20:42:45] local.ERROR: Method Illuminate\Http\Request::getFirstArgument does not exist. {"exception":"[object] (BadMethodCallException(code: 0): Method Illuminate\\Http\\Request::getFirstArgument does not exist. at D:/Codingan/random/_client_projects/pos_tb_nur/webapp/vendor/laravel/framework/src/Illuminate/Macroable/Traits/Macroable.php:115)
[stacktrace]
#0 D:/Codingan/random/_client_projects/pos_tb_nur/webapp/vendor/laravel/framework/src/Illuminate/Foundation/Console/Kernel.php(192): Illuminate/Http/Request->__call('getFirstArgumen...', Array)
#1 C:/Users/Zaki/.gemini/antigravity/brain/e9950d0a-ba1e-40f8-8965-e347efbc2a15/scratch/test_widgets_endpoint.php(25): Illuminate/Foundation/Console/Kernel->handle(Object(Illuminate/Http/Request))
#2 C:/Users/Zaki/.gemini/antigravity/brain/e9950d0a-ba1e-40f8-8965-e347efbc2a15/scratch/test_widgets_endpoint.php(39): testEndpoint('/api/workspace/...', Array)
#3 {main}
"} 
[2026-08-12 20:42:45] local.ERROR: Method Illuminate\Http\Request::getFirstArgument does not exist. {"exception":"[object] (BadMethodCallException(code: 0): Method Illuminate\\Http\\Request::getFirstArgument does not exist. at D:/Codingan/random/_client_projects/pos_tb_nur/webapp/vendor/laravel/framework/src/Illuminate/Macroable/Traits/Macroable.php:115)
[stacktrace]
#0 D:/Codingan/random/_client_projects/pos_tb_nur/webapp/vendor/laravel/framework/src/Illuminate/Foundation/Console/Kernel.php(192): Illuminate/Http/Request->__call('getFirstArgumen...', Array)
#1 C:/Users/Zaki/.gemini/antigravity/brain/e9950d0a-ba1e-40f8-8965-e347efbc2a15/scratch/test_widgets_endpoint.php(25): Illuminate/Foundation/Console/Kernel->handle(Object(Illuminate/Http/Request))
#2 C:/Users/Zaki/.gemini/antigravity/brain/e9950d0a-ba1e-40f8-8965-e347efbc2a15/scratch/test_widgets_endpoint.php(40): testEndpoint('/api/workspace/...', Array)
#3 {main}
"} 
[2026-08-12 20:42:45] local.ERROR: Method Illuminate\Http\Request::getFirstArgument does not exist. {"exception":"[object] (BadMethodCallException(code: 0): Method Illuminate\\Http\\Request::getFirstArgument does not exist. at D:/Codingan/random/_client_projects/pos_tb_nur/webapp/vendor/laravel/framework/src/Illuminate/Macroable/Traits/Macroable.php:115)
[stacktrace]
#0 D:/Codingan/random/_client_projects/pos_tb_nur/webapp/vendor/laravel/framework/src/Illuminate/Foundation/Console/Kernel.php(192): Illuminate/Http/Request->__call('getFirstArgumen...', Array)
#1 C:/Users/Zaki/.gemini/antigravity/brain/e9950d0a-ba1e-40f8-8965-e347efbc2a15/scratch/test_widgets_endpoint.php(25): Illuminate/Foundation/Console/Kernel->handle(Object(Illuminate/Http/Request))
#2 C:/Users/Zaki/.gemini/antigravity/brain/e9950d0a-ba1e-40f8-8965-e347efbc2a15/scratch/test_widgets_endpoint.php(41): testEndpoint('/api/workspace/...', Array)
#3 {main}
"} 
[2026-08-12 20:43:11] local.ERROR: Illuminate\Auth\SessionGuard::setRequest(): Argument #1 ($request) must be of type Symfony\Component\HttpFoundation\Request, null given, called in D:\Codingan\random\_client_projects\pos_tb_nur\webapp\vendor\laravel\framework\src\Illuminate\Auth\AuthManager.php on line 140 {"exception":"[object] (TypeError(code: 0): Illuminate\\Auth\\SessionGuard::setRequest(): Argument #1 ($request) must be of type Symfony\\Component\\HttpFoundation\\Request, null given, called in D:\\Codingan\\random\\_client_projects\\pos_tb_nur\\webapp\\vendor\\laravel\\framework\\src\\Illuminate\\Auth\\AuthManager.php on line 140 at D:/Codingan/random/_client_projects/pos_tb_nur/webapp/vendor/laravel/framework/src/Illuminate/Auth/SessionGuard.php:1023)
[stacktrace]
#0 D:/Codingan/random/_client_projects/pos_tb_nur/webapp/vendor/laravel/framework/src/Illuminate/Auth/AuthManager.php(140): Illuminate/Auth/SessionGuard->setRequest(NULL)
#1 D:/Codingan/random/_client_projects/pos_tb_nur/webapp/vendor/laravel/framework/src/Illuminate/Auth/AuthManager.php(95): Illuminate/Auth/AuthManager->createSessionDriver('web', Array)
#2 D:/Codingan/random/_client_projects/pos_tb_nur/webapp/vendor/laravel/framework/src/Illuminate/Auth/AuthManager.php(69): Illuminate/Auth/AuthManager->resolve('web')
#3 D:/Codingan/random/_client_projects/pos_tb_nur/webapp/vendor/laravel/framework/src/Illuminate/Auth/AuthManager.php(334): Illuminate/Auth/AuthManager->guard()
#4 D:/Codingan/random/_client_projects/pos_tb_nur/webapp/vendor/laravel/framework/src/Illuminate/Support/Facades/Facade.php(363): Illuminate/Auth/AuthManager->__call('login', Array)
#5 C:/Users/Zaki/.gemini/antigravity/brain/e9950d0a-ba1e-40f8-8965-e347efbc2a15/scratch/test_widgets_endpoint.php(20): Illuminate/Support/Facades/Facade::__callStatic('login', Array)
#6 C:/Users/Zaki/.gemini/antigravity/brain/e9950d0a-ba1e-40f8-8965-e347efbc2a15/scratch/test_widgets_endpoint.php(39): testReq('/dashboard')
#7 {main}
"} 
[2026-08-12 20:43:19] local.ERROR: Undefined variable $profitMargin {"userId":1,"exception":"[object] (ErrorException(code: 0): Undefined variable $profitMargin at D:/Codingan/random/_client_projects/pos_tb_nur/webapp/app/Support/Presentation/DashboardBlueprintProvider.php:157)
[stacktrace]
#0 D:/Codingan/random/_client_projects/pos_tb_nur/webapp/vendor/laravel/framework/src/Illuminate/Foundation/Bootstrap/HandleExceptions.php(258): Illuminate/Foundation/Bootstrap/HandleExceptions->handleError(2, 'Undefined varia...', 'D://Codingan//ran...', 157)
#1 D:/Codingan/random/_client_projects/pos_tb_nur/webapp/app/Support/Presentation/DashboardBlueprintProvider.php(157): Illuminate/Foundation/Bootstrap/HandleExceptions->Illuminate/Foundation/Bootstrap/{closure}(2, 'Undefined varia...', 'D://Codingan//ran...', 157)
#2 D:/Codingan/random/_client_projects/pos_tb_nur/webapp/app/Support/Presentation/PosBlueprint.php(185): App/Support/Presentation/DashboardBlueprintProvider::get(NULL, NULL, false, '2026-08-12')
#3 D:/Codingan/random/_client_projects/pos_tb_nur/webapp/app/Support/Presentation/PosBlueprint.php(110): App/Support/Presentation/PosBlueprint::sampleDashboard(NULL, NULL, false, '2026-08-12')
#4 D:/Codingan/random/_client_projects/pos_tb_nur/webapp/app/Http/Controllers/Web/DashboardController.php(22): App/Support/Presentation/PosBlueprint::forDashboard(NULL, NULL, NULL, false, '2026-08-12')
#5 D:/Codingan/random/_client_projects/pos_tb_nur/webapp/vendor/laravel/framework/src/Illuminate/Routing/ControllerDispatcher.php(46): App/Http/Controllers/Web/DashboardController->__invoke(Object(Illuminate/Http/Request), NULL)
#6 D:/Codingan/random/_client_projects/pos_tb_nur/webapp/vendor/laravel/framework/src/Illuminate/Routing/Route.php(265): Illuminate/Routing/ControllerDispatcher->dispatch(Object(Illuminate/Routing/Route), Object(App/Http/Controllers/Web/DashboardController), '__invoke')
#7 D:/Codingan/random/_client_projects/pos_tb_nur/webapp/vendor/laravel/framework/src/Illuminate/Routing/Route.php(211): Illuminate/Routing/Route->runController()
#8 D:/Codingan/random/_client_projects/pos_tb_nur/webapp/vendor/laravel/framework/src/Illuminate/Routing/Router.php(822): Illuminate/Routing/Route->run()
#9 D:/Codingan/random/_client_projects/pos_tb_nur/webapp/vendor/laravel/framework/src/Illuminate/Pipeline/Pipeline.php(180): Illuminate/Routing/Router->Illuminate/Routing/{closure}(Object(Illuminate/Http/Request))
#10 D:/Codingan/random/_client_projects/pos_tb_nur/webapp/app/Http/Middleware/SecureHeaders.php(16): Illuminate/Pipeline/Pipeline->Illuminate/Pipeline/{closure}(Object(Illuminate/Http/Request))
#11 D:/Codingan/random/_client_projects/pos_tb_nur/webapp/vendor/laravel/framework/src/Illuminate/Pipeline/Pipeline.php(219): App/Http/Middleware/SecureHeaders->handle(Object(Illuminate/Http/Request), Object(Closure))
#12 D:/Codingan/random/_client_projects/pos_tb_nur/webapp/vendor/inertiajs/inertia-laravel/src/Middleware.php(138): Illuminate/Pipeline/Pipeline->Illuminate/Pipeline/{closure}(Object(Illuminate/Http/Request))
#13 D:/Codingan/random/_client_projects/pos_tb_nur/webapp/vendor/laravel/framework/src/Illuminate/Pipeline/Pipeline.php(219): Inertia/Middleware->handle(Object(Illuminate/Http/Request), Object(Closure))
#14 D:/Codingan/random/_client_projects/pos_tb_nur/webapp/vendor/laravel/framework/src/Illuminate/Routing/Middleware/SubstituteBindings.php(50): Illuminate/Pipeline/Pipeline->Illuminate/Pipeline/{closure}(Object(Illuminate/Http/Request))
#15 D:/Codingan/random/_client_projects/pos_tb_nur/webapp/vendor/laravel/framework/src/Illuminate/Pipeline/Pipeline.php(219): Illuminate/Routing/Middleware/SubstituteBindings->handle(Object(Illuminate/Http/Request), Object(Closure))
#16 D:/Codingan/random/_client_projects/pos_tb_nur/webapp/vendor/laravel/framework/src/Illuminate/Auth/Middleware/Authenticate.php(63): Illuminate/Pipeline/Pipeline->Illuminate/Pipeline/{closure}(Object(Illuminate/Http/Request))
#17 D:/Codingan/random/_client_projects/pos_tb_nur/webapp/vendor/laravel/framework/src/Illuminate/Pipeline/Pipeline.php(219): Illuminate/Auth/Middleware/Authenticate->handle(Object(Illuminate/Http/Request), Object(Closure))
#18 D:/Codingan/random/_client_projects/pos_tb_nur/webapp/vendor/laravel/framework/src/Illuminate/Foundation/Http/Middleware/VerifyCsrfToken.php(87): Illuminate/Pipeline/Pipeline->Illuminate/Pipeline/{closure}(Object(Illuminate/Http/Request))
#19 D:/Codingan/random/_client_projects/pos_tb_nur/webapp/vendor/laravel/framework/src/Illuminate/Pipeline/Pipeline.php(219): Illuminate/Foundation/Http/Middleware/VerifyCsrfToken->handle(Object(Illuminate/Http/Request), Object(Closure))
#20 D:/Codingan/random/_client_projects/pos_tb_nur/webapp/vendor/laravel/framework/src/Illuminate/View/Middleware/ShareErrorsFromSession.php(48): Illuminate/Pipeline/Pipeline->Illuminate/Pipeline/{closure}(Object(Illuminate/Http/Request))
#21 D:/Codingan/random/_client_projects/pos_tb_nur/webapp/vendor/laravel/framework/src/Illuminate/Pipeline/Pipeline.php(219): Illuminate/View/Middleware/ShareErrorsFromSession->handle(Object(Illuminate/Http/Request), Object(Closure))
#22 D:/Codingan/random/_client_projects/pos_tb_nur/webapp/vendor/laravel/framework/src/Illuminate/Session/Middleware/StartSession.php(120): Illuminate/Pipeline/Pipeline->Illuminate/Pipeline/{closure}(Object(Illuminate/Http/Request))
#23 D:/Codingan/random/_client_projects/pos_tb_nur/webapp/vendor/laravel/framework/src/Illuminate/Session/Middleware/StartSession.php(63): Illuminate/Session/Middleware/StartSession->handleStatefulRequest(Object(Illuminate/Http/Request), Object(Illuminate/Session/Store), Object(Closure))
#24 D:/Codingan/random/_client_projects/pos_tb_nur/webapp/vendor/laravel/framework/src/Illuminate/Pipeline/Pipeline.php(219): Illuminate/Session/Middleware/StartSession->handle(Object(Illuminate/Http/Request), Object(Closure))
#25 D:/Codingan/random/_client_projects/pos_tb_nur/webapp/vendor/laravel/framework/src/Illuminate/Cookie/Middleware/AddQueuedCookiesToResponse.php(36): Illuminate/Pipeline/Pipeline->Illuminate/Pipeline/{closure}(Object(Illuminate/Http/Request))
#26 D:/Codingan/random/_client_projects/pos_tb_nur/webapp/vendor/laravel/framework/src/Illuminate/Pipeline/Pipeline.php(219): Illuminate/Cookie/Middleware/AddQueuedCookiesToResponse->handle(Object(Illuminate/Http/Request), Object(Closure))
#27 D:/Codingan/random/_client_projects/pos_tb_nur/webapp/vendor/laravel/framework/src/Illuminate/Cookie/Middleware/EncryptCookies.php(74): Illuminate/Pipeline/Pipeline->Illuminate/Pipeline/{closure}(Object(Illuminate/Http/Request))
#28 D:/Codingan/random/_client_projects/pos_tb_nur/webapp/vendor/laravel/framework/src/Illuminate/Pipeline/Pipeline.php(219): Illuminate/Cookie/Middleware/EncryptCookies->handle(Object(Illuminate/Http/Request), Object(Closure))
#29 D:/Codingan/random/_client_projects/pos_tb_nur/webapp/vendor/laravel/framework/src/Illuminate/Pipeline/Pipeline.php(137): Illuminate/Pipeline/Pipeline->Illuminate/Pipeline/{closure}(Object(Illuminate/Http/Request))
#30 D:/Codingan/random/_client_projects/pos_tb_nur/webapp/vendor/laravel/framework/src/Illuminate/Routing/Router.php(821): Illuminate/Pipeline/Pipeline->then(Object(Closure))
#31 D:/Codingan/random/_client_projects/pos_tb_nur/webapp/vendor/laravel/framework/src/Illuminate/Routing/Router.php(800): Illuminate/Routing/Router->runRouteWithinStack(Object(Illuminate/Routing/Route), Object(Illuminate/Http/Request))
#32 D:/Codingan/random/_client_projects/pos_tb_nur/webapp/vendor/laravel/framework/src/Illuminate/Routing/Router.php(764): Illuminate/Routing/Router->runRoute(Object(Illuminate/Http/Request), Object(Illuminate/Routing/Route))
#33 D:/Codingan/random/_client_projects/pos_tb_nur/webapp/vendor/laravel/framework/src/Illuminate/Routing/Router.php(753): Illuminate/Routing/Router->dispatchToRoute(Object(Illuminate/Http/Request))
#34 D:/Codingan/random/_client_projects/pos_tb_nur/webapp/vendor/laravel/framework/src/Illuminate/Foundation/Http/Kernel.php(200): Illuminate/Routing/Router->dispatch(Object(Illuminate/Http/Request))
#35 D:/Codingan/random/_client_projects/pos_tb_nur/webapp/vendor/laravel/framework/src/Illuminate/Pipeline/Pipeline.php(180): Illuminate/Foundation/Http/Kernel->Illuminate/Foundation/Http/{closure}(Object(Illuminate/Http/Request))
#36 D:/Codingan/random/_client_projects/pos_tb_nur/webapp/vendor/inertiajs/inertia-laravel/src/Middleware/EnsureGetOnRedirect.php(19): Illuminate/Pipeline/Pipeline->Illuminate/Pipeline/{closure}(Object(Illuminate/Http/Request))
#37 D:/Codingan/random/_client_projects/pos_tb_nur/webapp/vendor/laravel/framework/src/Illuminate/Pipeline/Pipeline.php(219): Inertia/Middleware/EnsureGetOnRedirect->handle(Object(Illuminate/Http/Request), Object(Closure))
#38 D:/Codingan/random/_client_projects/pos_tb_nur/webapp/vendor/laravel/framework/src/Illuminate/Foundation/Http/Middleware/TransformsRequest.php(21): Illuminate/Pipeline/Pipeline->Illuminate/Pipeline/{closure}(Object(Illuminate/Http/Request))
#39 D:/Codingan/random/_client_projects/pos_tb_nur/webapp/vendor/laravel/framework/src/Illuminate/Foundation/Http/Middleware/ConvertEmptyStringsToNull.php(31): Illuminate/Foundation/Http/Middleware/TransformsRequest->handle(Object(Illuminate/Http/Request), Object(Closure))
#40 D:/Codingan/random/_client_projects/pos_tb_nur/webapp/vendor/laravel/framework/src/Illuminate/Pipeline/Pipeline.php(219): Illuminate/Foundation/Http/Middleware/ConvertEmptyStringsToNull->handle(Object(Illuminate/Http/Request), Object(Closure))
#41 D:/Codingan/random/_client_projects/pos_tb_nur/webapp/vendor/laravel/framework/src/Illuminate/Foundation/Http/Middleware/TransformsRequest.php(21): Illuminate/Pipeline/Pipeline->Illuminate/Pipeline/{closure}(Object(Illuminate/Http/Request))
#42 D:/Codingan/random/_client_projects/pos_tb_nur/webapp/vendor/laravel/framework/src/Illuminate/Foundation/Http/Middleware/TrimStrings.php(51): Illuminate/Foundation/Http/Middleware/TransformsRequest->handle(Object(Illuminate/Http/Request), Object(Closure))
#43 D:/Codingan/random/_client_projects/pos_tb_nur/webapp/vendor/laravel/framework/src/Illuminate/Pipeline/Pipeline.php(219): Illuminate/Foundation/Http/Middleware/TrimStrings->handle(Object(Illuminate/Http/Request), Object(Closure))
#44 D:/Codingan/random/_client_projects/pos_tb_nur/webapp/vendor/laravel/framework/src/Illuminate/Http/Middleware/ValidatePostSize.php(27): Illuminate/Pipeline/Pipeline->Illuminate/Pipeline/{closure}(Object(Illuminate/Http/Request))
#45 D:/Codingan/random/_client_projects/pos_tb_nur/webapp/vendor/laravel/framework/src/Illuminate/Pipeline/Pipeline.php(219): Illuminate/Http/Middleware/ValidatePostSize->handle(Object(Illuminate/Http/Request), Object(Closure))
#46 D:/Codingan/random/_client_projects/pos_tb_nur/webapp/vendor/laravel/framework/src/Illuminate/Foundation/Http/Middleware/PreventRequestsDuringMaintenance.php(109): Illuminate/Pipeline/Pipeline->Illuminate/Pipeline/{closure}(Object(Illuminate/Http/Request))
#47 D:/Codingan/random/_client_projects/pos_tb_nur/webapp/vendor/laravel/framework/src/Illuminate/Pipeline/Pipeline.php(219): Illuminate/Foundation/Http/Middleware/PreventRequestsDuringMaintenance->handle(Object(Illuminate/Http/Request), Object(Closure))
#48 D:/Codingan/random/_client_projects/pos_tb_nur/webapp/vendor/laravel/framework/src/Illuminate/Http/Middleware/HandleCors.php(61): Illuminate/Pipeline/Pipeline->Illuminate/Pipeline/{closure}(Object(Illuminate/Http/Request))
#49 D:/Codingan/random/_client_projects/pos_tb_nur/webapp/vendor/laravel/framework/src/Illuminate/Pipeline/Pipeline.php(219): Illuminate/Http/Middleware/HandleCors->handle(Object(Illuminate/Http/Request), Object(Closure))
#50 D:/Codingan/random/_client_projects/pos_tb_nur/webapp/vendor/laravel/framework/src/Illuminate/Http/Middleware/TrustProxies.php(58): Illuminate/Pipeline/Pipeline->Illuminate/Pipeline/{closure}(Object(Illuminate/Http/Request))
#51 D:/Codingan/random/_client_projects/pos_tb_nur/webapp/vendor/laravel/framework/src/Illuminate/Pipeline/Pipeline.php(219): Illuminate/Http/Middleware/TrustProxies->handle(Object(Illuminate/Http/Request), Object(Closure))
#52 D:/Codingan/random/_client_projects/pos_tb_nur/webapp/vendor/laravel/framework/src/Illuminate/Foundation/Http/Middleware/InvokeDeferredCallbacks.php(22): Illuminate/Pipeline/Pipeline->Illuminate/Pipeline/{closure}(Object(Illuminate/Http/Request))
#53 D:/Codingan/random/_client_projects/pos_tb_nur/webapp/vendor/laravel/framework/src/Illuminate/Pipeline/Pipeline.php(219): Illuminate/Foundation/Http/Middleware/InvokeDeferredCallbacks->handle(Object(Illuminate/Http/Request), Object(Closure))
#54 D:/Codingan/random/_client_projects/pos_tb_nur/webapp/vendor/laravel/framework/src/Illuminate/Http/Middleware/ValidatePathEncoding.php(26): Illuminate/Pipeline/Pipeline->Illuminate/Pipeline/{closure}(Object(Illuminate/Http/Request))
#55 D:/Codingan/random/_client_projects/pos_tb_nur/webapp/vendor/laravel/framework/src/Illuminate/Pipeline/Pipeline.php(219): Illuminate/Http/Middleware/ValidatePathEncoding->handle(Object(Illuminate/Http/Request), Object(Closure))
#56 D:/Codingan/random/_client_projects/pos_tb_nur/webapp/vendor/laravel/framework/src/Illuminate/Pipeline/Pipeline.php(137): Illuminate/Pipeline/Pipeline->Illuminate/Pipeline/{closure}(Object(Illuminate/Http/Request))
#57 D:/Codingan/random/_client_projects/pos_tb_nur/webapp/vendor/laravel/framework/src/Illuminate/Foundation/Http/Kernel.php(175): Illuminate/Pipeline/Pipeline->then(Object(Closure))
#58 D:/Codingan/random/_client_projects/pos_tb_nur/webapp/vendor/laravel/framework/src/Illuminate/Foundation/Http/Kernel.php(144): Illuminate/Foundation/Http/Kernel->sendRequestThroughRouter(Object(Illuminate/Http/Request))
#59 C:/Users/Zaki/.gemini/antigravity/brain/e9950d0a-ba1e-40f8-8965-e347efbc2a15/scratch/test_widgets_endpoint.php(25): Illuminate/Foundation/Http/Kernel->handle(Object(Illuminate/Http/Request))
#60 C:/Users/Zaki/.gemini/antigravity/brain/e9950d0a-ba1e-40f8-8965-e347efbc2a15/scratch/test_widgets_endpoint.php(39): testReq('/dashboard')
#61 {main}
"} 
[2026-08-12 20:43:23] local.ERROR: Undefined variable $profitMargin {"userId":1,"exception":"[object] (ErrorException(code: 0): Undefined variable $profitMargin at D:/Codingan/random/_client_projects/pos_tb_nur/webapp/app/Support/Presentation/DashboardBlueprintProvider.php:157)
[stacktrace]
#0 D:/Codingan/random/_client_projects/pos_tb_nur/webapp/vendor/laravel/framework/src/Illuminate/Foundation/Bootstrap/HandleExceptions.php(258): Illuminate/Foundation/Bootstrap/HandleExceptions->handleError(2, 'Undefined varia...', 'D://Codingan//ran...', 157)
#1 D:/Codingan/random/_client_projects/pos_tb_nur/webapp/app/Support/Presentation/DashboardBlueprintProvider.php(157): Illuminate/Foundation/Bootstrap/HandleExceptions->Illuminate/Foundation/Bootstrap/{closure}(2, 'Undefined varia...', 'D://Codingan//ran...', 157)
#2 D:/Codingan/random/_client_projects/pos_tb_nur/webapp/app/Support/Presentation/PosBlueprint.php(185): App/Support/Presentation/DashboardBlueprintProvider::get(Array, Array, true, '2026-08-12')
#3 D:/Codingan/random/_client_projects/pos_tb_nur/webapp/app/Support/Presentation/PosBlueprint.php(110): App/Support/Presentation/PosBlueprint::sampleDashboard(Array, Array, true, '2026-08-12')
#4 D:/Codingan/random/_client_projects/pos_tb_nur/webapp/app/Http/Controllers/Web/DashboardController.php(71): App/Support/Presentation/PosBlueprint::forDashboard('retail', Array, Array, true, '2026-08-12')
#5 D:/Codingan/random/_client_projects/pos_tb_nur/webapp/vendor/laravel/framework/src/Illuminate/Cache/Repository.php(564): App/Http/Controllers/Web/DashboardController->App/Http/Controllers/Web/{closure}()
#6 D:/Codingan/random/_client_projects/pos_tb_nur/webapp/vendor/laravel/framework/src/Illuminate/Cache/CacheManager.php(558): Illuminate/Cache/Repository->remember('dashboard_widge...', 1800, Object(Closure))
#7 D:/Codingan/random/_client_projects/pos_tb_nur/webapp/vendor/laravel/framework/src/Illuminate/Support/Facades/Facade.php(363): Illuminate/Cache/CacheManager->__call('remember', Array)
#8 D:/Codingan/random/_client_projects/pos_tb_nur/webapp/app/Http/Controllers/Web/DashboardController.php(67): Illuminate/Support/Facades/Facade::__callStatic('remember', Array)
#9 D:/Codingan/random/_client_projects/pos_tb_nur/webapp/vendor/laravel/framework/src/Illuminate/Routing/ControllerDispatcher.php(46): App/Http/Controllers/Web/DashboardController->getWidgetsData(Object(Illuminate/Http/Request))
#10 D:/Codingan/random/_client_projects/pos_tb_nur/webapp/vendor/laravel/framework/src/Illuminate/Routing/Route.php(265): Illuminate/Routing/ControllerDispatcher->dispatch(Object(Illuminate/Routing/Route), Object(App/Http/Controllers/Web/DashboardController), 'getWidgetsData')
#11 D:/Codingan/random/_client_projects/pos_tb_nur/webapp/vendor/laravel/framework/src/Illuminate/Routing/Route.php(211): Illuminate/Routing/Route->runController()
#12 D:/Codingan/random/_client_projects/pos_tb_nur/webapp/vendor/laravel/framework/src/Illuminate/Routing/Router.php(822): Illuminate/Routing/Route->run()
#13 D:/Codingan/random/_client_projects/pos_tb_nur/webapp/vendor/laravel/framework/src/Illuminate/Pipeline/Pipeline.php(180): Illuminate/Routing/Router->Illuminate/Routing/{closure}(Object(Illuminate/Http/Request))
#14 D:/Codingan/random/_client_projects/pos_tb_nur/webapp/app/Http/Middleware/SecureHeaders.php(16): Illuminate/Pipeline/Pipeline->Illuminate/Pipeline/{closure}(Object(Illuminate/Http/Request))
#15 D:/Codingan/random/_client_projects/pos_tb_nur/webapp/vendor/laravel/framework/src/Illuminate/Pipeline/Pipeline.php(219): App/Http/Middleware/SecureHeaders->handle(Object(Illuminate/Http/Request), Object(Closure))
#16 D:/Codingan/random/_client_projects/pos_tb_nur/webapp/vendor/inertiajs/inertia-laravel/src/Middleware.php(138): Illuminate/Pipeline/Pipeline->Illuminate/Pipeline/{closure}(Object(Illuminate/Http/Request))
#17 D:/Codingan/random/_client_projects/pos_tb_nur/webapp/vendor/laravel/framework/src/Illuminate/Pipeline/Pipeline.php(219): Inertia/Middleware->handle(Object(Illuminate/Http/Request), Object(Closure))
#18 D:/Codingan/random/_client_projects/pos_tb_nur/webapp/vendor/laravel/framework/src/Illuminate/Routing/Middleware/SubstituteBindings.php(50): Illuminate/Pipeline/Pipeline->Illuminate/Pipeline/{closure}(Object(Illuminate/Http/Request))
#19 D:/Codingan/random/_client_projects/pos_tb_nur/webapp/vendor/laravel/framework/src/Illuminate/Pipeline/Pipeline.php(219): Illuminate/Routing/Middleware/SubstituteBindings->handle(Object(Illuminate/Http/Request), Object(Closure))
#20 D:/Codingan/random/_client_projects/pos_tb_nur/webapp/vendor/laravel/framework/src/Illuminate/Auth/Middleware/Authenticate.php(63): Illuminate/Pipeline/Pipeline->Illuminate/Pipeline/{closure}(Object(Illuminate/Http/Request))
#21 D:/Codingan/random/_client_projects/pos_tb_nur/webapp/vendor/laravel/framework/src/Illuminate/Pipeline/Pipeline.php(219): Illuminate/Auth/Middleware/Authenticate->handle(Object(Illuminate/Http/Request), Object(Closure))
#22 D:/Codingan/random/_client_projects/pos_tb_nur/webapp/vendor/laravel/framework/src/Illuminate/Foundation/Http/Middleware/VerifyCsrfToken.php(87): Illuminate/Pipeline/Pipeline->Illuminate/Pipeline/{closure}(Object(Illuminate/Http/Request))
#23 D:/Codingan/random/_client_projects/pos_tb_nur/webapp/vendor/laravel/framework/src/Illuminate/Pipeline/Pipeline.php(219): Illuminate/Foundation/Http/Middleware/VerifyCsrfToken->handle(Object(Illuminate/Http/Request), Object(Closure))
#24 D:/Codingan/random/_client_projects/pos_tb_nur/webapp/vendor/laravel/framework/src/Illuminate/View/Middleware/ShareErrorsFromSession.php(48): Illuminate/Pipeline/Pipeline->Illuminate/Pipeline/{closure}(Object(Illuminate/Http/Request))
#25 D:/Codingan/random/_client_projects/pos_tb_nur/webapp/vendor/laravel/framework/src/Illuminate/Pipeline/Pipeline.php(219): Illuminate/View/Middleware/ShareErrorsFromSession->handle(Object(Illuminate/Http/Request), Object(Closure))
#26 D:/Codingan/random/_client_projects/pos_tb_nur/webapp/vendor/laravel/framework/src/Illuminate/Session/Middleware/StartSession.php(120): Illuminate/Pipeline/Pipeline->Illuminate/Pipeline/{closure}(Object(Illuminate/Http/Request))
#27 D:/Codingan/random/_client_projects/pos_tb_nur/webapp/vendor/laravel/framework/src/Illuminate/Session/Middleware/StartSession.php(63): Illuminate/Session/Middleware/StartSession->handleStatefulRequest(Object(Illuminate/Http/Request), Object(Illuminate/Session/Store), Object(Closure))
#28 D:/Codingan/random/_client_projects/pos_tb_nur/webapp/vendor/laravel/framework/src/Illuminate/Pipeline/Pipeline.php(219): Illuminate/Session/Middleware/StartSession->handle(Object(Illuminate/Http/Request), Object(Closure))
#29 D:/Codingan/random/_client_projects/pos_tb_nur/webapp/vendor/laravel/framework/src/Illuminate/Cookie/Middleware/AddQueuedCookiesToResponse.php(36): Illuminate/Pipeline/Pipeline->Illuminate/Pipeline/{closure}(Object(Illuminate/Http/Request))
#30 D:/Codingan/random/_client_projects/pos_tb_nur/webapp/vendor/laravel/framework/src/Illuminate/Pipeline/Pipeline.php(219): Illuminate/Cookie/Middleware/AddQueuedCookiesToResponse->handle(Object(Illuminate/Http/Request), Object(Closure))
#31 D:/Codingan/random/_client_projects/pos_tb_nur/webapp/vendor/laravel/framework/src/Illuminate/Cookie/Middleware/EncryptCookies.php(74): Illuminate/Pipeline/Pipeline->Illuminate/Pipeline/{closure}(Object(Illuminate/Http/Request))
#32 D:/Codingan/random/_client_projects/pos_tb_nur/webapp/vendor/laravel/framework/src/Illuminate/Pipeline/Pipeline.php(219): Illuminate/Cookie/Middleware/EncryptCookies->handle(Object(Illuminate/Http/Request), Object(Closure))
#33 D:/Codingan/random/_client_projects/pos_tb_nur/webapp/vendor/laravel/framework/src/Illuminate/Pipeline/Pipeline.php(137): Illuminate/Pipeline/Pipeline->Illuminate/Pipeline/{closure}(Object(Illuminate/Http/Request))
#34 D:/Codingan/random/_client_projects/pos_tb_nur/webapp/vendor/laravel/framework/src/Illuminate/Routing/Router.php(821): Illuminate/Pipeline/Pipeline->then(Object(Closure))
#35 D:/Codingan/random/_client_projects/pos_tb_nur/webapp/vendor/laravel/framework/src/Illuminate/Routing/Router.php(800): Illuminate/Routing/Router->runRouteWithinStack(Object(Illuminate/Routing/Route), Object(Illuminate/Http/Request))
#36 D:/Codingan/random/_client_projects/pos_tb_nur/webapp/vendor/laravel/framework/src/Illuminate/Routing/Router.php(764): Illuminate/Routing/Router->runRoute(Object(Illuminate/Http/Request), Object(Illuminate/Routing/Route))
#37 D:/Codingan/random/_client_projects/pos_tb_nur/webapp/vendor/laravel/framework/src/Illuminate/Routing/Router.php(753): Illuminate/Routing/Router->dispatchToRoute(Object(Illuminate/Http/Request))
#38 D:/Codingan/random/_client_projects/pos_tb_nur/webapp/vendor/laravel/framework/src/Illuminate/Foundation/Http/Kernel.php(200): Illuminate/Routing/Router->dispatch(Object(Illuminate/Http/Request))
#39 D:/Codingan/random/_client_projects/pos_tb_nur/webapp/vendor/laravel/framework/src/Illuminate/Pipeline/Pipeline.php(180): Illuminate/Foundation/Http/Kernel->Illuminate/Foundation/Http/{closure}(Object(Illuminate/Http/Request))
#40 D:/Codingan/random/_client_projects/pos_tb_nur/webapp/vendor/inertiajs/inertia-laravel/src/Middleware/EnsureGetOnRedirect.php(19): Illuminate/Pipeline/Pipeline->Illuminate/Pipeline/{closure}(Object(Illuminate/Http/Request))
#41 D:/Codingan/random/_client_projects/pos_tb_nur/webapp/vendor/laravel/framework/src/Illuminate/Pipeline/Pipeline.php(219): Inertia/Middleware/EnsureGetOnRedirect->handle(Object(Illuminate/Http/Request), Object(Closure))
#42 D:/Codingan/random/_client_projects/pos_tb_nur/webapp/vendor/laravel/framework/src/Illuminate/Foundation/Http/Middleware/TransformsRequest.php(21): Illuminate/Pipeline/Pipeline->Illuminate/Pipeline/{closure}(Object(Illuminate/Http/Request))
#43 D:/Codingan/random/_client_projects/pos_tb_nur/webapp/vendor/laravel/framework/src/Illuminate/Foundation/Http/Middleware/ConvertEmptyStringsToNull.php(31): Illuminate/Foundation/Http/Middleware/TransformsRequest->handle(Object(Illuminate/Http/Request), Object(Closure))
#44 D:/Codingan/random/_client_projects/pos_tb_nur/webapp/vendor/laravel/framework/src/Illuminate/Pipeline/Pipeline.php(219): Illuminate/Foundation/Http/Middleware/ConvertEmptyStringsToNull->handle(Object(Illuminate/Http/Request), Object(Closure))
#45 D:/Codingan/random/_client_projects/pos_tb_nur/webapp/vendor/laravel/framework/src/Illuminate/Foundation/Http/Middleware/TransformsRequest.php(21): Illuminate/Pipeline/Pipeline->Illuminate/Pipeline/{closure}(Object(Illuminate/Http/Request))
#46 D:/Codingan/random/_client_projects/pos_tb_nur/webapp/vendor/laravel/framework/src/Illuminate/Foundation/Http/Middleware/TrimStrings.php(51): Illuminate/Foundation/Http/Middleware/TransformsRequest->handle(Object(Illuminate/Http/Request), Object(Closure))
#47 D:/Codingan/random/_client_projects/pos_tb_nur/webapp/vendor/laravel/framework/src/Illuminate/Pipeline/Pipeline.php(219): Illuminate/Foundation/Http/Middleware/TrimStrings->handle(Object(Illuminate/Http/Request), Object(Closure))
#48 D:/Codingan/random/_client_projects/pos_tb_nur/webapp/vendor/laravel/framework/src/Illuminate/Http/Middleware/ValidatePostSize.php(27): Illuminate/Pipeline/Pipeline->Illuminate/Pipeline/{closure}(Object(Illuminate/Http/Request))
#49 D:/Codingan/random/_client_projects/pos_tb_nur/webapp/vendor/laravel/framework/src/Illuminate/Pipeline/Pipeline.php(219): Illuminate/Http/Middleware/ValidatePostSize->handle(Object(Illuminate/Http/Request), Object(Closure))
#50 D:/Codingan/random/_client_projects/pos_tb_nur/webapp/vendor/laravel/framework/src/Illuminate/Foundation/Http/Middleware/PreventRequestsDuringMaintenance.php(109): Illuminate/Pipeline/Pipeline->Illuminate/Pipeline/{closure}(Object(Illuminate/Http/Request))
#51 D:/Codingan/random/_client_projects/pos_tb_nur/webapp/vendor/laravel/framework/src/Illuminate/Pipeline/Pipeline.php(219): Illuminate/Foundation/Http/Middleware/PreventRequestsDuringMaintenance->handle(Object(Illuminate/Http/Request), Object(Closure))
#52 D:/Codingan/random/_client_projects/pos_tb_nur/webapp/vendor/laravel/framework/src/Illuminate/Http/Middleware/HandleCors.php(74): Illuminate/Pipeline/Pipeline->Illuminate/Pipeline/{closure}(Object(Illuminate/Http/Request))
#53 D:/Codingan/random/_client_projects/pos_tb_nur/webapp/vendor/laravel/framework/src/Illuminate/Pipeline/Pipeline.php(219): Illuminate/Http/Middleware/HandleCors->handle(Object(Illuminate/Http/Request), Object(Closure))
#54 D:/Codingan/random/_client_projects/pos_tb_nur/webapp/vendor/laravel/framework/src/Illuminate/Http/Middleware/TrustProxies.php(58): Illuminate/Pipeline/Pipeline->Illuminate/Pipeline/{closure}(Object(Illuminate/Http/Request))
#55 D:/Codingan/random/_client_projects/pos_tb_nur/webapp/vendor/laravel/framework/src/Illuminate/Pipeline/Pipeline.php(219): Illuminate/Http/Middleware/TrustProxies->handle(Object(Illuminate/Http/Request), Object(Closure))
#56 D:/Codingan/random/_client_projects/pos_tb_nur/webapp/vendor/laravel/framework/src/Illuminate/Foundation/Http/Middleware/InvokeDeferredCallbacks.php(22): Illuminate/Pipeline/Pipeline->Illuminate/Pipeline/{closure}(Object(Illuminate/Http/Request))
#57 D:/Codingan/random/_client_projects/pos_tb_nur/webapp/vendor/laravel/framework/src/Illuminate/Pipeline/Pipeline.php(219): Illuminate/Foundation/Http/Middleware/InvokeDeferredCallbacks->handle(Object(Illuminate/Http/Request), Object(Closure))
#58 D:/Codingan/random/_client_projects/pos_tb_nur/webapp/vendor/laravel/framework/src/Illuminate/Http/Middleware/ValidatePathEncoding.php(26): Illuminate/Pipeline/Pipeline->Illuminate/Pipeline/{closure}(Object(Illuminate/Http/Request))
#59 D:/Codingan/random/_client_projects/pos_tb_nur/webapp/vendor/laravel/framework/src/Illuminate/Pipeline/Pipeline.php(219): Illuminate/Http/Middleware/ValidatePathEncoding->handle(Object(Illuminate/Http/Request), Object(Closure))
#60 D:/Codingan/random/_client_projects/pos_tb_nur/webapp/vendor/laravel/framework/src/Illuminate/Pipeline/Pipeline.php(137): Illuminate/Pipeline/Pipeline->Illuminate/Pipeline/{closure}(Object(Illuminate/Http/Request))
#61 D:/Codingan/random/_client_projects/pos_tb_nur/webapp/vendor/laravel/framework/src/Illuminate/Foundation/Http/Kernel.php(175): Illuminate/Pipeline/Pipeline->then(Object(Closure))
#62 D:/Codingan/random/_client_projects/pos_tb_nur/webapp/vendor/laravel/framework/src/Illuminate/Foundation/Http/Kernel.php(144): Illuminate/Foundation/Http/Kernel->sendRequestThroughRouter(Object(Illuminate/Http/Request))
#63 C:/Users/Zaki/.gemini/antigravity/brain/e9950d0a-ba1e-40f8-8965-e347efbc2a15/scratch/test_widgets_endpoint.php(25): Illuminate/Foundation/Http/Kernel->handle(Object(Illuminate/Http/Request))
#64 C:/Users/Zaki/.gemini/antigravity/brain/e9950d0a-ba1e-40f8-8965-e347efbc2a15/scratch/test_widgets_endpoint.php(40): testReq('/api/workspace/...')
#65 {main}
"} 
[2026-08-12 20:43:25] local.ERROR: Undefined variable $profitMargin {"userId":1,"exception":"[object] (ErrorException(code: 0): Undefined variable $profitMargin at D:/Codingan/random/_client_projects/pos_tb_nur/webapp/app/Support/Presentation/DashboardBlueprintProvider.php:157)
[stacktrace]
#0 D:/Codingan/random/_client_projects/pos_tb_nur/webapp/vendor/laravel/framework/src/Illuminate/Foundation/Bootstrap/HandleExceptions.php(258): Illuminate/Foundation/Bootstrap/HandleExceptions->handleError(2, 'Undefined varia...', 'D://Codingan//ran...', 157)
#1 D:/Codingan/random/_client_projects/pos_tb_nur/webapp/app/Support/Presentation/DashboardBlueprintProvider.php(157): Illuminate/Foundation/Bootstrap/HandleExceptions->Illuminate/Foundation/Bootstrap/{closure}(2, 'Undefined varia...', 'D://Codingan//ran...', 157)
#2 D:/Codingan/random/_client_projects/pos_tb_nur/webapp/app/Support/Presentation/PosBlueprint.php(185): App/Support/Presentation/DashboardBlueprintProvider::get(Array, Array, true, '2026-08-12')
#3 D:/Codingan/random/_client_projects/pos_tb_nur/webapp/app/Support/Presentation/PosBlueprint.php(110): App/Support/Presentation/PosBlueprint::sampleDashboard(Array, Array, true, '2026-08-12')
#4 D:/Codingan/random/_client_projects/pos_tb_nur/webapp/app/Http/Controllers/Web/DashboardController.php(101): App/Support/Presentation/PosBlueprint::forDashboard('retail', Array, Array, true, '2026-08-12')
#5 D:/Codingan/random/_client_projects/pos_tb_nur/webapp/vendor/laravel/framework/src/Illuminate/Cache/Repository.php(564): App/Http/Controllers/Web/DashboardController->App/Http/Controllers/Web/{closure}()
#6 D:/Codingan/random/_client_projects/pos_tb_nur/webapp/vendor/laravel/framework/src/Illuminate/Cache/CacheManager.php(558): Illuminate/Cache/Repository->remember('dashboard_widge...', 1800, Object(Closure))
#7 D:/Codingan/random/_client_projects/pos_tb_nur/webapp/vendor/laravel/framework/src/Illuminate/Support/Facades/Facade.php(363): Illuminate/Cache/CacheManager->__call('remember', Array)
#8 D:/Codingan/random/_client_projects/pos_tb_nur/webapp/app/Http/Controllers/Web/DashboardController.php(97): Illuminate/Support/Facades/Facade::__callStatic('remember', Array)
#9 D:/Codingan/random/_client_projects/pos_tb_nur/webapp/vendor/laravel/framework/src/Illuminate/Routing/ControllerDispatcher.php(46): App/Http/Controllers/Web/DashboardController->getSingleWidgetData(Object(Illuminate/Http/Request))
#10 D:/Codingan/random/_client_projects/pos_tb_nur/webapp/vendor/laravel/framework/src/Illuminate/Routing/Route.php(265): Illuminate/Routing/ControllerDispatcher->dispatch(Object(Illuminate/Routing/Route), Object(App/Http/Controllers/Web/DashboardController), 'getSingleWidget...')
#11 D:/Codingan/random/_client_projects/pos_tb_nur/webapp/vendor/laravel/framework/src/Illuminate/Routing/Route.php(211): Illuminate/Routing/Route->runController()
#12 D:/Codingan/random/_client_projects/pos_tb_nur/webapp/vendor/laravel/framework/src/Illuminate/Routing/Router.php(822): Illuminate/Routing/Route->run()
#13 D:/Codingan/random/_client_projects/pos_tb_nur/webapp/vendor/laravel/framework/src/Illuminate/Pipeline/Pipeline.php(180): Illuminate/Routing/Router->Illuminate/Routing/{closure}(Object(Illuminate/Http/Request))
#14 D:/Codingan/random/_client_projects/pos_tb_nur/webapp/app/Http/Middleware/SecureHeaders.php(16): Illuminate/Pipeline/Pipeline->Illuminate/Pipeline/{closure}(Object(Illuminate/Http/Request))
#15 D:/Codingan/random/_client_projects/pos_tb_nur/webapp/vendor/laravel/framework/src/Illuminate/Pipeline/Pipeline.php(219): App/Http/Middleware/SecureHeaders->handle(Object(Illuminate/Http/Request), Object(Closure))
#16 D:/Codingan/random/_client_projects/pos_tb_nur/webapp/vendor/inertiajs/inertia-laravel/src/Middleware.php(138): Illuminate/Pipeline/Pipeline->Illuminate/Pipeline/{closure}(Object(Illuminate/Http/Request))
#17 D:/Codingan/random/_client_projects/pos_tb_nur/webapp/vendor/laravel/framework/src/Illuminate/Pipeline/Pipeline.php(219): Inertia/Middleware->handle(Object(Illuminate/Http/Request), Object(Closure))
#18 D:/Codingan/random/_client_projects/pos_tb_nur/webapp/vendor/laravel/framework/src/Illuminate/Routing/Middleware/SubstituteBindings.php(50): Illuminate/Pipeline/Pipeline->Illuminate/Pipeline/{closure}(Object(Illuminate/Http/Request))
#19 D:/Codingan/random/_client_projects/pos_tb_nur/webapp/vendor/laravel/framework/src/Illuminate/Pipeline/Pipeline.php(219): Illuminate/Routing/Middleware/SubstituteBindings->handle(Object(Illuminate/Http/Request), Object(Closure))
#20 D:/Codingan/random/_client_projects/pos_tb_nur/webapp/vendor/laravel/framework/src/Illuminate/Auth/Middleware/Authenticate.php(63): Illuminate/Pipeline/Pipeline->Illuminate/Pipeline/{closure}(Object(Illuminate/Http/Request))
#21 D:/Codingan/random/_client_projects/pos_tb_nur/webapp/vendor/laravel/framework/src/Illuminate/Pipeline/Pipeline.php(219): Illuminate/Auth/Middleware/Authenticate->handle(Object(Illuminate/Http/Request), Object(Closure))
#22 D:/Codingan/random/_client_projects/pos_tb_nur/webapp/vendor/laravel/framework/src/Illuminate/Foundation/Http/Middleware/VerifyCsrfToken.php(87): Illuminate/Pipeline/Pipeline->Illuminate/Pipeline/{closure}(Object(Illuminate/Http/Request))
#23 D:/Codingan/random/_client_projects/pos_tb_nur/webapp/vendor/laravel/framework/src/Illuminate/Pipeline/Pipeline.php(219): Illuminate/Foundation/Http/Middleware/VerifyCsrfToken->handle(Object(Illuminate/Http/Request), Object(Closure))
#24 D:/Codingan/random/_client_projects/pos_tb_nur/webapp/vendor/laravel/framework/src/Illuminate/View/Middleware/ShareErrorsFromSession.php(48): Illuminate/Pipeline/Pipeline->Illuminate/Pipeline/{closure}(Object(Illuminate/Http/Request))
#25 D:/Codingan/random/_client_projects/pos_tb_nur/webapp/vendor/laravel/framework/src/Illuminate/Pipeline/Pipeline.php(219): Illuminate/View/Middleware/ShareErrorsFromSession->handle(Object(Illuminate/Http/Request), Object(Closure))
#26 D:/Codingan/random/_client_projects/pos_tb_nur/webapp/vendor/laravel/framework/src/Illuminate/Session/Middleware/StartSession.php(120): Illuminate/Pipeline/Pipeline->Illuminate/Pipeline/{closure}(Object(Illuminate/Http/Request))
#27 D:/Codingan/random/_client_projects/pos_tb_nur/webapp/vendor/laravel/framework/src/Illuminate/Session/Middleware/StartSession.php(63): Illuminate/Session/Middleware/StartSession->handleStatefulRequest(Object(Illuminate/Http/Request), Object(Illuminate/Session/Store), Object(Closure))
#28 D:/Codingan/random/_client_projects/pos_tb_nur/webapp/vendor/laravel/framework/src/Illuminate/Pipeline/Pipeline.php(219): Illuminate/Session/Middleware/StartSession->handle(Object(Illuminate/Http/Request), Object(Closure))
#29 D:/Codingan/random/_client_projects/pos_tb_nur/webapp/vendor/laravel/framework/src/Illuminate/Cookie/Middleware/AddQueuedCookiesToResponse.php(36): Illuminate/Pipeline/Pipeline->Illuminate/Pipeline/{closure}(Object(Illuminate/Http/Request))
#30 D:/Codingan/random/_client_projects/pos_tb_nur/webapp/vendor/laravel/framework/src/Illuminate/Pipeline/Pipeline.php(219): Illuminate/Cookie/Middleware/AddQueuedCookiesToResponse->handle(Object(Illuminate/Http/Request), Object(Closure))
#31 D:/Codingan/random/_client_projects/pos_tb_nur/webapp/vendor/laravel/framework/src/Illuminate/Cookie/Middleware/EncryptCookies.php(74): Illuminate/Pipeline/Pipeline->Illuminate/Pipeline/{closure}(Object(Illuminate/Http/Request))
#32 D:/Codingan/random/_client_projects/pos_tb_nur/webapp/vendor/laravel/framework/src/Illuminate/Pipeline/Pipeline.php(219): Illuminate/Cookie/Middleware/EncryptCookies->handle(Object(Illuminate/Http/Request), Object(Closure))
#33 D:/Codingan/random/_client_projects/pos_tb_nur/webapp/vendor/laravel/framework/src/Illuminate/Pipeline/Pipeline.php(137): Illuminate/Pipeline/Pipeline->Illuminate/Pipeline/{closure}(Object(Illuminate/Http/Request))
#34 D:/Codingan/random/_client_projects/pos_tb_nur/webapp/vendor/laravel/framework/src/Illuminate/Routing/Router.php(821): Illuminate/Pipeline/Pipeline->then(Object(Closure))
#35 D:/Codingan/random/_client_projects/pos_tb_nur/webapp/vendor/laravel/framework/src/Illuminate/Routing/Router.php(800): Illuminate/Routing/Router->runRouteWithinStack(Object(Illuminate/Routing/Route), Object(Illuminate/Http/Request))
#36 D:/Codingan/random/_client_projects/pos_tb_nur/webapp/vendor/laravel/framework/src/Illuminate/Routing/Router.php(764): Illuminate/Routing/Router->runRoute(Object(Illuminate/Http/Request), Object(Illuminate/Routing/Route))
#37 D:/Codingan/random/_client_projects/pos_tb_nur/webapp/vendor/laravel/framework/src/Illuminate/Routing/Router.php(753): Illuminate/Routing/Router->dispatchToRoute(Object(Illuminate/Http/Request))
#38 D:/Codingan/random/_client_projects/pos_tb_nur/webapp/vendor/laravel/framework/src/Illuminate/Foundation/Http/Kernel.php(200): Illuminate/Routing/Router->dispatch(Object(Illuminate/Http/Request))
#39 D:/Codingan/random/_client_projects/pos_tb_nur/webapp/vendor/laravel/framework/src/Illuminate/Pipeline/Pipeline.php(180): Illuminate/Foundation/Http/Kernel->Illuminate/Foundation/Http/{closure}(Object(Illuminate/Http/Request))
#40 D:/Codingan/random/_client_projects/pos_tb_nur/webapp/vendor/inertiajs/inertia-laravel/src/Middleware/EnsureGetOnRedirect.php(19): Illuminate/Pipeline/Pipeline->Illuminate/Pipeline/{closure}(Object(Illuminate/Http/Request))
#41 D:/Codingan/random/_client_projects/pos_tb_nur/webapp/vendor/laravel/framework/src/Illuminate/Pipeline/Pipeline.php(219): Inertia/Middleware/EnsureGetOnRedirect->handle(Object(Illuminate/Http/Request), Object(Closure))
#42 D:/Codingan/random/_client_projects/pos_tb_nur/webapp/vendor/laravel/framework/src/Illuminate/Foundation/Http/Middleware/TransformsRequest.php(21): Illuminate/Pipeline/Pipeline->Illuminate/Pipeline/{closure}(Object(Illuminate/Http/Request))
#43 D:/Codingan/random/_client_projects/pos_tb_nur/webapp/vendor/laravel/framework/src/Illuminate/Foundation/Http/Middleware/ConvertEmptyStringsToNull.php(31): Illuminate/Foundation/Http/Middleware/TransformsRequest->handle(Object(Illuminate/Http/Request), Object(Closure))
#44 D:/Codingan/random/_client_projects/pos_tb_nur/webapp/vendor/laravel/framework/src/Illuminate/Pipeline/Pipeline.php(219): Illuminate/Foundation/Http/Middleware/ConvertEmptyStringsToNull->handle(Object(Illuminate/Http/Request), Object(Closure))
#45 D:/Codingan/random/_client_projects/pos_tb_nur/webapp/vendor/laravel/framework/src/Illuminate/Foundation/Http/Middleware/TransformsRequest.php(21): Illuminate/Pipeline/Pipeline->Illuminate/Pipeline/{closure}(Object(Illuminate/Http/Request))
#46 D:/Codingan/random/_client_projects/pos_tb_nur/webapp/vendor/laravel/framework/src/Illuminate/Foundation/Http/Middleware/TrimStrings.php(51): Illuminate/Foundation/Http/Middleware/TransformsRequest->handle(Object(Illuminate/Http/Request), Object(Closure))
#47 D:/Codingan/random/_client_projects/pos_tb_nur/webapp/vendor/laravel/framework/src/Illuminate/Pipeline/Pipeline.php(219): Illuminate/Foundation/Http/Middleware/TrimStrings->handle(Object(Illuminate/Http/Request), Object(Closure))
#48 D:/Codingan/random/_client_projects/pos_tb_nur/webapp/vendor/laravel/framework/src/Illuminate/Http/Middleware/ValidatePostSize.php(27): Illuminate/Pipeline/Pipeline->Illuminate/Pipeline/{closure}(Object(Illuminate/Http/Request))
#49 D:/Codingan/random/_client_projects/pos_tb_nur/webapp/vendor/laravel/framework/src/Illuminate/Pipeline/Pipeline.php(219): Illuminate/Http/Middleware/ValidatePostSize->handle(Object(Illuminate/Http/Request), Object(Closure))
#50 D:/Codingan/random/_client_projects/pos_tb_nur/webapp/vendor/laravel/framework/src/Illuminate/Foundation/Http/Middleware/PreventRequestsDuringMaintenance.php(109): Illuminate/Pipeline/Pipeline->Illuminate/Pipeline/{closure}(Object(Illuminate/Http/Request))
#51 D:/Codingan/random/_client_projects/pos_tb_nur/webapp/vendor/laravel/framework/src/Illuminate/Pipeline/Pipeline.php(219): Illuminate/Foundation/Http/Middleware/PreventRequestsDuringMaintenance->handle(Object(Illuminate/Http/Request), Object(Closure))
#52 D:/Codingan/random/_client_projects/pos_tb_nur/webapp/vendor/laravel/framework/src/Illuminate/Http/Middleware/HandleCors.php(74): Illuminate/Pipeline/Pipeline->Illuminate/Pipeline/{closure}(Object(Illuminate/Http/Request))
#53 D:/Codingan/random/_client_projects/pos_tb_nur/webapp/vendor/laravel/framework/src/Illuminate/Pipeline/Pipeline.php(219): Illuminate/Http/Middleware/HandleCors->handle(Object(Illuminate/Http/Request), Object(Closure))
#54 D:/Codingan/random/_client_projects/pos_tb_nur/webapp/vendor/laravel/framework/src/Illuminate/Http/Middleware/TrustProxies.php(58): Illuminate/Pipeline/Pipeline->Illuminate/Pipeline/{closure}(Object(Illuminate/Http/Request))
#55 D:/Codingan/random/_client_projects/pos_tb_nur/webapp/vendor/laravel/framework/src/Illuminate/Pipeline/Pipeline.php(219): Illuminate/Http/Middleware/TrustProxies->handle(Object(Illuminate/Http/Request), Object(Closure))
#56 D:/Codingan/random/_client_projects/pos_tb_nur/webapp/vendor/laravel/framework/src/Illuminate/Foundation/Http/Middleware/InvokeDeferredCallbacks.php(22): Illuminate/Pipeline/Pipeline->Illuminate/Pipeline/{closure}(Object(Illuminate/Http/Request))
#57 D:/Codingan/random/_client_projects/pos_tb_nur/webapp/vendor/laravel/framework/src/Illuminate/Pipeline/Pipeline.php(219): Illuminate/Foundation/Http/Middleware/InvokeDeferredCallbacks->handle(Object(Illuminate/Http/Request), Object(Closure))
#58 D:/Codingan/random/_client_projects/pos_tb_nur/webapp/vendor/laravel/framework/src/Illuminate/Http/Middleware/ValidatePathEncoding.php(26): Illuminate/Pipeline/Pipeline->Illuminate/Pipeline/{closure}(Object(Illuminate/Http/Request))
#59 D:/Codingan/random/_client_projects/pos_tb_nur/webapp/vendor/laravel/framework/src/Illuminate/Pipeline/Pipeline.php(219): Illuminate/Http/Middleware/ValidatePathEncoding->handle(Object(Illuminate/Http/Request), Object(Closure))
#60 D:/Codingan/random/_client_projects/pos_tb_nur/webapp/vendor/laravel/framework/src/Illuminate/Pipeline/Pipeline.php(137): Illuminate/Pipeline/Pipeline->Illuminate/Pipeline/{closure}(Object(Illuminate/Http/Request))
#61 D:/Codingan/random/_client_projects/pos_tb_nur/webapp/vendor/laravel/framework/src/Illuminate/Foundation/Http/Kernel.php(175): Illuminate/Pipeline/Pipeline->then(Object(Closure))
#62 D:/Codingan/random/_client_projects/pos_tb_nur/webapp/vendor/laravel/framework/src/Illuminate/Foundation/Http/Kernel.php(144): Illuminate/Foundation/Http/Kernel->sendRequestThroughRouter(Object(Illuminate/Http/Request))
#63 C:/Users/Zaki/.gemini/antigravity/brain/e9950d0a-ba1e-40f8-8965-e347efbc2a15/scratch/test_widgets_endpoint.php(25): Illuminate/Foundation/Http/Kernel->handle(Object(Illuminate/Http/Request))
#64 C:/Users/Zaki/.gemini/antigravity/brain/e9950d0a-ba1e-40f8-8965-e347efbc2a15/scratch/test_widgets_endpoint.php(41): testReq('/api/workspace/...', Array)
#65 {main}
"} 
[2026-08-12 20:43:27] local.ERROR: Undefined variable $profitMargin {"userId":1,"exception":"[object] (ErrorException(code: 0): Undefined variable $profitMargin at D:/Codingan/random/_client_projects/pos_tb_nur/webapp/app/Support/Presentation/DashboardBlueprintProvider.php:157)
[stacktrace]
#0 D:/Codingan/random/_client_projects/pos_tb_nur/webapp/vendor/laravel/framework/src/Illuminate/Foundation/Bootstrap/HandleExceptions.php(258): Illuminate/Foundation/Bootstrap/HandleExceptions->handleError(2, 'Undefined varia...', 'D://Codingan//ran...', 157)
#1 D:/Codingan/random/_client_projects/pos_tb_nur/webapp/app/Support/Presentation/DashboardBlueprintProvider.php(157): Illuminate/Foundation/Bootstrap/HandleExceptions->Illuminate/Foundation/Bootstrap/{closure}(2, 'Undefined varia...', 'D://Codingan//ran...', 157)
#2 D:/Codingan/random/_client_projects/pos_tb_nur/webapp/app/Support/Presentation/PosBlueprint.php(185): App/Support/Presentation/DashboardBlueprintProvider::get(Array, Array, true, '2026-08-12')
#3 D:/Codingan/random/_client_projects/pos_tb_nur/webapp/app/Support/Presentation/PosBlueprint.php(110): App/Support/Presentation/PosBlueprint::sampleDashboard(Array, Array, true, '2026-08-12')
#4 D:/Codingan/random/_client_projects/pos_tb_nur/webapp/app/Http/Controllers/Web/DashboardController.php(101): App/Support/Presentation/PosBlueprint::forDashboard('retail', Array, Array, true, '2026-08-12')
#5 D:/Codingan/random/_client_projects/pos_tb_nur/webapp/vendor/laravel/framework/src/Illuminate/Cache/Repository.php(564): App/Http/Controllers/Web/DashboardController->App/Http/Controllers/Web/{closure}()
#6 D:/Codingan/random/_client_projects/pos_tb_nur/webapp/vendor/laravel/framework/src/Illuminate/Cache/CacheManager.php(558): Illuminate/Cache/Repository->remember('dashboard_widge...', 1800, Object(Closure))
#7 D:/Codingan/random/_client_projects/pos_tb_nur/webapp/vendor/laravel/framework/src/Illuminate/Support/Facades/Facade.php(363): Illuminate/Cache/CacheManager->__call('remember', Array)
#8 D:/Codingan/random/_client_projects/pos_tb_nur/webapp/app/Http/Controllers/Web/DashboardController.php(97): Illuminate/Support/Facades/Facade::__callStatic('remember', Array)
#9 D:/Codingan/random/_client_projects/pos_tb_nur/webapp/vendor/laravel/framework/src/Illuminate/Routing/ControllerDispatcher.php(46): App/Http/Controllers/Web/DashboardController->getSingleWidgetData(Object(Illuminate/Http/Request))
#10 D:/Codingan/random/_client_projects/pos_tb_nur/webapp/vendor/laravel/framework/src/Illuminate/Routing/Route.php(265): Illuminate/Routing/ControllerDispatcher->dispatch(Object(Illuminate/Routing/Route), Object(App/Http/Controllers/Web/DashboardController), 'getSingleWidget...')
#11 D:/Codingan/random/_client_projects/pos_tb_nur/webapp/vendor/laravel/framework/src/Illuminate/Routing/Route.php(211): Illuminate/Routing/Route->runController()
#12 D:/Codingan/random/_client_projects/pos_tb_nur/webapp/vendor/laravel/framework/src/Illuminate/Routing/Router.php(822): Illuminate/Routing/Route->run()
#13 D:/Codingan/random/_client_projects/pos_tb_nur/webapp/vendor/laravel/framework/src/Illuminate/Pipeline/Pipeline.php(180): Illuminate/Routing/Router->Illuminate/Routing/{closure}(Object(Illuminate/Http/Request))
#14 D:/Codingan/random/_client_projects/pos_tb_nur/webapp/app/Http/Middleware/SecureHeaders.php(16): Illuminate/Pipeline/Pipeline->Illuminate/Pipeline/{closure}(Object(Illuminate/Http/Request))
#15 D:/Codingan/random/_client_projects/pos_tb_nur/webapp/vendor/laravel/framework/src/Illuminate/Pipeline/Pipeline.php(219): App/Http/Middleware/SecureHeaders->handle(Object(Illuminate/Http/Request), Object(Closure))
#16 D:/Codingan/random/_client_projects/pos_tb_nur/webapp/vendor/inertiajs/inertia-laravel/src/Middleware.php(138): Illuminate/Pipeline/Pipeline->Illuminate/Pipeline/{closure}(Object(Illuminate/Http/Request))
#17 D:/Codingan/random/_client_projects/pos_tb_nur/webapp/vendor/laravel/framework/src/Illuminate/Pipeline/Pipeline.php(219): Inertia/Middleware->handle(Object(Illuminate/Http/Request), Object(Closure))
#18 D:/Codingan/random/_client_projects/pos_tb_nur/webapp/vendor/laravel/framework/src/Illuminate/Routing/Middleware/SubstituteBindings.php(50): Illuminate/Pipeline/Pipeline->Illuminate/Pipeline/{closure}(Object(Illuminate/Http/Request))
#19 D:/Codingan/random/_client_projects/pos_tb_nur/webapp/vendor/laravel/framework/src/Illuminate/Pipeline/Pipeline.php(219): Illuminate/Routing/Middleware/SubstituteBindings->handle(Object(Illuminate/Http/Request), Object(Closure))
#20 D:/Codingan/random/_client_projects/pos_tb_nur/webapp/vendor/laravel/framework/src/Illuminate/Auth/Middleware/Authenticate.php(63): Illuminate/Pipeline/Pipeline->Illuminate/Pipeline/{closure}(Object(Illuminate/Http/Request))
#21 D:/Codingan/random/_client_projects/pos_tb_nur/webapp/vendor/laravel/framework/src/Illuminate/Pipeline/Pipeline.php(219): Illuminate/Auth/Middleware/Authenticate->handle(Object(Illuminate/Http/Request), Object(Closure))
#22 D:/Codingan/random/_client_projects/pos_tb_nur/webapp/vendor/laravel/framework/src/Illuminate/Foundation/Http/Middleware/VerifyCsrfToken.php(87): Illuminate/Pipeline/Pipeline->Illuminate/Pipeline/{closure}(Object(Illuminate/Http/Request))
#23 D:/Codingan/random/_client_projects/pos_tb_nur/webapp/vendor/laravel/framework/src/Illuminate/Pipeline/Pipeline.php(219): Illuminate/Foundation/Http/Middleware/VerifyCsrfToken->handle(Object(Illuminate/Http/Request), Object(Closure))
#24 D:/Codingan/random/_client_projects/pos_tb_nur/webapp/vendor/laravel/framework/src/Illuminate/View/Middleware/ShareErrorsFromSession.php(48): Illuminate/Pipeline/Pipeline->Illuminate/Pipeline/{closure}(Object(Illuminate/Http/Request))
#25 D:/Codingan/random/_client_projects/pos_tb_nur/webapp/vendor/laravel/framework/src/Illuminate/Pipeline/Pipeline.php(219): Illuminate/View/Middleware/ShareErrorsFromSession->handle(Object(Illuminate/Http/Request), Object(Closure))
#26 D:/Codingan/random/_client_projects/pos_tb_nur/webapp/vendor/laravel/framework/src/Illuminate/Session/Middleware/StartSession.php(120): Illuminate/Pipeline/Pipeline->Illuminate/Pipeline/{closure}(Object(Illuminate/Http/Request))
#27 D:/Codingan/random/_client_projects/pos_tb_nur/webapp/vendor/laravel/framework/src/Illuminate/Session/Middleware/StartSession.php(63): Illuminate/Session/Middleware/StartSession->handleStatefulRequest(Object(Illuminate/Http/Request), Object(Illuminate/Session/Store), Object(Closure))
#28 D:/Codingan/random/_client_projects/pos_tb_nur/webapp/vendor/laravel/framework/src/Illuminate/Pipeline/Pipeline.php(219): Illuminate/Session/Middleware/StartSession->handle(Object(Illuminate/Http/Request), Object(Closure))
#29 D:/Codingan/random/_client_projects/pos_tb_nur/webapp/vendor/laravel/framework/src/Illuminate/Cookie/Middleware/AddQueuedCookiesToResponse.php(36): Illuminate/Pipeline/Pipeline->Illuminate/Pipeline/{closure}(Object(Illuminate/Http/Request))
#30 D:/Codingan/random/_client_projects/pos_tb_nur/webapp/vendor/laravel/framework/src/Illuminate/Pipeline/Pipeline.php(219): Illuminate/Cookie/Middleware/AddQueuedCookiesToResponse->handle(Object(Illuminate/Http/Request), Object(Closure))
#31 D:/Codingan/random/_client_projects/pos_tb_nur/webapp/vendor/laravel/framework/src/Illuminate/Cookie/Middleware/EncryptCookies.php(74): Illuminate/Pipeline/Pipeline->Illuminate/Pipeline/{closure}(Object(Illuminate/Http/Request))
#32 D:/Codingan/random/_client_projects/pos_tb_nur/webapp/vendor/laravel/framework/src/Illuminate/Pipeline/Pipeline.php(219): Illuminate/Cookie/Middleware/EncryptCookies->handle(Object(Illuminate/Http/Request), Object(Closure))
#33 D:/Codingan/random/_client_projects/pos_tb_nur/webapp/vendor/laravel/framework/src/Illuminate/Pipeline/Pipeline.php(137): Illuminate/Pipeline/Pipeline->Illuminate/Pipeline/{closure}(Object(Illuminate/Http/Request))
#34 D:/Codingan/random/_client_projects/pos_tb_nur/webapp/vendor/laravel/framework/src/Illuminate/Routing/Router.php(821): Illuminate/Pipeline/Pipeline->then(Object(Closure))
#35 D:/Codingan/random/_client_projects/pos_tb_nur/webapp/vendor/laravel/framework/src/Illuminate/Routing/Router.php(800): Illuminate/Routing/Router->runRouteWithinStack(Object(Illuminate/Routing/Route), Object(Illuminate/Http/Request))
#36 D:/Codingan/random/_client_projects/pos_tb_nur/webapp/vendor/laravel/framework/src/Illuminate/Routing/Router.php(764): Illuminate/Routing/Router->runRoute(Object(Illuminate/Http/Request), Object(Illuminate/Routing/Route))
#37 D:/Codingan/random/_client_projects/pos_tb_nur/webapp/vendor/laravel/framework/src/Illuminate/Routing/Router.php(753): Illuminate/Routing/Router->dispatchToRoute(Object(Illuminate/Http/Request))
#38 D:/Codingan/random/_client_projects/pos_tb_nur/webapp/vendor/laravel/framework/src/Illuminate/Foundation/Http/Kernel.php(200): Illuminate/Routing/Router->dispatch(Object(Illuminate/Http/Request))
#39 D:/Codingan/random/_client_projects/pos_tb_nur/webapp/vendor/laravel/framework/src/Illuminate/Pipeline/Pipeline.php(180): Illuminate/Foundation/Http/Kernel->Illuminate/Foundation/Http/{closure}(Object(Illuminate/Http/Request))
#40 D:/Codingan/random/_client_projects/pos_tb_nur/webapp/vendor/inertiajs/inertia-laravel/src/Middleware/EnsureGetOnRedirect.php(19): Illuminate/Pipeline/Pipeline->Illuminate/Pipeline/{closure}(Object(Illuminate/Http/Request))
#41 D:/Codingan/random/_client_projects/pos_tb_nur/webapp/vendor/laravel/framework/src/Illuminate/Pipeline/Pipeline.php(219): Inertia/Middleware/EnsureGetOnRedirect->handle(Object(Illuminate/Http/Request), Object(Closure))
#42 D:/Codingan/random/_client_projects/pos_tb_nur/webapp/vendor/laravel/framework/src/Illuminate/Foundation/Http/Middleware/TransformsRequest.php(21): Illuminate/Pipeline/Pipeline->Illuminate/Pipeline/{closure}(Object(Illuminate/Http/Request))
#43 D:/Codingan/random/_client_projects/pos_tb_nur/webapp/vendor/laravel/framework/src/Illuminate/Foundation/Http/Middleware/ConvertEmptyStringsToNull.php(31): Illuminate/Foundation/Http/Middleware/TransformsRequest->handle(Object(Illuminate/Http/Request), Object(Closure))
#44 D:/Codingan/random/_client_projects/pos_tb_nur/webapp/vendor/laravel/framework/src/Illuminate/Pipeline/Pipeline.php(219): Illuminate/Foundation/Http/Middleware/ConvertEmptyStringsToNull->handle(Object(Illuminate/Http/Request), Object(Closure))
#45 D:/Codingan/random/_client_projects/pos_tb_nur/webapp/vendor/laravel/framework/src/Illuminate/Foundation/Http/Middleware/TransformsRequest.php(21): Illuminate/Pipeline/Pipeline->Illuminate/Pipeline/{closure}(Object(Illuminate/Http/Request))
#46 D:/Codingan/random/_client_projects/pos_tb_nur/webapp/vendor/laravel/framework/src/Illuminate/Foundation/Http/Middleware/TrimStrings.php(51): Illuminate/Foundation/Http/Middleware/TransformsRequest->handle(Object(Illuminate/Http/Request), Object(Closure))
#47 D:/Codingan/random/_client_projects/pos_tb_nur/webapp/vendor/laravel/framework/src/Illuminate/Pipeline/Pipeline.php(219): Illuminate/Foundation/Http/Middleware/TrimStrings->handle(Object(Illuminate/Http/Request), Object(Closure))
#48 D:/Codingan/random/_client_projects/pos_tb_nur/webapp/vendor/laravel/framework/src/Illuminate/Http/Middleware/ValidatePostSize.php(27): Illuminate/Pipeline/Pipeline->Illuminate/Pipeline/{closure}(Object(Illuminate/Http/Request))
#49 D:/Codingan/random/_client_projects/pos_tb_nur/webapp/vendor/laravel/framework/src/Illuminate/Pipeline/Pipeline.php(219): Illuminate/Http/Middleware/ValidatePostSize->handle(Object(Illuminate/Http/Request), Object(Closure))
#50 D:/Codingan/random/_client_projects/pos_tb_nur/webapp/vendor/laravel/framework/src/Illuminate/Foundation/Http/Middleware/PreventRequestsDuringMaintenance.php(109): Illuminate/Pipeline/Pipeline->Illuminate/Pipeline/{closure}(Object(Illuminate/Http/Request))
#51 D:/Codingan/random/_client_projects/pos_tb_nur/webapp/vendor/laravel/framework/src/Illuminate/Pipeline/Pipeline.php(219): Illuminate/Foundation/Http/Middleware/PreventRequestsDuringMaintenance->handle(Object(Illuminate/Http/Request), Object(Closure))
#52 D:/Codingan/random/_client_projects/pos_tb_nur/webapp/vendor/laravel/framework/src/Illuminate/Http/Middleware/HandleCors.php(74): Illuminate/Pipeline/Pipeline->Illuminate/Pipeline/{closure}(Object(Illuminate/Http/Request))
#53 D:/Codingan/random/_client_projects/pos_tb_nur/webapp/vendor/laravel/framework/src/Illuminate/Pipeline/Pipeline.php(219): Illuminate/Http/Middleware/HandleCors->handle(Object(Illuminate/Http/Request), Object(Closure))
#54 D:/Codingan/random/_client_projects/pos_tb_nur/webapp/vendor/laravel/framework/src/Illuminate/Http/Middleware/TrustProxies.php(58): Illuminate/Pipeline/Pipeline->Illuminate/Pipeline/{closure}(Object(Illuminate/Http/Request))
#55 D:/Codingan/random/_client_projects/pos_tb_nur/webapp/vendor/laravel/framework/src/Illuminate/Pipeline/Pipeline.php(219): Illuminate/Http/Middleware/TrustProxies->handle(Object(Illuminate/Http/Request), Object(Closure))
#56 D:/Codingan/random/_client_projects/pos_tb_nur/webapp/vendor/laravel/framework/src/Illuminate/Foundation/Http/Middleware/InvokeDeferredCallbacks.php(22): Illuminate/Pipeline/Pipeline->Illuminate/Pipeline/{closure}(Object(Illuminate/Http/Request))
#57 D:/Codingan/random/_client_projects/pos_tb_nur/webapp/vendor/laravel/framework/src/Illuminate/Pipeline/Pipeline.php(219): Illuminate/Foundation/Http/Middleware/InvokeDeferredCallbacks->handle(Object(Illuminate/Http/Request), Object(Closure))
#58 D:/Codingan/random/_client_projects/pos_tb_nur/webapp/vendor/laravel/framework/src/Illuminate/Http/Middleware/ValidatePathEncoding.php(26): Illuminate/Pipeline/Pipeline->Illuminate/Pipeline/{closure}(Object(Illuminate/Http/Request))
#59 D:/Codingan/random/_client_projects/pos_tb_nur/webapp/vendor/laravel/framework/src/Illuminate/Pipeline/Pipeline.php(219): Illuminate/Http/Middleware/ValidatePathEncoding->handle(Object(Illuminate/Http/Request), Object(Closure))
#60 D:/Codingan/random/_client_projects/pos_tb_nur/webapp/vendor/laravel/framework/src/Illuminate/Pipeline/Pipeline.php(137): Illuminate/Pipeline/Pipeline->Illuminate/Pipeline/{closure}(Object(Illuminate/Http/Request))
#61 D:/Codingan/random/_client_projects/pos_tb_nur/webapp/vendor/laravel/framework/src/Illuminate/Foundation/Http/Kernel.php(175): Illuminate/Pipeline/Pipeline->then(Object(Closure))
#62 D:/Codingan/random/_client_projects/pos_tb_nur/webapp/vendor/laravel/framework/src/Illuminate/Foundation/Http/Kernel.php(144): Illuminate/Foundation/Http/Kernel->sendRequestThroughRouter(Object(Illuminate/Http/Request))
#63 C:/Users/Zaki/.gemini/antigravity/brain/e9950d0a-ba1e-40f8-8965-e347efbc2a15/scratch/test_widgets_endpoint.php(25): Illuminate/Foundation/Http/Kernel->handle(Object(Illuminate/Http/Request))
#64 C:/Users/Zaki/.gemini/antigravity/brain/e9950d0a-ba1e-40f8-8965-e347efbc2a15/scratch/test_widgets_endpoint.php(42): testReq('/api/workspace/...', Array)
#65 {main}
"} 
[2026-08-12 20:43:29] local.ERROR: Undefined variable $profitMargin {"userId":1,"exception":"[object] (ErrorException(code: 0): Undefined variable $profitMargin at D:/Codingan/random/_client_projects/pos_tb_nur/webapp/app/Support/Presentation/DashboardBlueprintProvider.php:157)
[stacktrace]
#0 D:/Codingan/random/_client_projects/pos_tb_nur/webapp/vendor/laravel/framework/src/Illuminate/Foundation/Bootstrap/HandleExceptions.php(258): Illuminate/Foundation/Bootstrap/HandleExceptions->handleError(2, 'Undefined varia...', 'D://Codingan//ran...', 157)
#1 D:/Codingan/random/_client_projects/pos_tb_nur/webapp/app/Support/Presentation/DashboardBlueprintProvider.php(157): Illuminate/Foundation/Bootstrap/HandleExceptions->Illuminate/Foundation/Bootstrap/{closure}(2, 'Undefined varia...', 'D://Codingan//ran...', 157)
#2 D:/Codingan/random/_client_projects/pos_tb_nur/webapp/app/Support/Presentation/PosBlueprint.php(185): App/Support/Presentation/DashboardBlueprintProvider::get(Array, Array, true, '2026-08-12')
#3 D:/Codingan/random/_client_projects/pos_tb_nur/webapp/app/Support/Presentation/PosBlueprint.php(110): App/Support/Presentation/PosBlueprint::sampleDashboard(Array, Array, true, '2026-08-12')
#4 D:/Codingan/random/_client_projects/pos_tb_nur/webapp/app/Http/Controllers/Web/DashboardController.php(101): App/Support/Presentation/PosBlueprint::forDashboard('retail', Array, Array, true, '2026-08-12')
#5 D:/Codingan/random/_client_projects/pos_tb_nur/webapp/vendor/laravel/framework/src/Illuminate/Cache/Repository.php(564): App/Http/Controllers/Web/DashboardController->App/Http/Controllers/Web/{closure}()
#6 D:/Codingan/random/_client_projects/pos_tb_nur/webapp/vendor/laravel/framework/src/Illuminate/Cache/CacheManager.php(558): Illuminate/Cache/Repository->remember('dashboard_widge...', 1800, Object(Closure))
#7 D:/Codingan/random/_client_projects/pos_tb_nur/webapp/vendor/laravel/framework/src/Illuminate/Support/Facades/Facade.php(363): Illuminate/Cache/CacheManager->__call('remember', Array)
#8 D:/Codingan/random/_client_projects/pos_tb_nur/webapp/app/Http/Controllers/Web/DashboardController.php(97): Illuminate/Support/Facades/Facade::__callStatic('remember', Array)
#9 D:/Codingan/random/_client_projects/pos_tb_nur/webapp/vendor/laravel/framework/src/Illuminate/Routing/ControllerDispatcher.php(46): App/Http/Controllers/Web/DashboardController->getSingleWidgetData(Object(Illuminate/Http/Request))
#10 D:/Codingan/random/_client_projects/pos_tb_nur/webapp/vendor/laravel/framework/src/Illuminate/Routing/Route.php(265): Illuminate/Routing/ControllerDispatcher->dispatch(Object(Illuminate/Routing/Route), Object(App/Http/Controllers/Web/DashboardController), 'getSingleWidget...')
#11 D:/Codingan/random/_client_projects/pos_tb_nur/webapp/vendor/laravel/framework/src/Illuminate/Routing/Route.php(211): Illuminate/Routing/Route->runController()
#12 D:/Codingan/random/_client_projects/pos_tb_nur/webapp/vendor/laravel/framework/src/Illuminate/Routing/Router.php(822): Illuminate/Routing/Route->run()
#13 D:/Codingan/random/_client_projects/pos_tb_nur/webapp/vendor/laravel/framework/src/Illuminate/Pipeline/Pipeline.php(180): Illuminate/Routing/Router->Illuminate/Routing/{closure}(Object(Illuminate/Http/Request))
#14 D:/Codingan/random/_client_projects/pos_tb_nur/webapp/app/Http/Middleware/SecureHeaders.php(16): Illuminate/Pipeline/Pipeline->Illuminate/Pipeline/{closure}(Object(Illuminate/Http/Request))
#15 D:/Codingan/random/_client_projects/pos_tb_nur/webapp/vendor/laravel/framework/src/Illuminate/Pipeline/Pipeline.php(219): App/Http/Middleware/SecureHeaders->handle(Object(Illuminate/Http/Request), Object(Closure))
#16 D:/Codingan/random/_client_projects/pos_tb_nur/webapp/vendor/inertiajs/inertia-laravel/src/Middleware.php(138): Illuminate/Pipeline/Pipeline->Illuminate/Pipeline/{closure}(Object(Illuminate/Http/Request))
#17 D:/Codingan/random/_client_projects/pos_tb_nur/webapp/vendor/laravel/framework/src/Illuminate/Pipeline/Pipeline.php(219): Inertia/Middleware->handle(Object(Illuminate/Http/Request), Object(Closure))
#18 D:/Codingan/random/_client_projects/pos_tb_nur/webapp/vendor/laravel/framework/src/Illuminate/Routing/Middleware/SubstituteBindings.php(50): Illuminate/Pipeline/Pipeline->Illuminate/Pipeline/{closure}(Object(Illuminate/Http/Request))
#19 D:/Codingan/random/_client_projects/pos_tb_nur/webapp/vendor/laravel/framework/src/Illuminate/Pipeline/Pipeline.php(219): Illuminate/Routing/Middleware/SubstituteBindings->handle(Object(Illuminate/Http/Request), Object(Closure))
#20 D:/Codingan/random/_client_projects/pos_tb_nur/webapp/vendor/laravel/framework/src/Illuminate/Auth/Middleware/Authenticate.php(63): Illuminate/Pipeline/Pipeline->Illuminate/Pipeline/{closure}(Object(Illuminate/Http/Request))
#21 D:/Codingan/random/_client_projects/pos_tb_nur/webapp/vendor/laravel/framework/src/Illuminate/Pipeline/Pipeline.php(219): Illuminate/Auth/Middleware/Authenticate->handle(Object(Illuminate/Http/Request), Object(Closure))
#22 D:/Codingan/random/_client_projects/pos_tb_nur/webapp/vendor/laravel/framework/src/Illuminate/Foundation/Http/Middleware/VerifyCsrfToken.php(87): Illuminate/Pipeline/Pipeline->Illuminate/Pipeline/{closure}(Object(Illuminate/Http/Request))
#23 D:/Codingan/random/_client_projects/pos_tb_nur/webapp/vendor/laravel/framework/src/Illuminate/Pipeline/Pipeline.php(219): Illuminate/Foundation/Http/Middleware/VerifyCsrfToken->handle(Object(Illuminate/Http/Request), Object(Closure))
#24 D:/Codingan/random/_client_projects/pos_tb_nur/webapp/vendor/laravel/framework/src/Illuminate/View/Middleware/ShareErrorsFromSession.php(48): Illuminate/Pipeline/Pipeline->Illuminate/Pipeline/{closure}(Object(Illuminate/Http/Request))
#25 D:/Codingan/random/_client_projects/pos_tb_nur/webapp/vendor/laravel/framework/src/Illuminate/Pipeline/Pipeline.php(219): Illuminate/View/Middleware/ShareErrorsFromSession->handle(Object(Illuminate/Http/Request), Object(Closure))
#26 D:/Codingan/random/_client_projects/pos_tb_nur/webapp/vendor/laravel/framework/src/Illuminate/Session/Middleware/StartSession.php(120): Illuminate/Pipeline/Pipeline->Illuminate/Pipeline/{closure}(Object(Illuminate/Http/Request))
#27 D:/Codingan/random/_client_projects/pos_tb_nur/webapp/vendor/laravel/framework/src/Illuminate/Session/Middleware/StartSession.php(63): Illuminate/Session/Middleware/StartSession->handleStatefulRequest(Object(Illuminate/Http/Request), Object(Illuminate/Session/Store), Object(Closure))
#28 D:/Codingan/random/_client_projects/pos_tb_nur/webapp/vendor/laravel/framework/src/Illuminate/Pipeline/Pipeline.php(219): Illuminate/Session/Middleware/StartSession->handle(Object(Illuminate/Http/Request), Object(Closure))
#29 D:/Codingan/random/_client_projects/pos_tb_nur/webapp/vendor/laravel/framework/src/Illuminate/Cookie/Middleware/AddQueuedCookiesToResponse.php(36): Illuminate/Pipeline/Pipeline->Illuminate/Pipeline/{closure}(Object(Illuminate/Http/Request))
#30 D:/Codingan/random/_client_projects/pos_tb_nur/webapp/vendor/laravel/framework/src/Illuminate/Pipeline/Pipeline.php(219): Illuminate/Cookie/Middleware/AddQueuedCookiesToResponse->handle(Object(Illuminate/Http/Request), Object(Closure))
#31 D:/Codingan/random/_client_projects/pos_tb_nur/webapp/vendor/laravel/framework/src/Illuminate/Cookie/Middleware/EncryptCookies.php(74): Illuminate/Pipeline/Pipeline->Illuminate/Pipeline/{closure}(Object(Illuminate/Http/Request))
#32 D:/Codingan/random/_client_projects/pos_tb_nur/webapp/vendor/laravel/framework/src/Illuminate/Pipeline/Pipeline.php(219): Illuminate/Cookie/Middleware/EncryptCookies->handle(Object(Illuminate/Http/Request), Object(Closure))
#33 D:/Codingan/random/_client_projects/pos_tb_nur/webapp/vendor/laravel/framework/src/Illuminate/Pipeline/Pipeline.php(137): Illuminate/Pipeline/Pipeline->Illuminate/Pipeline/{closure}(Object(Illuminate/Http/Request))
#34 D:/Codingan/random/_client_projects/pos_tb_nur/webapp/vendor/laravel/framework/src/Illuminate/Routing/Router.php(821): Illuminate/Pipeline/Pipeline->then(Object(Closure))
#35 D:/Codingan/random/_client_projects/pos_tb_nur/webapp/vendor/laravel/framework/src/Illuminate/Routing/Router.php(800): Illuminate/Routing/Router->runRouteWithinStack(Object(Illuminate/Routing/Route), Object(Illuminate/Http/Request))
#36 D:/Codingan/random/_client_projects/pos_tb_nur/webapp/vendor/laravel/framework/src/Illuminate/Routing/Router.php(764): Illuminate/Routing/Router->runRoute(Object(Illuminate/Http/Request), Object(Illuminate/Routing/Route))
#37 D:/Codingan/random/_client_projects/pos_tb_nur/webapp/vendor/laravel/framework/src/Illuminate/Routing/Router.php(753): Illuminate/Routing/Router->dispatchToRoute(Object(Illuminate/Http/Request))
#38 D:/Codingan/random/_client_projects/pos_tb_nur/webapp/vendor/laravel/framework/src/Illuminate/Foundation/Http/Kernel.php(200): Illuminate/Routing/Router->dispatch(Object(Illuminate/Http/Request))
#39 D:/Codingan/random/_client_projects/pos_tb_nur/webapp/vendor/laravel/framework/src/Illuminate/Pipeline/Pipeline.php(180): Illuminate/Foundation/Http/Kernel->Illuminate/Foundation/Http/{closure}(Object(Illuminate/Http/Request))
#40 D:/Codingan/random/_client_projects/pos_tb_nur/webapp/vendor/inertiajs/inertia-laravel/src/Middleware/EnsureGetOnRedirect.php(19): Illuminate/Pipeline/Pipeline->Illuminate/Pipeline/{closure}(Object(Illuminate/Http/Request))
#41 D:/Codingan/random/_client_projects/pos_tb_nur/webapp/vendor/laravel/framework/src/Illuminate/Pipeline/Pipeline.php(219): Inertia/Middleware/EnsureGetOnRedirect->handle(Object(Illuminate/Http/Request), Object(Closure))
#42 D:/Codingan/random/_client_projects/pos_tb_nur/webapp/vendor/laravel/framework/src/Illuminate/Foundation/Http/Middleware/TransformsRequest.php(21): Illuminate/Pipeline/Pipeline->Illuminate/Pipeline/{closure}(Object(Illuminate/Http/Request))
#43 D:/Codingan/random/_client_projects/pos_tb_nur/webapp/vendor/laravel/framework/src/Illuminate/Foundation/Http/Middleware/ConvertEmptyStringsToNull.php(31): Illuminate/Foundation/Http/Middleware/TransformsRequest->handle(Object(Illuminate/Http/Request), Object(Closure))
#44 D:/Codingan/random/_client_projects/pos_tb_nur/webapp/vendor/laravel/framework/src/Illuminate/Pipeline/Pipeline.php(219): Illuminate/Foundation/Http/Middleware/ConvertEmptyStringsToNull->handle(Object(Illuminate/Http/Request), Object(Closure))
#45 D:/Codingan/random/_client_projects/pos_tb_nur/webapp/vendor/laravel/framework/src/Illuminate/Foundation/Http/Middleware/TransformsRequest.php(21): Illuminate/Pipeline/Pipeline->Illuminate/Pipeline/{closure}(Object(Illuminate/Http/Request))
#46 D:/Codingan/random/_client_projects/pos_tb_nur/webapp/vendor/laravel/framework/src/Illuminate/Foundation/Http/Middleware/TrimStrings.php(51): Illuminate/Foundation/Http/Middleware/TransformsRequest->handle(Object(Illuminate/Http/Request), Object(Closure))
#47 D:/Codingan/random/_client_projects/pos_tb_nur/webapp/vendor/laravel/framework/src/Illuminate/Pipeline/Pipeline.php(219): Illuminate/Foundation/Http/Middleware/TrimStrings->handle(Object(Illuminate/Http/Request), Object(Closure))
#48 D:/Codingan/random/_client_projects/pos_tb_nur/webapp/vendor/laravel/framework/src/Illuminate/Http/Middleware/ValidatePostSize.php(27): Illuminate/Pipeline/Pipeline->Illuminate/Pipeline/{closure}(Object(Illuminate/Http/Request))
#49 D:/Codingan/random/_client_projects/pos_tb_nur/webapp/vendor/laravel/framework/src/Illuminate/Pipeline/Pipeline.php(219): Illuminate/Http/Middleware/ValidatePostSize->handle(Object(Illuminate/Http/Request), Object(Closure))
#50 D:/Codingan/random/_client_projects/pos_tb_nur/webapp/vendor/laravel/framework/src/Illuminate/Foundation/Http/Middleware/PreventRequestsDuringMaintenance.php(109): Illuminate/Pipeline/Pipeline->Illuminate/Pipeline/{closure}(Object(Illuminate/Http/Request))
#51 D:/Codingan/random/_client_projects/pos_tb_nur/webapp/vendor/laravel/framework/src/Illuminate/Pipeline/Pipeline.php(219): Illuminate/Foundation/Http/Middleware/PreventRequestsDuringMaintenance->handle(Object(Illuminate/Http/Request), Object(Closure))
#52 D:/Codingan/random/_client_projects/pos_tb_nur/webapp/vendor/laravel/framework/src/Illuminate/Http/Middleware/HandleCors.php(74): Illuminate/Pipeline/Pipeline->Illuminate/Pipeline/{closure}(Object(Illuminate/Http/Request))
#53 D:/Codingan/random/_client_projects/pos_tb_nur/webapp/vendor/laravel/framework/src/Illuminate/Pipeline/Pipeline.php(219): Illuminate/Http/Middleware/HandleCors->handle(Object(Illuminate/Http/Request), Object(Closure))
#54 D:/Codingan/random/_client_projects/pos_tb_nur/webapp/vendor/laravel/framework/src/Illuminate/Http/Middleware/TrustProxies.php(58): Illuminate/Pipeline/Pipeline->Illuminate/Pipeline/{closure}(Object(Illuminate/Http/Request))
#55 D:/Codingan/random/_client_projects/pos_tb_nur/webapp/vendor/laravel/framework/src/Illuminate/Pipeline/Pipeline.php(219): Illuminate/Http/Middleware/TrustProxies->handle(Object(Illuminate/Http/Request), Object(Closure))
#56 D:/Codingan/random/_client_projects/pos_tb_nur/webapp/vendor/laravel/framework/src/Illuminate/Foundation/Http/Middleware/InvokeDeferredCallbacks.php(22): Illuminate/Pipeline/Pipeline->Illuminate/Pipeline/{closure}(Object(Illuminate/Http/Request))
#57 D:/Codingan/random/_client_projects/pos_tb_nur/webapp/vendor/laravel/framework/src/Illuminate/Pipeline/Pipeline.php(219): Illuminate/Foundation/Http/Middleware/InvokeDeferredCallbacks->handle(Object(Illuminate/Http/Request), Object(Closure))
#58 D:/Codingan/random/_client_projects/pos_tb_nur/webapp/vendor/laravel/framework/src/Illuminate/Http/Middleware/ValidatePathEncoding.php(26): Illuminate/Pipeline/Pipeline->Illuminate/Pipeline/{closure}(Object(Illuminate/Http/Request))
#59 D:/Codingan/random/_client_projects/pos_tb_nur/webapp/vendor/laravel/framework/src/Illuminate/Pipeline/Pipeline.php(219): Illuminate/Http/Middleware/ValidatePathEncoding->handle(Object(Illuminate/Http/Request), Object(Closure))
#60 D:/Codingan/random/_client_projects/pos_tb_nur/webapp/vendor/laravel/framework/src/Illuminate/Pipeline/Pipeline.php(137): Illuminate/Pipeline/Pipeline->Illuminate/Pipeline/{closure}(Object(Illuminate/Http/Request))
#61 D:/Codingan/random/_client_projects/pos_tb_nur/webapp/vendor/laravel/framework/src/Illuminate/Foundation/Http/Kernel.php(175): Illuminate/Pipeline/Pipeline->then(Object(Closure))
#62 D:/Codingan/random/_client_projects/pos_tb_nur/webapp/vendor/laravel/framework/src/Illuminate/Foundation/Http/Kernel.php(144): Illuminate/Foundation/Http/Kernel->sendRequestThroughRouter(Object(Illuminate/Http/Request))
#63 C:/Users/Zaki/.gemini/antigravity/brain/e9950d0a-ba1e-40f8-8965-e347efbc2a15/scratch/test_widgets_endpoint.php(25): Illuminate/Foundation/Http/Kernel->handle(Object(Illuminate/Http/Request))
#64 C:/Users/Zaki/.gemini/antigravity/brain/e9950d0a-ba1e-40f8-8965-e347efbc2a15/scratch/test_widgets_endpoint.php(43): testReq('/api/workspace/...', Array)
#65 {main}
"} 
[2026-08-12 20:44:22] testing.ERROR: forced failure {"exception":"[object] (RuntimeException(code: 0): forced failure at D:/Codingan/random/_client_projects/pos_tb_nur/webapp/tests/Feature/ErrorPageTest.php:35)
[stacktrace]
#0 D:/Codingan/random/_client_projects/pos_tb_nur/webapp/vendor/laravel/framework/src/Illuminate/Routing/CallableDispatcher.php(39): Tests/Feature/ErrorPageTest->Tests/Feature/{closure}()
#1 D:/Codingan/random/_client_projects/pos_tb_nur/webapp/vendor/laravel/framework/src/Illuminate/Routing/Route.php(243): Illuminate/Routing/CallableDispatcher->dispatch(Object(Illuminate/Routing/Route), Object(Closure))
#2 D:/Codingan/random/_client_projects/pos_tb_nur/webapp/vendor/laravel/framework/src/Illuminate/Routing/Route.php(214): Illuminate/Routing/Route->runCallable()
#3 D:/Codingan/random/_client_projects/pos_tb_nur/webapp/vendor/laravel/framework/src/Illuminate/Routing/Router.php(822): Illuminate/Routing/Route->run()
#4 D:/Codingan/random/_client_projects/pos_tb_nur/webapp/vendor/laravel/framework/src/Illuminate/Pipeline/Pipeline.php(180): Illuminate/Routing/Router->Illuminate/Routing/{closure}(Object(Illuminate/Http/Request))
#5 D:/Codingan/random/_client_projects/pos_tb_nur/webapp/app/Http/Middleware/SecureHeaders.php(16): Illuminate/Pipeline/Pipeline->Illuminate/Pipeline/{closure}(Object(Illuminate/Http/Request))
#6 D:/Codingan/random/_client_projects/pos_tb_nur/webapp/vendor/laravel/framework/src/Illuminate/Pipeline/Pipeline.php(219): App/Http/Middleware/SecureHeaders->handle(Object(Illuminate/Http/Request), Object(Closure))
#7 D:/Codingan/random/_client_projects/pos_tb_nur/webapp/vendor/inertiajs/inertia-laravel/src/Middleware.php(138): Illuminate/Pipeline/Pipeline->Illuminate/Pipeline/{closure}(Object(Illuminate/Http/Request))
#8 D:/Codingan/random/_client_projects/pos_tb_nur/webapp/vendor/laravel/framework/src/Illuminate/Pipeline/Pipeline.php(219): Inertia/Middleware->handle(Object(Illuminate/Http/Request), Object(Closure))
#9 D:/Codingan/random/_client_projects/pos_tb_nur/webapp/vendor/laravel/framework/src/Illuminate/Routing/Middleware/SubstituteBindings.php(50): Illuminate/Pipeline/Pipeline->Illuminate/Pipeline/{closure}(Object(Illuminate/Http/Request))
#10 D:/Codingan/random/_client_projects/pos_tb_nur/webapp/vendor/laravel/framework/src/Illuminate/Pipeline/Pipeline.php(219): Illuminate/Routing/Middleware/SubstituteBindings->handle(Object(Illuminate/Http/Request), Object(Closure))
#11 D:/Codingan/random/_client_projects/pos_tb_nur/webapp/vendor/laravel/framework/src/Illuminate/Foundation/Http/Middleware/VerifyCsrfToken.php(87): Illuminate/Pipeline/Pipeline->Illuminate/Pipeline/{closure}(Object(Illuminate/Http/Request))
#12 D:/Codingan/random/_client_projects/pos_tb_nur/webapp/vendor/laravel/framework/src/Illuminate/Pipeline/Pipeline.php(219): Illuminate/Foundation/Http/Middleware/VerifyCsrfToken->handle(Object(Illuminate/Http/Request), Object(Closure))
#13 D:/Codingan/random/_client_projects/pos_tb_nur/webapp/vendor/laravel/framework/src/Illuminate/View/Middleware/ShareErrorsFromSession.php(48): Illuminate/Pipeline/Pipeline->Illuminate/Pipeline/{closure}(Object(Illuminate/Http/Request))
#14 D:/Codingan/random/_client_projects/pos_tb_nur/webapp/vendor/laravel/framework/src/Illuminate/Pipeline/Pipeline.php(219): Illuminate/View/Middleware/ShareErrorsFromSession->handle(Object(Illuminate/Http/Request), Object(Closure))
#15 D:/Codingan/random/_client_projects/pos_tb_nur/webapp/vendor/laravel/framework/src/Illuminate/Session/Middleware/StartSession.php(120): Illuminate/Pipeline/Pipeline->Illuminate/Pipeline/{closure}(Object(Illuminate/Http/Request))
#16 D:/Codingan/random/_client_projects/pos_tb_nur/webapp/vendor/laravel/framework/src/Illuminate/Session/Middleware/StartSession.php(63): Illuminate/Session/Middleware/StartSession->handleStatefulRequest(Object(Illuminate/Http/Request), Object(Illuminate/Session/Store), Object(Closure))
#17 D:/Codingan/random/_client_projects/pos_tb_nur/webapp/vendor/laravel/framework/src/Illuminate/Pipeline/Pipeline.php(219): Illuminate/Session/Middleware/StartSession->handle(Object(Illuminate/Http/Request), Object(Closure))
#18 D:/Codingan/random/_client_projects/pos_tb_nur/webapp/vendor/laravel/framework/src/Illuminate/Cookie/Middleware/AddQueuedCookiesToResponse.php(36): Illuminate/Pipeline/Pipeline->Illuminate/Pipeline/{closure}(Object(Illuminate/Http/Request))
#19 D:/Codingan/random/_client_projects/pos_tb_nur/webapp/vendor/laravel/framework/src/Illuminate/Pipeline/Pipeline.php(219): Illuminate/Cookie/Middleware/AddQueuedCookiesToResponse->handle(Object(Illuminate/Http/Request), Object(Closure))
#20 D:/Codingan/random/_client_projects/pos_tb_nur/webapp/vendor/laravel/framework/src/Illuminate/Cookie/Middleware/EncryptCookies.php(74): Illuminate/Pipeline/Pipeline->Illuminate/Pipeline/{closure}(Object(Illuminate/Http/Request))
#21 D:/Codingan/random/_client_projects/pos_tb_nur/webapp/vendor/laravel/framework/src/Illuminate/Pipeline/Pipeline.php(219): Illuminate/Cookie/Middleware/EncryptCookies->handle(Object(Illuminate/Http/Request), Object(Closure))
#22 D:/Codingan/random/_client_projects/pos_tb_nur/webapp/vendor/laravel/framework/src/Illuminate/Pipeline/Pipeline.php(137): Illuminate/Pipeline/Pipeline->Illuminate/Pipeline/{closure}(Object(Illuminate/Http/Request))
#23 D:/Codingan/random/_client_projects/pos_tb_nur/webapp/vendor/laravel/framework/src/Illuminate/Routing/Router.php(821): Illuminate/Pipeline/Pipeline->then(Object(Closure))
#24 D:/Codingan/random/_client_projects/pos_tb_nur/webapp/vendor/laravel/framework/src/Illuminate/Routing/Router.php(800): Illuminate/Routing/Router->runRouteWithinStack(Object(Illuminate/Routing/Route), Object(Illuminate/Http/Request))
#25 D:/Codingan/random/_client_projects/pos_tb_nur/webapp/vendor/laravel/framework/src/Illuminate/Routing/Router.php(764): Illuminate/Routing/Router->runRoute(Object(Illuminate/Http/Request), Object(Illuminate/Routing/Route))
#26 D:/Codingan/random/_client_projects/pos_tb_nur/webapp/vendor/laravel/framework/src/Illuminate/Routing/Router.php(753): Illuminate/Routing/Router->dispatchToRoute(Object(Illuminate/Http/Request))
#27 D:/Codingan/random/_client_projects/pos_tb_nur/webapp/vendor/laravel/framework/src/Illuminate/Foundation/Http/Kernel.php(200): Illuminate/Routing/Router->dispatch(Object(Illuminate/Http/Request))
#28 D:/Codingan/random/_client_projects/pos_tb_nur/webapp/vendor/laravel/framework/src/Illuminate/Pipeline/Pipeline.php(180): Illuminate/Foundation/Http/Kernel->Illuminate/Foundation/Http/{closure}(Object(Illuminate/Http/Request))
#29 D:/Codingan/random/_client_projects/pos_tb_nur/webapp/vendor/inertiajs/inertia-laravel/src/Middleware/EnsureGetOnRedirect.php(19): Illuminate/Pipeline/Pipeline->Illuminate/Pipeline/{closure}(Object(Illuminate/Http/Request))
#30 D:/Codingan/random/_client_projects/pos_tb_nur/webapp/vendor/laravel/framework/src/Illuminate/Pipeline/Pipeline.php(219): Inertia/Middleware/EnsureGetOnRedirect->handle(Object(Illuminate/Http/Request), Object(Closure))
#31 D:/Codingan/random/_client_projects/pos_tb_nur/webapp/vendor/laravel/framework/src/Illuminate/Foundation/Http/Middleware/TransformsRequest.php(21): Illuminate/Pipeline/Pipeline->Illuminate/Pipeline/{closure}(Object(Illuminate/Http/Request))
#32 D:/Codingan/random/_client_projects/pos_tb_nur/webapp/vendor/laravel/framework/src/Illuminate/Foundation/Http/Middleware/ConvertEmptyStringsToNull.php(31): Illuminate/Foundation/Http/Middleware/TransformsRequest->handle(Object(Illuminate/Http/Request), Object(Closure))
#33 D:/Codingan/random/_client_projects/pos_tb_nur/webapp/vendor/laravel/framework/src/Illuminate/Pipeline/Pipeline.php(219): Illuminate/Foundation/Http/Middleware/ConvertEmptyStringsToNull->handle(Object(Illuminate/Http/Request), Object(Closure))
#34 D:/Codingan/random/_client_projects/pos_tb_nur/webapp/vendor/laravel/framework/src/Illuminate/Foundation/Http/Middleware/TransformsRequest.php(21): Illuminate/Pipeline/Pipeline->Illuminate/Pipeline/{closure}(Object(Illuminate/Http/Request))
#35 D:/Codingan/random/_client_projects/pos_tb_nur/webapp/vendor/laravel/framework/src/Illuminate/Foundation/Http/Middleware/TrimStrings.php(51): Illuminate/Foundation/Http/Middleware/TransformsRequest->handle(Object(Illuminate/Http/Request), Object(Closure))
#36 D:/Codingan/random/_client_projects/pos_tb_nur/webapp/vendor/laravel/framework/src/Illuminate/Pipeline/Pipeline.php(219): Illuminate/Foundation/Http/Middleware/TrimStrings->handle(Object(Illuminate/Http/Request), Object(Closure))
#37 D:/Codingan/random/_client_projects/pos_tb_nur/webapp/vendor/laravel/framework/src/Illuminate/Http/Middleware/ValidatePostSize.php(27): Illuminate/Pipeline/Pipeline->Illuminate/Pipeline/{closure}(Object(Illuminate/Http/Request))
#38 D:/Codingan/random/_client_projects/pos_tb_nur/webapp/vendor/laravel/framework/src/Illuminate/Pipeline/Pipeline.php(219): Illuminate/Http/Middleware/ValidatePostSize->handle(Object(Illuminate/Http/Request), Object(Closure))
#39 D:/Codingan/random/_client_projects/pos_tb_nur/webapp/vendor/laravel/framework/src/Illuminate/Foundation/Http/Middleware/PreventRequestsDuringMaintenance.php(109): Illuminate/Pipeline/Pipeline->Illuminate/Pipeline/{closure}(Object(Illuminate/Http/Request))
#40 D:/Codingan/random/_client_projects/pos_tb_nur/webapp/vendor/laravel/framework/src/Illuminate/Pipeline/Pipeline.php(219): Illuminate/Foundation/Http/Middleware/PreventRequestsDuringMaintenance->handle(Object(Illuminate/Http/Request), Object(Closure))
#41 D:/Codingan/random/_client_projects/pos_tb_nur/webapp/vendor/laravel/framework/src/Illuminate/Http/Middleware/HandleCors.php(61): Illuminate/Pipeline/Pipeline->Illuminate/Pipeline/{closure}(Object(Illuminate/Http/Request))
#42 D:/Codingan/random/_client_projects/pos_tb_nur/webapp/vendor/laravel/framework/src/Illuminate/Pipeline/Pipeline.php(219): Illuminate/Http/Middleware/HandleCors->handle(Object(Illuminate/Http/Request), Object(Closure))
#43 D:/Codingan/random/_client_projects/pos_tb_nur/webapp/vendor/laravel/framework/src/Illuminate/Http/Middleware/TrustProxies.php(58): Illuminate/Pipeline/Pipeline->Illuminate/Pipeline/{closure}(Object(Illuminate/Http/Request))
#44 D:/Codingan/random/_client_projects/pos_tb_nur/webapp/vendor/laravel/framework/src/Illuminate/Pipeline/Pipeline.php(219): Illuminate/Http/Middleware/TrustProxies->handle(Object(Illuminate/Http/Request), Object(Closure))
#45 D:/Codingan/random/_client_projects/pos_tb_nur/webapp/vendor/laravel/framework/src/Illuminate/Foundation/Http/Middleware/InvokeDeferredCallbacks.php(22): Illuminate/Pipeline/Pipeline->Illuminate/Pipeline/{closure}(Object(Illuminate/Http/Request))
#46 D:/Codingan/random/_client_projects/pos_tb_nur/webapp/vendor/laravel/framework/src/Illuminate/Pipeline/Pipeline.php(219): Illuminate/Foundation/Http/Middleware/InvokeDeferredCallbacks->handle(Object(Illuminate/Http/Request), Object(Closure))
#47 D:/Codingan/random/_client_projects/pos_tb_nur/webapp/vendor/laravel/framework/src/Illuminate/Http/Middleware/ValidatePathEncoding.php(26): Illuminate/Pipeline/Pipeline->Illuminate/Pipeline/{closure}(Object(Illuminate/Http/Request))
#48 D:/Codingan/random/_client_projects/pos_tb_nur/webapp/vendor/laravel/framework/src/Illuminate/Pipeline/Pipeline.php(219): Illuminate/Http/Middleware/ValidatePathEncoding->handle(Object(Illuminate/Http/Request), Object(Closure))
#49 D:/Codingan/random/_client_projects/pos_tb_nur/webapp/vendor/laravel/framework/src/Illuminate/Pipeline/Pipeline.php(137): Illuminate/Pipeline/Pipeline->Illuminate/Pipeline/{closure}(Object(Illuminate/Http/Request))
#50 D:/Codingan/random/_client_projects/pos_tb_nur/webapp/vendor/laravel/framework/src/Illuminate/Foundation/Http/Kernel.php(175): Illuminate/Pipeline/Pipeline->then(Object(Closure))
#51 D:/Codingan/random/_client_projects/pos_tb_nur/webapp/vendor/laravel/framework/src/Illuminate/Foundation/Http/Kernel.php(144): Illuminate/Foundation/Http/Kernel->sendRequestThroughRouter(Object(Illuminate/Http/Request))
#52 D:/Codingan/random/_client_projects/pos_tb_nur/webapp/vendor/laravel/framework/src/Illuminate/Foundation/Testing/Concerns/MakesHttpRequests.php(607): Illuminate/Foundation/Http/Kernel->handle(Object(Illuminate/Http/Request))
#53 D:/Codingan/random/_client_projects/pos_tb_nur/webapp/vendor/laravel/framework/src/Illuminate/Foundation/Testing/Concerns/MakesHttpRequests.php(368): Illuminate/Foundation/Testing/TestCase->call('GET', '/_test/error-50...', Array, Array, Array, Array)
#54 D:/Codingan/random/_client_projects/pos_tb_nur/webapp/tests/Feature/ErrorPageTest.php(38): Illuminate/Foundation/Testing/TestCase->get('/_test/error-50...')
#55 D:/Codingan/random/_client_projects/pos_tb_nur/webapp/vendor/phpunit/phpunit/src/Framework/TestCase.php(1667): Tests/Feature/ErrorPageTest->test_server_exception_renders_the_friendly_error_page()
#56 D:/Codingan/random/_client_projects/pos_tb_nur/webapp/vendor/phpunit/phpunit/src/Framework/TestCase.php(519): PHPUnit/Framework/TestCase->runTest()
#57 D:/Codingan/random/_client_projects/pos_tb_nur/webapp/vendor/phpunit/phpunit/src/Framework/TestRunner/TestRunner.php(87): PHPUnit/Framework/TestCase->runBare()
#58 D:/Codingan/random/_client_projects/pos_tb_nur/webapp/vendor/phpunit/phpunit/src/Framework/TestCase.php(365): PHPUnit/Framework/TestRunner->run(Object(Tests/Feature/ErrorPageTest))
#59 D:/Codingan/random/_client_projects/pos_tb_nur/webapp/vendor/phpunit/phpunit/src/Framework/TestSuite.php(369): PHPUnit/Framework/TestCase->run()
#60 D:/Codingan/random/_client_projects/pos_tb_nur/webapp/vendor/phpunit/phpunit/src/Framework/TestSuite.php(369): PHPUnit/Framework/TestSuite->run()
#61 D:/Codingan/random/_client_projects/pos_tb_nur/webapp/vendor/phpunit/phpunit/src/Framework/TestSuite.php(369): PHPUnit/Framework/TestSuite->run()
#62 D:/Codingan/random/_client_projects/pos_tb_nur/webapp/vendor/phpunit/phpunit/src/TextUI/TestRunner.php(64): PHPUnit/Framework/TestSuite->run()
#63 D:/Codingan/random/_client_projects/pos_tb_nur/webapp/vendor/phpunit/phpunit/src/TextUI/Application.php(211): PHPUnit/TextUI/TestRunner->run(Object(PHPUnit/TextUI/Configuration/Configuration), Object(PHPUnit/Runner/ResultCache/DefaultResultCache), Object(PHPUnit/Framework/TestSuite))
#64 D:/Codingan/random/_client_projects/pos_tb_nur/webapp/vendor/phpunit/phpunit/phpunit(104): PHPUnit/TextUI/Application->run(Array)
#65 {main}
"} 
